rule,K,d_low,TP,FP,prec,rec,f1,savings,n_params,t_low,t_high,d_high
R1,5,0.02,17,10,0.6296296296296297,0.4358974358974359,0.5151515151515151,0.14166666666666666,1,,,
R1,5,0.03,17,10,0.6296296296296297,0.4358974358974359,0.5151515151515151,0.14166666666666666,1,,,
R1,5,0.04,17,10,0.6296296296296297,0.4358974358974359,0.5151515151515151,0.14166666666666666,1,,,
R1,5,0.05,17,10,0.6296296296296297,0.4358974358974359,0.5151515151515151,0.14166666666666666,1,,,
R1,5,0.06,17,10,0.6296296296296297,0.4358974358974359,0.5151515151515151,0.14166666666666666,1,,,
R1,5,0.07,17,10,0.6296296296296297,0.4358974358974359,0.5151515151515151,0.14166666666666666,1,,,
R1,5,0.08,17,10,0.6296296296296297,0.4358974358974359,0.5151515151515151,0.14166666666666666,1,,,
R1,5,0.09000000000000001,17,10,0.6296296296296297,0.4358974358974359,0.5151515151515151,0.14166666666666666,1,,,
R1,5,0.1,17,10,0.6296296296296297,0.4358974358974359,0.5151515151515151,0.14166666666666666,1,,,
R1,5,0.11,20,11,0.6451612903225806,0.5128205128205128,0.5714285714285714,0.16666666666666666,1,,,
R1,5,0.12000000000000001,20,11,0.6451612903225806,0.5128205128205128,0.5714285714285714,0.16666666666666666,1,,,
R1,5,0.13,20,12,0.625,0.5128205128205128,0.5633802816901409,0.16666666666666666,1,,,
R1,5,0.13999999999999999,20,12,0.625,0.5128205128205128,0.5633802816901409,0.16666666666666666,1,,,
R1,5,0.15,20,13,0.6060606060606061,0.5128205128205128,0.5555555555555556,0.16666666666666666,1,,,
R1,5,0.16,20,15,0.5714285714285714,0.5128205128205128,0.5405405405405405,0.16666666666666666,1,,,
R1,5,0.16999999999999998,20,15,0.5714285714285714,0.5128205128205128,0.5405405405405405,0.16666666666666666,1,,,
R1,5,0.18,21,16,0.5675675675675675,0.5384615384615384,0.5526315789473685,0.175,1,,,
R1,5,0.19,21,16,0.5675675675675675,0.5384615384615384,0.5526315789473685,0.175,1,,,
R1,5,0.19999999999999998,21,17,0.5526315789473685,0.5384615384615384,0.5454545454545455,0.175,1,,,
R1,5,0.21,21,17,0.5526315789473685,0.5384615384615384,0.5454545454545455,0.175,1,,,
R1,5,0.22,21,17,0.5526315789473685,0.5384615384615384,0.5454545454545455,0.175,1,,,
R1,5,0.22999999999999998,21,17,0.5526315789473685,0.5384615384615384,0.5454545454545455,0.175,1,,,
R1,5,0.24,21,18,0.5384615384615384,0.5384615384615384,0.5384615384615384,0.175,1,,,
R1,5,0.25,21,19,0.525,0.5384615384615384,0.5316455696202531,0.175,1,,,
R1,5,0.26,23,23,0.5,0.5897435897435898,0.5411764705882353,0.19166666666666668,1,,,
R1,5,0.27,23,24,0.48936170212765956,0.5897435897435898,0.5348837209302325,0.19166666666666668,1,,,
R1,5,0.28,23,25,0.4791666666666667,0.5897435897435898,0.5287356321839081,0.19166666666666668,1,,,
R1,5,0.29000000000000004,23,25,0.4791666666666667,0.5897435897435898,0.5287356321839081,0.19166666666666668,1,,,
R1,5,0.30000000000000004,23,25,0.4791666666666667,0.5897435897435898,0.5287356321839081,0.19166666666666668,1,,,
R1,5,0.31,23,25,0.4791666666666667,0.5897435897435898,0.5287356321839081,0.19166666666666668,1,,,
R1,5,0.32,23,25,0.4791666666666667,0.5897435897435898,0.5287356321839081,0.19166666666666668,1,,,
R1,5,0.33,24,27,0.47058823529411764,0.6153846153846154,0.5333333333333333,0.2,1,,,
R1,5,0.34,26,30,0.4642857142857143,0.6666666666666666,0.5473684210526316,0.21666666666666667,1,,,
R1,5,0.35000000000000003,26,30,0.4642857142857143,0.6666666666666666,0.5473684210526316,0.21666666666666667,1,,,
R1,5,0.36000000000000004,26,30,0.4642857142857143,0.6666666666666666,0.5473684210526316,0.21666666666666667,1,,,
R1,5,0.37000000000000005,26,30,0.4642857142857143,0.6666666666666666,0.5473684210526316,0.21666666666666667,1,,,
R1,5,0.38,28,31,0.4745762711864407,0.717948717948718,0.5714285714285715,0.23333333333333334,1,,,
R1,5,0.39,28,32,0.4666666666666667,0.717948717948718,0.5656565656565657,0.23333333333333334,1,,,
R1,5,0.4,28,32,0.4666666666666667,0.717948717948718,0.5656565656565657,0.23333333333333334,1,,,
R2,5,,38,59,0.3917525773195876,0.9743589743589743,0.5588235294117646,0.31666666666666665,2,0.0,0.5,
R2,5,,38,59,0.3917525773195876,0.9743589743589743,0.5588235294117646,0.31666666666666665,2,0.0,0.55,
R2,5,,38,59,0.3917525773195876,0.9743589743589743,0.5588235294117646,0.31666666666666665,2,0.0,0.6,
R2,5,,37,59,0.3854166666666667,0.9487179487179487,0.548148148148148,0.30833333333333335,2,0.0,0.65,
R2,5,,37,59,0.3854166666666667,0.9487179487179487,0.548148148148148,0.30833333333333335,2,0.0,0.7,
R2,5,,37,59,0.3854166666666667,0.9487179487179487,0.548148148148148,0.30833333333333335,2,0.0,0.75,
R2,5,,36,59,0.37894736842105264,0.9230769230769231,0.5373134328358209,0.3,2,0.0,0.8,
R2,5,,36,59,0.37894736842105264,0.9230769230769231,0.5373134328358209,0.3,2,0.0,0.8500000000000001,
R2,5,,35,59,0.3723404255319149,0.8974358974358975,0.5263157894736843,0.2916666666666667,2,0.0,0.9,
R2,5,,35,59,0.3723404255319149,0.8974358974358975,0.5263157894736843,0.2916666666666667,2,0.0,0.95,
R2,5,,35,59,0.3723404255319149,0.8974358974358975,0.5263157894736843,0.2916666666666667,2,0.0,1.0,
R2,5,,38,59,0.3917525773195876,0.9743589743589743,0.5588235294117646,0.31666666666666665,2,0.05,0.5,
R2,5,,38,59,0.3917525773195876,0.9743589743589743,0.5588235294117646,0.31666666666666665,2,0.05,0.55,
R2,5,,38,59,0.3917525773195876,0.9743589743589743,0.5588235294117646,0.31666666666666665,2,0.05,0.6,
R2,5,,37,59,0.3854166666666667,0.9487179487179487,0.548148148148148,0.30833333333333335,2,0.05,0.65,
R2,5,,37,59,0.3854166666666667,0.9487179487179487,0.548148148148148,0.30833333333333335,2,0.05,0.7,
R2,5,,37,59,0.3854166666666667,0.9487179487179487,0.548148148148148,0.30833333333333335,2,0.05,0.75,
R2,5,,36,59,0.37894736842105264,0.9230769230769231,0.5373134328358209,0.3,2,0.05,0.8,
R2,5,,36,59,0.37894736842105264,0.9230769230769231,0.5373134328358209,0.3,2,0.05,0.8500000000000001,
R2,5,,35,59,0.3723404255319149,0.8974358974358975,0.5263157894736843,0.2916666666666667,2,0.05,0.9,
R2,5,,35,59,0.3723404255319149,0.8974358974358975,0.5263157894736843,0.2916666666666667,2,0.05,0.95,
R2,5,,35,59,0.3723404255319149,0.8974358974358975,0.5263157894736843,0.2916666666666667,2,0.05,1.0,
R2,5,,38,59,0.3917525773195876,0.9743589743589743,0.5588235294117646,0.31666666666666665,2,0.1,0.5,
R2,5,,38,59,0.3917525773195876,0.9743589743589743,0.5588235294117646,0.31666666666666665,2,0.1,0.55,
R2,5,,38,59,0.3917525773195876,0.9743589743589743,0.5588235294117646,0.31666666666666665,2,0.1,0.6,
R2,5,,37,59,0.3854166666666667,0.9487179487179487,0.548148148148148,0.30833333333333335,2,0.1,0.65,
R2,5,,37,59,0.3854166666666667,0.9487179487179487,0.548148148148148,0.30833333333333335,2,0.1,0.7,
R2,5,,37,59,0.3854166666666667,0.9487179487179487,0.548148148148148,0.30833333333333335,2,0.1,0.75,
R2,5,,36,59,0.37894736842105264,0.9230769230769231,0.5373134328358209,0.3,2,0.1,0.8,
R2,5,,36,59,0.37894736842105264,0.9230769230769231,0.5373134328358209,0.3,2,0.1,0.8500000000000001,
R2,5,,35,59,0.3723404255319149,0.8974358974358975,0.5263157894736843,0.2916666666666667,2,0.1,0.9,
R2,5,,35,59,0.3723404255319149,0.8974358974358975,0.5263157894736843,0.2916666666666667,2,0.1,0.95,
R2,5,,35,59,0.3723404255319149,0.8974358974358975,0.5263157894736843,0.2916666666666667,2,0.1,1.0,
R2,5,,39,60,0.3939393939393939,1.0,0.5652173913043478,0.325,2,0.15000000000000002,0.5,
R2,5,,39,60,0.3939393939393939,1.0,0.5652173913043478,0.325,2,0.15000000000000002,0.55,
R2,5,,39,60,0.3939393939393939,1.0,0.5652173913043478,0.325,2,0.15000000000000002,0.6,
R2,5,,38,60,0.3877551020408163,0.9743589743589743,0.5547445255474452,0.31666666666666665,2,0.15000000000000002,0.65,
R2,5,,38,60,0.3877551020408163,0.9743589743589743,0.5547445255474452,0.31666666666666665,2,0.15000000000000002,0.7,
R2,5,,38,60,0.3877551020408163,0.9743589743589743,0.5547445255474452,0.31666666666666665,2,0.15000000000000002,0.75,
R2,5,,37,60,0.38144329896907214,0.9487179487179487,0.5441176470588235,0.30833333333333335,2,0.15000000000000002,0.8,
R2,5,,37,60,0.38144329896907214,0.9487179487179487,0.5441176470588235,0.30833333333333335,2,0.15000000000000002,0.8500000000000001,
R2,5,,36,60,0.375,0.9230769230769231,0.5333333333333333,0.3,2,0.15000000000000002,0.9,
R2,5,,36,60,0.375,0.9230769230769231,0.5333333333333333,0.3,2,0.15000000000000002,0.95,
R2,5,,36,60,0.375,0.9230769230769231,0.5333333333333333,0.3,2,0.15000000000000002,1.0,
R2,5,,39,60,0.3939393939393939,1.0,0.5652173913043478,0.325,2,0.2,0.5,
R2,5,,39,60,0.3939393939393939,1.0,0.5652173913043478,0.325,2,0.2,0.55,
R2,5,,39,60,0.3939393939393939,1.0,0.5652173913043478,0.325,2,0.2,0.6,
R2,5,,38,60,0.3877551020408163,0.9743589743589743,0.5547445255474452,0.31666666666666665,2,0.2,0.65,
R2,5,,38,60,0.3877551020408163,0.9743589743589743,0.5547445255474452,0.31666666666666665,2,0.2,0.7,
R2,5,,38,60,0.3877551020408163,0.9743589743589743,0.5547445255474452,0.31666666666666665,2,0.2,0.75,
R2,5,,37,60,0.38144329896907214,0.9487179487179487,0.5441176470588235,0.30833333333333335,2,0.2,0.8,
R2,5,,37,60,0.38144329896907214,0.9487179487179487,0.5441176470588235,0.30833333333333335,2,0.2,0.8500000000000001,
R2,5,,36,60,0.375,0.9230769230769231,0.5333333333333333,0.3,2,0.2,0.9,
R2,5,,36,60,0.375,0.9230769230769231,0.5333333333333333,0.3,2,0.2,0.95,
R2,5,,36,60,0.375,0.9230769230769231,0.5333333333333333,0.3,2,0.2,1.0,
R3,5,0.02,20,10,0.6666666666666666,0.5128205128205128,0.5797101449275363,0.16666666666666666,2,,0.5,
R3,5,0.02,20,10,0.6666666666666666,0.5128205128205128,0.5797101449275363,0.16666666666666666,2,,0.55,
R3,5,0.02,20,10,0.6666666666666666,0.5128205128205128,0.5797101449275363,0.16666666666666666,2,,0.6,
R3,5,0.02,19,10,0.6551724137931034,0.48717948717948717,0.5588235294117647,0.15833333333333333,2,,0.65,
R3,5,0.02,19,10,0.6551724137931034,0.48717948717948717,0.5588235294117647,0.15833333333333333,2,,0.7,
R3,5,0.02,19,10,0.6551724137931034,0.48717948717948717,0.5588235294117647,0.15833333333333333,2,,0.75,
R3,5,0.02,18,10,0.6428571428571429,0.46153846153846156,0.537313432835821,0.15,2,,0.8,
R3,5,0.02,18,10,0.6428571428571429,0.46153846153846156,0.537313432835821,0.15,2,,0.8500000000000001,
R3,5,0.02,17,10,0.6296296296296297,0.4358974358974359,0.5151515151515151,0.14166666666666666,2,,0.9,
R3,5,0.02,17,10,0.6296296296296297,0.4358974358974359,0.5151515151515151,0.14166666666666666,2,,0.95,
R3,5,0.02,17,10,0.6296296296296297,0.4358974358974359,0.5151515151515151,0.14166666666666666,2,,1.0,
R3,5,0.039999999999999994,20,10,0.6666666666666666,0.5128205128205128,0.5797101449275363,0.16666666666666666,2,,0.5,
R3,5,0.039999999999999994,20,10,0.6666666666666666,0.5128205128205128,0.5797101449275363,0.16666666666666666,2,,0.55,
R3,5,0.039999999999999994,20,10,0.6666666666666666,0.5128205128205128,0.5797101449275363,0.16666666666666666,2,,0.6,
R3,5,0.039999999999999994,19,10,0.6551724137931034,0.48717948717948717,0.5588235294117647,0.15833333333333333,2,,0.65,
R3,5,0.039999999999999994,19,10,0.6551724137931034,0.48717948717948717,0.5588235294117647,0.15833333333333333,2,,0.7,
R3,5,0.039999999999999994,19,10,0.6551724137931034,0.48717948717948717,0.5588235294117647,0.15833333333333333,2,,0.75,
R3,5,0.039999999999999994,18,10,0.6428571428571429,0.46153846153846156,0.537313432835821,0.15,2,,0.8,
R3,5,0.039999999999999994,18,10,0.6428571428571429,0.46153846153846156,0.537313432835821,0.15,2,,0.8500000000000001,
R3,5,0.039999999999999994,17,10,0.6296296296296297,0.4358974358974359,0.5151515151515151,0.14166666666666666,2,,0.9,
R3,5,0.039999999999999994,17,10,0.6296296296296297,0.4358974358974359,0.5151515151515151,0.14166666666666666,2,,0.95,
R3,5,0.039999999999999994,17,10,0.6296296296296297,0.4358974358974359,0.5151515151515151,0.14166666666666666,2,,1.0,
R3,5,0.06,20,10,0.6666666666666666,0.5128205128205128,0.5797101449275363,0.16666666666666666,2,,0.5,
R3,5,0.06,20,10,0.6666666666666666,0.5128205128205128,0.5797101449275363,0.16666666666666666,2,,0.55,
R3,5,0.06,20,10,0.6666666666666666,0.5128205128205128,0.5797101449275363,0.16666666666666666,2,,0.6,
R3,5,0.06,19,10,0.6551724137931034,0.48717948717948717,0.5588235294117647,0.15833333333333333,2,,0.65,
R3,5,0.06,19,10,0.6551724137931034,0.48717948717948717,0.5588235294117647,0.15833333333333333,2,,0.7,
R3,5,0.06,19,10,0.6551724137931034,0.48717948717948717,0.5588235294117647,0.15833333333333333,2,,0.75,
R3,5,0.06,18,10,0.6428571428571429,0.46153846153846156,0.537313432835821,0.15,2,,0.8,
R3,5,0.06,18,10,0.6428571428571429,0.46153846153846156,0.537313432835821,0.15,2,,0.8500000000000001,
R3,5,0.06,17,10,0.6296296296296297,0.4358974358974359,0.5151515151515151,0.14166666666666666,2,,0.9,
R3,5,0.06,17,10,0.6296296296296297,0.4358974358974359,0.5151515151515151,0.14166666666666666,2,,0.95,
R3,5,0.06,17,10,0.6296296296296297,0.4358974358974359,0.5151515151515151,0.14166666666666666,2,,1.0,
R3,5,0.07999999999999999,20,10,0.6666666666666666,0.5128205128205128,0.5797101449275363,0.16666666666666666,2,,0.5,
R3,5,0.07999999999999999,20,10,0.6666666666666666,0.5128205128205128,0.5797101449275363,0.16666666666666666,2,,0.55,
R3,5,0.07999999999999999,20,10,0.6666666666666666,0.5128205128205128,0.5797101449275363,0.16666666666666666,2,,0.6,
R3,5,0.07999999999999999,19,10,0.6551724137931034,0.48717948717948717,0.5588235294117647,0.15833333333333333,2,,0.65,
R3,5,0.07999999999999999,19,10,0.6551724137931034,0.48717948717948717,0.5588235294117647,0.15833333333333333,2,,0.7,
R3,5,0.07999999999999999,19,10,0.6551724137931034,0.48717948717948717,0.5588235294117647,0.15833333333333333,2,,0.75,
R3,5,0.07999999999999999,18,10,0.6428571428571429,0.46153846153846156,0.537313432835821,0.15,2,,0.8,
R3,5,0.07999999999999999,18,10,0.6428571428571429,0.46153846153846156,0.537313432835821,0.15,2,,0.8500000000000001,
R3,5,0.07999999999999999,17,10,0.6296296296296297,0.4358974358974359,0.5151515151515151,0.14166666666666666,2,,0.9,
R3,5,0.07999999999999999,17,10,0.6296296296296297,0.4358974358974359,0.5151515151515151,0.14166666666666666,2,,0.95,
R3,5,0.07999999999999999,17,10,0.6296296296296297,0.4358974358974359,0.5151515151515151,0.14166666666666666,2,,1.0,
R3,5,0.09999999999999999,20,10,0.6666666666666666,0.5128205128205128,0.5797101449275363,0.16666666666666666,2,,0.5,
R3,5,0.09999999999999999,20,10,0.6666666666666666,0.5128205128205128,0.5797101449275363,0.16666666666666666,2,,0.55,
R3,5,0.09999999999999999,20,10,0.6666666666666666,0.5128205128205128,0.5797101449275363,0.16666666666666666,2,,0.6,
R3,5,0.09999999999999999,19,10,0.6551724137931034,0.48717948717948717,0.5588235294117647,0.15833333333333333,2,,0.65,
R3,5,0.09999999999999999,19,10,0.6551724137931034,0.48717948717948717,0.5588235294117647,0.15833333333333333,2,,0.7,
R3,5,0.09999999999999999,19,10,0.6551724137931034,0.48717948717948717,0.5588235294117647,0.15833333333333333,2,,0.75,
R3,5,0.09999999999999999,18,10,0.6428571428571429,0.46153846153846156,0.537313432835821,0.15,2,,0.8,
R3,5,0.09999999999999999,18,10,0.6428571428571429,0.46153846153846156,0.537313432835821,0.15,2,,0.8500000000000001,
R3,5,0.09999999999999999,17,10,0.6296296296296297,0.4358974358974359,0.5151515151515151,0.14166666666666666,2,,0.9,
R3,5,0.09999999999999999,17,10,0.6296296296296297,0.4358974358974359,0.5151515151515151,0.14166666666666666,2,,0.95,
R3,5,0.09999999999999999,17,10,0.6296296296296297,0.4358974358974359,0.5151515151515151,0.14166666666666666,2,,1.0,
R3,5,0.11999999999999998,22,11,0.6666666666666666,0.5641025641025641,0.611111111111111,0.18333333333333332,2,,0.5,
R3,5,0.11999999999999998,22,11,0.6666666666666666,0.5641025641025641,0.611111111111111,0.18333333333333332,2,,0.55,
R3,5,0.11999999999999998,22,11,0.6666666666666666,0.5641025641025641,0.611111111111111,0.18333333333333332,2,,0.6,
R3,5,0.11999999999999998,21,11,0.65625,0.5384615384615384,0.5915492957746479,0.175,2,,0.65,
R3,5,0.11999999999999998,21,11,0.65625,0.5384615384615384,0.5915492957746479,0.175,2,,0.7,
R3,5,0.11999999999999998,21,11,0.65625,0.5384615384615384,0.5915492957746479,0.175,2,,0.75,
R3,5,0.11999999999999998,20,11,0.6451612903225806,0.5128205128205128,0.5714285714285714,0.16666666666666666,2,,0.8,
R3,5,0.11999999999999998,20,11,0.6451612903225806,0.5128205128205128,0.5714285714285714,0.16666666666666666,2,,0.8500000000000001,
R3,5,0.11999999999999998,20,11,0.6451612903225806,0.5128205128205128,0.5714285714285714,0.16666666666666666,2,,0.9,
R3,5,0.11999999999999998,20,11,0.6451612903225806,0.5128205128205128,0.5714285714285714,0.16666666666666666,2,,0.95,
R3,5,0.11999999999999998,20,11,0.6451612903225806,0.5128205128205128,0.5714285714285714,0.16666666666666666,2,,1.0,
R3,5,0.13999999999999999,22,12,0.6470588235294118,0.5641025641025641,0.6027397260273972,0.18333333333333332,2,,0.5,
R3,5,0.13999999999999999,22,12,0.6470588235294118,0.5641025641025641,0.6027397260273972,0.18333333333333332,2,,0.55,
R3,5,0.13999999999999999,22,12,0.6470588235294118,0.5641025641025641,0.6027397260273972,0.18333333333333332,2,,0.6,
R3,5,0.13999999999999999,21,12,0.6363636363636364,0.5384615384615384,0.5833333333333334,0.175,2,,0.65,
R3,5,0.13999999999999999,21,12,0.6363636363636364,0.5384615384615384,0.5833333333333334,0.175,2,,0.7,
R3,5,0.13999999999999999,21,12,0.6363636363636364,0.5384615384615384,0.5833333333333334,0.175,2,,0.75,
R3,5,0.13999999999999999,20,12,0.625,0.5128205128205128,0.5633802816901409,0.16666666666666666,2,,0.8,
R3,5,0.13999999999999999,20,12,0.625,0.5128205128205128,0.5633802816901409,0.16666666666666666,2,,0.8500000000000001,
R3,5,0.13999999999999999,20,12,0.625,0.5128205128205128,0.5633802816901409,0.16666666666666666,2,,0.9,
R3,5,0.13999999999999999,20,12,0.625,0.5128205128205128,0.5633802816901409,0.16666666666666666,2,,0.95,
R3,5,0.13999999999999999,20,12,0.625,0.5128205128205128,0.5633802816901409,0.16666666666666666,2,,1.0,
R3,5,0.15999999999999998,22,15,0.5945945945945946,0.5641025641025641,0.5789473684210528,0.18333333333333332,2,,0.5,
R3,5,0.15999999999999998,22,15,0.5945945945945946,0.5641025641025641,0.5789473684210528,0.18333333333333332,2,,0.55,
R3,5,0.15999999999999998,22,15,0.5945945945945946,0.5641025641025641,0.5789473684210528,0.18333333333333332,2,,0.6,
R3,5,0.15999999999999998,21,15,0.5833333333333334,0.5384615384615384,0.5599999999999999,0.175,2,,0.65,
R3,5,0.15999999999999998,21,15,0.5833333333333334,0.5384615384615384,0.5599999999999999,0.175,2,,0.7,
R3,5,0.15999999999999998,21,15,0.5833333333333334,0.5384615384615384,0.5599999999999999,0.175,2,,0.75,
R3,5,0.15999999999999998,20,15,0.5714285714285714,0.5128205128205128,0.5405405405405405,0.16666666666666666,2,,0.8,
R3,5,0.15999999999999998,20,15,0.5714285714285714,0.5128205128205128,0.5405405405405405,0.16666666666666666,2,,0.8500000000000001,
R3,5,0.15999999999999998,20,15,0.5714285714285714,0.5128205128205128,0.5405405405405405,0.16666666666666666,2,,0.9,
R3,5,0.15999999999999998,20,15,0.5714285714285714,0.5128205128205128,0.5405405405405405,0.16666666666666666,2,,0.95,
R3,5,0.15999999999999998,20,15,0.5714285714285714,0.5128205128205128,0.5405405405405405,0.16666666666666666,2,,1.0,
R3,5,0.17999999999999997,23,16,0.5897435897435898,0.5897435897435898,0.5897435897435898,0.19166666666666668,2,,0.5,
R3,5,0.17999999999999997,23,16,0.5897435897435898,0.5897435897435898,0.5897435897435898,0.19166666666666668,2,,0.55,
R3,5,0.17999999999999997,23,16,0.5897435897435898,0.5897435897435898,0.5897435897435898,0.19166666666666668,2,,0.6,
R3,5,0.17999999999999997,22,16,0.5789473684210527,0.5641025641025641,0.5714285714285715,0.18333333333333332,2,,0.65,
R3,5,0.17999999999999997,22,16,0.5789473684210527,0.5641025641025641,0.5714285714285715,0.18333333333333332,2,,0.7,
R3,5,0.17999999999999997,22,16,0.5789473684210527,0.5641025641025641,0.5714285714285715,0.18333333333333332,2,,0.75,
R3,5,0.17999999999999997,21,16,0.5675675675675675,0.5384615384615384,0.5526315789473685,0.175,2,,0.8,
R3,5,0.17999999999999997,21,16,0.5675675675675675,0.5384615384615384,0.5526315789473685,0.175,2,,0.8500000000000001,
R3,5,0.17999999999999997,21,16,0.5675675675675675,0.5384615384615384,0.5526315789473685,0.175,2,,0.9,
R3,5,0.17999999999999997,21,16,0.5675675675675675,0.5384615384615384,0.5526315789473685,0.175,2,,0.95,
R3,5,0.17999999999999997,21,16,0.5675675675675675,0.5384615384615384,0.5526315789473685,0.175,2,,1.0,
R3,5,0.19999999999999996,23,17,0.575,0.5897435897435898,0.5822784810126582,0.19166666666666668,2,,0.5,
R3,5,0.19999999999999996,23,17,0.575,0.5897435897435898,0.5822784810126582,0.19166666666666668,2,,0.55,
R3,5,0.19999999999999996,23,17,0.575,0.5897435897435898,0.5822784810126582,0.19166666666666668,2,,0.6,
R3,5,0.19999999999999996,22,17,0.5641025641025641,0.5641025641025641,0.5641025641025641,0.18333333333333332,2,,0.65,
R3,5,0.19999999999999996,22,17,0.5641025641025641,0.5641025641025641,0.5641025641025641,0.18333333333333332,2,,0.7,
R3,5,0.19999999999999996,22,17,0.5641025641025641,0.5641025641025641,0.5641025641025641,0.18333333333333332,2,,0.75,
R3,5,0.19999999999999996,21,17,0.5526315789473685,0.5384615384615384,0.5454545454545455,0.175,2,,0.8,
R3,5,0.19999999999999996,21,17,0.5526315789473685,0.5384615384615384,0.5454545454545455,0.175,2,,0.8500000000000001,
R3,5,0.19999999999999996,21,17,0.5526315789473685,0.5384615384615384,0.5454545454545455,0.175,2,,0.9,
R3,5,0.19999999999999996,21,17,0.5526315789473685,0.5384615384615384,0.5454545454545455,0.175,2,,0.95,
R3,5,0.19999999999999996,21,17,0.5526315789473685,0.5384615384615384,0.5454545454545455,0.175,2,,1.0,
R3,5,0.21999999999999995,23,17,0.575,0.5897435897435898,0.5822784810126582,0.19166666666666668,2,,0.5,
R3,5,0.21999999999999995,23,17,0.575,0.5897435897435898,0.5822784810126582,0.19166666666666668,2,,0.55,
R3,5,0.21999999999999995,23,17,0.575,0.5897435897435898,0.5822784810126582,0.19166666666666668,2,,0.6,
R3,5,0.21999999999999995,22,17,0.5641025641025641,0.5641025641025641,0.5641025641025641,0.18333333333333332,2,,0.65,
R3,5,0.21999999999999995,22,17,0.5641025641025641,0.5641025641025641,0.5641025641025641,0.18333333333333332,2,,0.7,
R3,5,0.21999999999999995,22,17,0.5641025641025641,0.5641025641025641,0.5641025641025641,0.18333333333333332,2,,0.75,
R3,5,0.21999999999999995,21,17,0.5526315789473685,0.5384615384615384,0.5454545454545455,0.175,2,,0.8,
R3,5,0.21999999999999995,21,17,0.5526315789473685,0.5384615384615384,0.5454545454545455,0.175,2,,0.8500000000000001,
R3,5,0.21999999999999995,21,17,0.5526315789473685,0.5384615384615384,0.5454545454545455,0.175,2,,0.9,
R3,5,0.21999999999999995,21,17,0.5526315789473685,0.5384615384615384,0.5454545454545455,0.175,2,,0.95,
R3,5,0.21999999999999995,21,17,0.5526315789473685,0.5384615384615384,0.5454545454545455,0.175,2,,1.0,
R3,5,0.23999999999999996,23,18,0.5609756097560976,0.5897435897435898,0.575,0.19166666666666668,2,,0.5,
R3,5,0.23999999999999996,23,18,0.5609756097560976,0.5897435897435898,0.575,0.19166666666666668,2,,0.55,
R3,5,0.23999999999999996,23,18,0.5609756097560976,0.5897435897435898,0.575,0.19166666666666668,2,,0.6,
R3,5,0.23999999999999996,22,18,0.55,0.5641025641025641,0.5569620253164557,0.18333333333333332,2,,0.65,
R3,5,0.23999999999999996,22,18,0.55,0.5641025641025641,0.5569620253164557,0.18333333333333332,2,,0.7,
R3,5,0.23999999999999996,22,18,0.55,0.5641025641025641,0.5569620253164557,0.18333333333333332,2,,0.75,
R3,5,0.23999999999999996,21,18,0.5384615384615384,0.5384615384615384,0.5384615384615384,0.175,2,,0.8,
R3,5,0.23999999999999996,21,18,0.5384615384615384,0.5384615384615384,0.5384615384615384,0.175,2,,0.8500000000000001,
R3,5,0.23999999999999996,21,18,0.5384615384615384,0.5384615384615384,0.5384615384615384,0.175,2,,0.9,
R3,5,0.23999999999999996,21,18,0.5384615384615384,0.5384615384615384,0.5384615384615384,0.175,2,,0.95,
R3,5,0.23999999999999996,21,18,0.5384615384615384,0.5384615384615384,0.5384615384615384,0.175,2,,1.0,
R3,5,0.25999999999999995,25,23,0.5208333333333334,0.6410256410256411,0.5747126436781609,0.20833333333333334,2,,0.5,
R3,5,0.25999999999999995,25,23,0.5208333333333334,0.6410256410256411,0.5747126436781609,0.20833333333333334,2,,0.55,
R3,5,0.25999999999999995,25,23,0.5208333333333334,0.6410256410256411,0.5747126436781609,0.20833333333333334,2,,0.6,
R3,5,0.25999999999999995,24,23,0.5106382978723404,0.6153846153846154,0.558139534883721,0.2,2,,0.65,
R3,5,0.25999999999999995,24,23,0.5106382978723404,0.6153846153846154,0.558139534883721,0.2,2,,0.7,
R3,5,0.25999999999999995,24,23,0.5106382978723404,0.6153846153846154,0.558139534883721,0.2,2,,0.75,
R3,5,0.25999999999999995,23,23,0.5,0.5897435897435898,0.5411764705882353,0.19166666666666668,2,,0.8,
R3,5,0.25999999999999995,23,23,0.5,0.5897435897435898,0.5411764705882353,0.19166666666666668,2,,0.8500000000000001,
R3,5,0.25999999999999995,23,23,0.5,0.5897435897435898,0.5411764705882353,0.19166666666666668,2,,0.9,
R3,5,0.25999999999999995,23,23,0.5,0.5897435897435898,0.5411764705882353,0.19166666666666668,2,,0.95,
R3,5,0.25999999999999995,23,23,0.5,0.5897435897435898,0.5411764705882353,0.19166666666666668,2,,1.0,
R3,5,0.27999999999999997,25,25,0.5,0.6410256410256411,0.5617977528089888,0.20833333333333334,2,,0.5,
R3,5,0.27999999999999997,25,25,0.5,0.6410256410256411,0.5617977528089888,0.20833333333333334,2,,0.55,
R3,5,0.27999999999999997,25,25,0.5,0.6410256410256411,0.5617977528089888,0.20833333333333334,2,,0.6,
R3,5,0.27999999999999997,24,25,0.4897959183673469,0.6153846153846154,0.5454545454545454,0.2,2,,0.65,
R3,5,0.27999999999999997,24,25,0.4897959183673469,0.6153846153846154,0.5454545454545454,0.2,2,,0.7,
R3,5,0.27999999999999997,24,25,0.4897959183673469,0.6153846153846154,0.5454545454545454,0.2,2,,0.75,
R3,5,0.27999999999999997,23,25,0.4791666666666667,0.5897435897435898,0.5287356321839081,0.19166666666666668,2,,0.8,
R3,5,0.27999999999999997,23,25,0.4791666666666667,0.5897435897435898,0.5287356321839081,0.19166666666666668,2,,0.8500000000000001,
R3,5,0.27999999999999997,23,25,0.4791666666666667,0.5897435897435898,0.5287356321839081,0.19166666666666668,2,,0.9,
R3,5,0.27999999999999997,23,25,0.4791666666666667,0.5897435897435898,0.5287356321839081,0.19166666666666668,2,,0.95,
R3,5,0.27999999999999997,23,25,0.4791666666666667,0.5897435897435898,0.5287356321839081,0.19166666666666668,2,,1.0,
R3,5,0.3,25,25,0.5,0.6410256410256411,0.5617977528089888,0.20833333333333334,2,,0.5,
R3,5,0.3,25,25,0.5,0.6410256410256411,0.5617977528089888,0.20833333333333334,2,,0.55,
R3,5,0.3,25,25,0.5,0.6410256410256411,0.5617977528089888,0.20833333333333334,2,,0.6,
R3,5,0.3,24,25,0.4897959183673469,0.6153846153846154,0.5454545454545454,0.2,2,,0.65,
R3,5,0.3,24,25,0.4897959183673469,0.6153846153846154,0.5454545454545454,0.2,2,,0.7,
R3,5,0.3,24,25,0.4897959183673469,0.6153846153846154,0.5454545454545454,0.2,2,,0.75,
R3,5,0.3,23,25,0.4791666666666667,0.5897435897435898,0.5287356321839081,0.19166666666666668,2,,0.8,
R3,5,0.3,23,25,0.4791666666666667,0.5897435897435898,0.5287356321839081,0.19166666666666668,2,,0.8500000000000001,
R3,5,0.3,23,25,0.4791666666666667,0.5897435897435898,0.5287356321839081,0.19166666666666668,2,,0.9,
R3,5,0.3,23,25,0.4791666666666667,0.5897435897435898,0.5287356321839081,0.19166666666666668,2,,0.95,
R3,5,0.3,23,25,0.4791666666666667,0.5897435897435898,0.5287356321839081,0.19166666666666668,2,,1.0,
R3b,5,0.02,35,59,0.3723404255319149,0.8974358974358975,0.5263157894736843,0.2916666666666667,2,0.0,,
R3b,5,0.02,35,59,0.3723404255319149,0.8974358974358975,0.5263157894736843,0.2916666666666667,2,0.05,,
R3b,5,0.02,35,59,0.3723404255319149,0.8974358974358975,0.5263157894736843,0.2916666666666667,2,0.1,,
R3b,5,0.02,36,60,0.375,0.9230769230769231,0.5333333333333333,0.3,2,0.15,,
R3b,5,0.039999999999999994,35,59,0.3723404255319149,0.8974358974358975,0.5263157894736843,0.2916666666666667,2,0.0,,
R3b,5,0.039999999999999994,35,59,0.3723404255319149,0.8974358974358975,0.5263157894736843,0.2916666666666667,2,0.05,,
R3b,5,0.039999999999999994,35,59,0.3723404255319149,0.8974358974358975,0.5263157894736843,0.2916666666666667,2,0.1,,
R3b,5,0.039999999999999994,36,60,0.375,0.9230769230769231,0.5333333333333333,0.3,2,0.15,,
R3b,5,0.06,35,59,0.3723404255319149,0.8974358974358975,0.5263157894736843,0.2916666666666667,2,0.0,,
R3b,5,0.06,35,59,0.3723404255319149,0.8974358974358975,0.5263157894736843,0.2916666666666667,2,0.05,,
R3b,5,0.06,35,59,0.3723404255319149,0.8974358974358975,0.5263157894736843,0.2916666666666667,2,0.1,,
R3b,5,0.06,36,60,0.375,0.9230769230769231,0.5333333333333333,0.3,2,0.15,,
R3b,5,0.07999999999999999,35,59,0.3723404255319149,0.8974358974358975,0.5263157894736843,0.2916666666666667,2,0.0,,
R3b,5,0.07999999999999999,35,59,0.3723404255319149,0.8974358974358975,0.5263157894736843,0.2916666666666667,2,0.05,,
R3b,5,0.07999999999999999,35,59,0.3723404255319149,0.8974358974358975,0.5263157894736843,0.2916666666666667,2,0.1,,
R3b,5,0.07999999999999999,36,60,0.375,0.9230769230769231,0.5333333333333333,0.3,2,0.15,,
R3b,5,0.09999999999999999,35,59,0.3723404255319149,0.8974358974358975,0.5263157894736843,0.2916666666666667,2,0.0,,
R3b,5,0.09999999999999999,35,59,0.3723404255319149,0.8974358974358975,0.5263157894736843,0.2916666666666667,2,0.05,,
R3b,5,0.09999999999999999,35,59,0.3723404255319149,0.8974358974358975,0.5263157894736843,0.2916666666666667,2,0.1,,
R3b,5,0.09999999999999999,36,60,0.375,0.9230769230769231,0.5333333333333333,0.3,2,0.15,,
R3b,5,0.11999999999999998,36,59,0.37894736842105264,0.9230769230769231,0.5373134328358209,0.3,2,0.0,,
R3b,5,0.11999999999999998,36,59,0.37894736842105264,0.9230769230769231,0.5373134328358209,0.3,2,0.05,,
R3b,5,0.11999999999999998,36,59,0.37894736842105264,0.9230769230769231,0.5373134328358209,0.3,2,0.1,,
R3b,5,0.11999999999999998,37,60,0.38144329896907214,0.9487179487179487,0.5441176470588235,0.30833333333333335,2,0.15,,
R3b,5,0.13999999999999999,36,59,0.37894736842105264,0.9230769230769231,0.5373134328358209,0.3,2,0.0,,
R3b,5,0.13999999999999999,36,59,0.37894736842105264,0.9230769230769231,0.5373134328358209,0.3,2,0.05,,
R3b,5,0.13999999999999999,36,59,0.37894736842105264,0.9230769230769231,0.5373134328358209,0.3,2,0.1,,
R3b,5,0.13999999999999999,37,60,0.38144329896907214,0.9487179487179487,0.5441176470588235,0.30833333333333335,2,0.15,,
R3b,5,0.15999999999999998,36,59,0.37894736842105264,0.9230769230769231,0.5373134328358209,0.3,2,0.0,,
R3b,5,0.15999999999999998,36,59,0.37894736842105264,0.9230769230769231,0.5373134328358209,0.3,2,0.05,,
R3b,5,0.15999999999999998,36,59,0.37894736842105264,0.9230769230769231,0.5373134328358209,0.3,2,0.1,,
R3b,5,0.15999999999999998,37,60,0.38144329896907214,0.9487179487179487,0.5441176470588235,0.30833333333333335,2,0.15,,
R3b,5,0.17999999999999997,36,59,0.37894736842105264,0.9230769230769231,0.5373134328358209,0.3,2,0.0,,
R3b,5,0.17999999999999997,36,59,0.37894736842105264,0.9230769230769231,0.5373134328358209,0.3,2,0.05,,
R3b,5,0.17999999999999997,36,59,0.37894736842105264,0.9230769230769231,0.5373134328358209,0.3,2,0.1,,
R3b,5,0.17999999999999997,37,60,0.38144329896907214,0.9487179487179487,0.5441176470588235,0.30833333333333335,2,0.15,,
R3b,5,0.19999999999999996,36,59,0.37894736842105264,0.9230769230769231,0.5373134328358209,0.3,2,0.0,,
R3b,5,0.19999999999999996,36,59,0.37894736842105264,0.9230769230769231,0.5373134328358209,0.3,2,0.05,,
R3b,5,0.19999999999999996,36,59,0.37894736842105264,0.9230769230769231,0.5373134328358209,0.3,2,0.1,,
R3b,5,0.19999999999999996,37,60,0.38144329896907214,0.9487179487179487,0.5441176470588235,0.30833333333333335,2,0.15,,
R3b,5,0.21999999999999995,36,59,0.37894736842105264,0.9230769230769231,0.5373134328358209,0.3,2,0.0,,
R3b,5,0.21999999999999995,36,59,0.37894736842105264,0.9230769230769231,0.5373134328358209,0.3,2,0.05,,
R3b,5,0.21999999999999995,36,59,0.37894736842105264,0.9230769230769231,0.5373134328358209,0.3,2,0.1,,
R3b,5,0.21999999999999995,37,60,0.38144329896907214,0.9487179487179487,0.5441176470588235,0.30833333333333335,2,0.15,,
R3b,5,0.23999999999999996,36,59,0.37894736842105264,0.9230769230769231,0.5373134328358209,0.3,2,0.0,,
R3b,5,0.23999999999999996,36,59,0.37894736842105264,0.9230769230769231,0.5373134328358209,0.3,2,0.05,,
R3b,5,0.23999999999999996,36,59,0.37894736842105264,0.9230769230769231,0.5373134328358209,0.3,2,0.1,,
R3b,5,0.23999999999999996,37,60,0.38144329896907214,0.9487179487179487,0.5441176470588235,0.30833333333333335,2,0.15,,
R3b,5,0.25999999999999995,36,59,0.37894736842105264,0.9230769230769231,0.5373134328358209,0.3,2,0.0,,
R3b,5,0.25999999999999995,36,59,0.37894736842105264,0.9230769230769231,0.5373134328358209,0.3,2,0.05,,
R3b,5,0.25999999999999995,36,59,0.37894736842105264,0.9230769230769231,0.5373134328358209,0.3,2,0.1,,
R3b,5,0.25999999999999995,37,60,0.38144329896907214,0.9487179487179487,0.5441176470588235,0.30833333333333335,2,0.15,,
R3b,5,0.27999999999999997,36,59,0.37894736842105264,0.9230769230769231,0.5373134328358209,0.3,2,0.0,,
R3b,5,0.27999999999999997,36,59,0.37894736842105264,0.9230769230769231,0.5373134328358209,0.3,2,0.05,,
R3b,5,0.27999999999999997,36,59,0.37894736842105264,0.9230769230769231,0.5373134328358209,0.3,2,0.1,,
R3b,5,0.27999999999999997,37,60,0.38144329896907214,0.9487179487179487,0.5441176470588235,0.30833333333333335,2,0.15,,
R3b,5,0.3,36,59,0.37894736842105264,0.9230769230769231,0.5373134328358209,0.3,2,0.0,,
R3b,5,0.3,36,59,0.37894736842105264,0.9230769230769231,0.5373134328358209,0.3,2,0.05,,
R3b,5,0.3,36,59,0.37894736842105264,0.9230769230769231,0.5373134328358209,0.3,2,0.1,,
R3b,5,0.3,37,60,0.38144329896907214,0.9487179487179487,0.5441176470588235,0.30833333333333335,2,0.15,,
R4,5,0.05,28,34,0.45161290322580644,0.717948717948718,0.5544554455445545,0.23333333333333334,4,0.0,0.5,0.4
R4,5,0.05,28,34,0.45161290322580644,0.717948717948718,0.5544554455445545,0.23333333333333334,4,0.0,0.6,0.4
R4,5,0.05,27,34,0.4426229508196721,0.6923076923076923,0.5399999999999999,0.225,4,0.0,0.7,0.4
R4,5,0.05,26,34,0.43333333333333335,0.6666666666666666,0.5252525252525252,0.21666666666666667,4,0.0,0.8,0.4
R4,5,0.05,26,34,0.43333333333333335,0.6666666666666666,0.5252525252525252,0.21666666666666667,4,0.0,0.9,0.4
R4,5,0.05,26,34,0.43333333333333335,0.6666666666666666,0.5252525252525252,0.21666666666666667,4,0.0,1.0,0.4
R4,5,0.05,28,34,0.45161290322580644,0.717948717948718,0.5544554455445545,0.23333333333333334,4,0.05,0.5,0.4
R4,5,0.05,28,34,0.45161290322580644,0.717948717948718,0.5544554455445545,0.23333333333333334,4,0.05,0.6,0.4
R4,5,0.05,27,34,0.4426229508196721,0.6923076923076923,0.5399999999999999,0.225,4,0.05,0.7,0.4
R4,5,0.05,26,34,0.43333333333333335,0.6666666666666666,0.5252525252525252,0.21666666666666667,4,0.05,0.8,0.4
R4,5,0.05,26,34,0.43333333333333335,0.6666666666666666,0.5252525252525252,0.21666666666666667,4,0.05,0.9,0.4
R4,5,0.05,26,34,0.43333333333333335,0.6666666666666666,0.5252525252525252,0.21666666666666667,4,0.05,1.0,0.4
R4,5,0.05,28,34,0.45161290322580644,0.717948717948718,0.5544554455445545,0.23333333333333334,4,0.1,0.5,0.4
R4,5,0.05,28,34,0.45161290322580644,0.717948717948718,0.5544554455445545,0.23333333333333334,4,0.1,0.6,0.4
R4,5,0.05,27,34,0.4426229508196721,0.6923076923076923,0.5399999999999999,0.225,4,0.1,0.7,0.4
R4,5,0.05,26,34,0.43333333333333335,0.6666666666666666,0.5252525252525252,0.21666666666666667,4,0.1,0.8,0.4
R4,5,0.05,26,34,0.43333333333333335,0.6666666666666666,0.5252525252525252,0.21666666666666667,4,0.1,0.9,0.4
R4,5,0.05,26,34,0.43333333333333335,0.6666666666666666,0.5252525252525252,0.21666666666666667,4,0.1,1.0,0.4
R4,5,0.05,24,29,0.4528301886792453,0.6153846153846154,0.5217391304347827,0.2,4,0.0,0.5,0.45
R4,5,0.05,24,29,0.4528301886792453,0.6153846153846154,0.5217391304347827,0.2,4,0.0,0.6,0.45
R4,5,0.05,23,29,0.4423076923076923,0.5897435897435898,0.5054945054945056,0.19166666666666668,4,0.0,0.7,0.45
R4,5,0.05,23,29,0.4423076923076923,0.5897435897435898,0.5054945054945056,0.19166666666666668,4,0.0,0.8,0.45
R4,5,0.05,23,29,0.4423076923076923,0.5897435897435898,0.5054945054945056,0.19166666666666668,4,0.0,0.9,0.45
R4,5,0.05,23,29,0.4423076923076923,0.5897435897435898,0.5054945054945056,0.19166666666666668,4,0.0,1.0,0.45
R4,5,0.05,24,29,0.4528301886792453,0.6153846153846154,0.5217391304347827,0.2,4,0.05,0.5,0.45
R4,5,0.05,24,29,0.4528301886792453,0.6153846153846154,0.5217391304347827,0.2,4,0.05,0.6,0.45
R4,5,0.05,23,29,0.4423076923076923,0.5897435897435898,0.5054945054945056,0.19166666666666668,4,0.05,0.7,0.45
R4,5,0.05,23,29,0.4423076923076923,0.5897435897435898,0.5054945054945056,0.19166666666666668,4,0.05,0.8,0.45
R4,5,0.05,23,29,0.4423076923076923,0.5897435897435898,0.5054945054945056,0.19166666666666668,4,0.05,0.9,0.45
R4,5,0.05,23,29,0.4423076923076923,0.5897435897435898,0.5054945054945056,0.19166666666666668,4,0.05,1.0,0.45
R4,5,0.05,24,29,0.4528301886792453,0.6153846153846154,0.5217391304347827,0.2,4,0.1,0.5,0.45
R4,5,0.05,24,29,0.4528301886792453,0.6153846153846154,0.5217391304347827,0.2,4,0.1,0.6,0.45
R4,5,0.05,23,29,0.4423076923076923,0.5897435897435898,0.5054945054945056,0.19166666666666668,4,0.1,0.7,0.45
R4,5,0.05,23,29,0.4423076923076923,0.5897435897435898,0.5054945054945056,0.19166666666666668,4,0.1,0.8,0.45
R4,5,0.05,23,29,0.4423076923076923,0.5897435897435898,0.5054945054945056,0.19166666666666668,4,0.1,0.9,0.45
R4,5,0.05,23,29,0.4423076923076923,0.5897435897435898,0.5054945054945056,0.19166666666666668,4,0.1,1.0,0.45
R4,5,0.05,23,26,0.46938775510204084,0.5897435897435898,0.5227272727272727,0.19166666666666668,4,0.0,0.5,0.5
R4,5,0.05,23,26,0.46938775510204084,0.5897435897435898,0.5227272727272727,0.19166666666666668,4,0.0,0.6,0.5
R4,5,0.05,23,26,0.46938775510204084,0.5897435897435898,0.5227272727272727,0.19166666666666668,4,0.0,0.7,0.5
R4,5,0.05,23,26,0.46938775510204084,0.5897435897435898,0.5227272727272727,0.19166666666666668,4,0.0,0.8,0.5
R4,5,0.05,23,26,0.46938775510204084,0.5897435897435898,0.5227272727272727,0.19166666666666668,4,0.0,0.9,0.5
R4,5,0.05,23,26,0.46938775510204084,0.5897435897435898,0.5227272727272727,0.19166666666666668,4,0.0,1.0,0.5
R4,5,0.05,23,26,0.46938775510204084,0.5897435897435898,0.5227272727272727,0.19166666666666668,4,0.05,0.5,0.5
R4,5,0.05,23,26,0.46938775510204084,0.5897435897435898,0.5227272727272727,0.19166666666666668,4,0.05,0.6,0.5
R4,5,0.05,23,26,0.46938775510204084,0.5897435897435898,0.5227272727272727,0.19166666666666668,4,0.05,0.7,0.5
R4,5,0.05,23,26,0.46938775510204084,0.5897435897435898,0.5227272727272727,0.19166666666666668,4,0.05,0.8,0.5
R4,5,0.05,23,26,0.46938775510204084,0.5897435897435898,0.5227272727272727,0.19166666666666668,4,0.05,0.9,0.5
R4,5,0.05,23,26,0.46938775510204084,0.5897435897435898,0.5227272727272727,0.19166666666666668,4,0.05,1.0,0.5
R4,5,0.05,23,26,0.46938775510204084,0.5897435897435898,0.5227272727272727,0.19166666666666668,4,0.1,0.5,0.5
R4,5,0.05,23,26,0.46938775510204084,0.5897435897435898,0.5227272727272727,0.19166666666666668,4,0.1,0.6,0.5
R4,5,0.05,23,26,0.46938775510204084,0.5897435897435898,0.5227272727272727,0.19166666666666668,4,0.1,0.7,0.5
R4,5,0.05,23,26,0.46938775510204084,0.5897435897435898,0.5227272727272727,0.19166666666666668,4,0.1,0.8,0.5
R4,5,0.05,23,26,0.46938775510204084,0.5897435897435898,0.5227272727272727,0.19166666666666668,4,0.1,0.9,0.5
R4,5,0.05,23,26,0.46938775510204084,0.5897435897435898,0.5227272727272727,0.19166666666666668,4,0.1,1.0,0.5
R4,5,0.05,19,22,0.4634146341463415,0.48717948717948717,0.47500000000000003,0.15833333333333333,4,0.0,0.5,0.55
R4,5,0.05,19,22,0.4634146341463415,0.48717948717948717,0.47500000000000003,0.15833333333333333,4,0.0,0.6,0.55
R4,5,0.05,19,22,0.4634146341463415,0.48717948717948717,0.47500000000000003,0.15833333333333333,4,0.0,0.7,0.55
R4,5,0.05,19,22,0.4634146341463415,0.48717948717948717,0.47500000000000003,0.15833333333333333,4,0.0,0.8,0.55
R4,5,0.05,19,22,0.4634146341463415,0.48717948717948717,0.47500000000000003,0.15833333333333333,4,0.0,0.9,0.55
R4,5,0.05,19,22,0.4634146341463415,0.48717948717948717,0.47500000000000003,0.15833333333333333,4,0.0,1.0,0.55
R4,5,0.05,19,22,0.4634146341463415,0.48717948717948717,0.47500000000000003,0.15833333333333333,4,0.05,0.5,0.55
R4,5,0.05,19,22,0.4634146341463415,0.48717948717948717,0.47500000000000003,0.15833333333333333,4,0.05,0.6,0.55
R4,5,0.05,19,22,0.4634146341463415,0.48717948717948717,0.47500000000000003,0.15833333333333333,4,0.05,0.7,0.55
R4,5,0.05,19,22,0.4634146341463415,0.48717948717948717,0.47500000000000003,0.15833333333333333,4,0.05,0.8,0.55
R4,5,0.05,19,22,0.4634146341463415,0.48717948717948717,0.47500000000000003,0.15833333333333333,4,0.05,0.9,0.55
R4,5,0.05,19,22,0.4634146341463415,0.48717948717948717,0.47500000000000003,0.15833333333333333,4,0.05,1.0,0.55
R4,5,0.05,19,22,0.4634146341463415,0.48717948717948717,0.47500000000000003,0.15833333333333333,4,0.1,0.5,0.55
R4,5,0.05,19,22,0.4634146341463415,0.48717948717948717,0.47500000000000003,0.15833333333333333,4,0.1,0.6,0.55
R4,5,0.05,19,22,0.4634146341463415,0.48717948717948717,0.47500000000000003,0.15833333333333333,4,0.1,0.7,0.55
R4,5,0.05,19,22,0.4634146341463415,0.48717948717948717,0.47500000000000003,0.15833333333333333,4,0.1,0.8,0.55
R4,5,0.05,19,22,0.4634146341463415,0.48717948717948717,0.47500000000000003,0.15833333333333333,4,0.1,0.9,0.55
R4,5,0.05,19,22,0.4634146341463415,0.48717948717948717,0.47500000000000003,0.15833333333333333,4,0.1,1.0,0.55
R4,5,0.05,18,16,0.5294117647058824,0.46153846153846156,0.4931506849315069,0.15,4,0.0,0.5,0.6
R4,5,0.05,18,16,0.5294117647058824,0.46153846153846156,0.4931506849315069,0.15,4,0.0,0.6,0.6
R4,5,0.05,18,16,0.5294117647058824,0.46153846153846156,0.4931506849315069,0.15,4,0.0,0.7,0.6
R4,5,0.05,18,16,0.5294117647058824,0.46153846153846156,0.4931506849315069,0.15,4,0.0,0.8,0.6
R4,5,0.05,18,16,0.5294117647058824,0.46153846153846156,0.4931506849315069,0.15,4,0.0,0.9,0.6
R4,5,0.05,18,16,0.5294117647058824,0.46153846153846156,0.4931506849315069,0.15,4,0.0,1.0,0.6
R4,5,0.05,18,16,0.5294117647058824,0.46153846153846156,0.4931506849315069,0.15,4,0.05,0.5,0.6
R4,5,0.05,18,16,0.5294117647058824,0.46153846153846156,0.4931506849315069,0.15,4,0.05,0.6,0.6
R4,5,0.05,18,16,0.5294117647058824,0.46153846153846156,0.4931506849315069,0.15,4,0.05,0.7,0.6
R4,5,0.05,18,16,0.5294117647058824,0.46153846153846156,0.4931506849315069,0.15,4,0.05,0.8,0.6
R4,5,0.05,18,16,0.5294117647058824,0.46153846153846156,0.4931506849315069,0.15,4,0.05,0.9,0.6
R4,5,0.05,18,16,0.5294117647058824,0.46153846153846156,0.4931506849315069,0.15,4,0.05,1.0,0.6
R4,5,0.05,18,16,0.5294117647058824,0.46153846153846156,0.4931506849315069,0.15,4,0.1,0.5,0.6
R4,5,0.05,18,16,0.5294117647058824,0.46153846153846156,0.4931506849315069,0.15,4,0.1,0.6,0.6
R4,5,0.05,18,16,0.5294117647058824,0.46153846153846156,0.4931506849315069,0.15,4,0.1,0.7,0.6
R4,5,0.05,18,16,0.5294117647058824,0.46153846153846156,0.4931506849315069,0.15,4,0.1,0.8,0.6
R4,5,0.05,18,16,0.5294117647058824,0.46153846153846156,0.4931506849315069,0.15,4,0.1,0.9,0.6
R4,5,0.05,18,16,0.5294117647058824,0.46153846153846156,0.4931506849315069,0.15,4,0.1,1.0,0.6
R4,5,0.05,17,13,0.5666666666666667,0.4358974358974359,0.4927536231884058,0.14166666666666666,4,0.0,0.5,0.6499999999999999
R4,5,0.05,17,13,0.5666666666666667,0.4358974358974359,0.4927536231884058,0.14166666666666666,4,0.0,0.6,0.6499999999999999
R4,5,0.05,17,13,0.5666666666666667,0.4358974358974359,0.4927536231884058,0.14166666666666666,4,0.0,0.7,0.6499999999999999
R4,5,0.05,17,13,0.5666666666666667,0.4358974358974359,0.4927536231884058,0.14166666666666666,4,0.0,0.8,0.6499999999999999
R4,5,0.05,17,13,0.5666666666666667,0.4358974358974359,0.4927536231884058,0.14166666666666666,4,0.0,0.9,0.6499999999999999
R4,5,0.05,17,13,0.5666666666666667,0.4358974358974359,0.4927536231884058,0.14166666666666666,4,0.0,1.0,0.6499999999999999
R4,5,0.05,17,13,0.5666666666666667,0.4358974358974359,0.4927536231884058,0.14166666666666666,4,0.05,0.5,0.6499999999999999
R4,5,0.05,17,13,0.5666666666666667,0.4358974358974359,0.4927536231884058,0.14166666666666666,4,0.05,0.6,0.6499999999999999
R4,5,0.05,17,13,0.5666666666666667,0.4358974358974359,0.4927536231884058,0.14166666666666666,4,0.05,0.7,0.6499999999999999
R4,5,0.05,17,13,0.5666666666666667,0.4358974358974359,0.4927536231884058,0.14166666666666666,4,0.05,0.8,0.6499999999999999
R4,5,0.05,17,13,0.5666666666666667,0.4358974358974359,0.4927536231884058,0.14166666666666666,4,0.05,0.9,0.6499999999999999
R4,5,0.05,17,13,0.5666666666666667,0.4358974358974359,0.4927536231884058,0.14166666666666666,4,0.05,1.0,0.6499999999999999
R4,5,0.05,17,13,0.5666666666666667,0.4358974358974359,0.4927536231884058,0.14166666666666666,4,0.1,0.5,0.6499999999999999
R4,5,0.05,17,13,0.5666666666666667,0.4358974358974359,0.4927536231884058,0.14166666666666666,4,0.1,0.6,0.6499999999999999
R4,5,0.05,17,13,0.5666666666666667,0.4358974358974359,0.4927536231884058,0.14166666666666666,4,0.1,0.7,0.6499999999999999
R4,5,0.05,17,13,0.5666666666666667,0.4358974358974359,0.4927536231884058,0.14166666666666666,4,0.1,0.8,0.6499999999999999
R4,5,0.05,17,13,0.5666666666666667,0.4358974358974359,0.4927536231884058,0.14166666666666666,4,0.1,0.9,0.6499999999999999
R4,5,0.05,17,13,0.5666666666666667,0.4358974358974359,0.4927536231884058,0.14166666666666666,4,0.1,1.0,0.6499999999999999
R4,5,0.05,17,12,0.5862068965517241,0.4358974358974359,0.5,0.14166666666666666,4,0.0,0.5,0.7
R4,5,0.05,17,12,0.5862068965517241,0.4358974358974359,0.5,0.14166666666666666,4,0.0,0.6,0.7
R4,5,0.05,17,12,0.5862068965517241,0.4358974358974359,0.5,0.14166666666666666,4,0.0,0.7,0.7
R4,5,0.05,17,12,0.5862068965517241,0.4358974358974359,0.5,0.14166666666666666,4,0.0,0.8,0.7
R4,5,0.05,17,12,0.5862068965517241,0.4358974358974359,0.5,0.14166666666666666,4,0.0,0.9,0.7
R4,5,0.05,17,12,0.5862068965517241,0.4358974358974359,0.5,0.14166666666666666,4,0.0,1.0,0.7
R4,5,0.05,17,12,0.5862068965517241,0.4358974358974359,0.5,0.14166666666666666,4,0.05,0.5,0.7
R4,5,0.05,17,12,0.5862068965517241,0.4358974358974359,0.5,0.14166666666666666,4,0.05,0.6,0.7
R4,5,0.05,17,12,0.5862068965517241,0.4358974358974359,0.5,0.14166666666666666,4,0.05,0.7,0.7
R4,5,0.05,17,12,0.5862068965517241,0.4358974358974359,0.5,0.14166666666666666,4,0.05,0.8,0.7
R4,5,0.05,17,12,0.5862068965517241,0.4358974358974359,0.5,0.14166666666666666,4,0.05,0.9,0.7
R4,5,0.05,17,12,0.5862068965517241,0.4358974358974359,0.5,0.14166666666666666,4,0.05,1.0,0.7
R4,5,0.05,17,12,0.5862068965517241,0.4358974358974359,0.5,0.14166666666666666,4,0.1,0.5,0.7
R4,5,0.05,17,12,0.5862068965517241,0.4358974358974359,0.5,0.14166666666666666,4,0.1,0.6,0.7
R4,5,0.05,17,12,0.5862068965517241,0.4358974358974359,0.5,0.14166666666666666,4,0.1,0.7,0.7
R4,5,0.05,17,12,0.5862068965517241,0.4358974358974359,0.5,0.14166666666666666,4,0.1,0.8,0.7
R4,5,0.05,17,12,0.5862068965517241,0.4358974358974359,0.5,0.14166666666666666,4,0.1,0.9,0.7
R4,5,0.05,17,12,0.5862068965517241,0.4358974358974359,0.5,0.14166666666666666,4,0.1,1.0,0.7
R4,5,0.07500000000000001,28,34,0.45161290322580644,0.717948717948718,0.5544554455445545,0.23333333333333334,4,0.0,0.5,0.4
R4,5,0.07500000000000001,28,34,0.45161290322580644,0.717948717948718,0.5544554455445545,0.23333333333333334,4,0.0,0.6,0.4
R4,5,0.07500000000000001,27,34,0.4426229508196721,0.6923076923076923,0.5399999999999999,0.225,4,0.0,0.7,0.4
R4,5,0.07500000000000001,26,34,0.43333333333333335,0.6666666666666666,0.5252525252525252,0.21666666666666667,4,0.0,0.8,0.4
R4,5,0.07500000000000001,26,34,0.43333333333333335,0.6666666666666666,0.5252525252525252,0.21666666666666667,4,0.0,0.9,0.4
R4,5,0.07500000000000001,26,34,0.43333333333333335,0.6666666666666666,0.5252525252525252,0.21666666666666667,4,0.0,1.0,0.4
R4,5,0.07500000000000001,28,34,0.45161290322580644,0.717948717948718,0.5544554455445545,0.23333333333333334,4,0.05,0.5,0.4
R4,5,0.07500000000000001,28,34,0.45161290322580644,0.717948717948718,0.5544554455445545,0.23333333333333334,4,0.05,0.6,0.4
R4,5,0.07500000000000001,27,34,0.4426229508196721,0.6923076923076923,0.5399999999999999,0.225,4,0.05,0.7,0.4
R4,5,0.07500000000000001,26,34,0.43333333333333335,0.6666666666666666,0.5252525252525252,0.21666666666666667,4,0.05,0.8,0.4
R4,5,0.07500000000000001,26,34,0.43333333333333335,0.6666666666666666,0.5252525252525252,0.21666666666666667,4,0.05,0.9,0.4
R4,5,0.07500000000000001,26,34,0.43333333333333335,0.6666666666666666,0.5252525252525252,0.21666666666666667,4,0.05,1.0,0.4
R4,5,0.07500000000000001,28,34,0.45161290322580644,0.717948717948718,0.5544554455445545,0.23333333333333334,4,0.1,0.5,0.4
R4,5,0.07500000000000001,28,34,0.45161290322580644,0.717948717948718,0.5544554455445545,0.23333333333333334,4,0.1,0.6,0.4
R4,5,0.07500000000000001,27,34,0.4426229508196721,0.6923076923076923,0.5399999999999999,0.225,4,0.1,0.7,0.4
R4,5,0.07500000000000001,26,34,0.43333333333333335,0.6666666666666666,0.5252525252525252,0.21666666666666667,4,0.1,0.8,0.4
R4,5,0.07500000000000001,26,34,0.43333333333333335,0.6666666666666666,0.5252525252525252,0.21666666666666667,4,0.1,0.9,0.4
R4,5,0.07500000000000001,26,34,0.43333333333333335,0.6666666666666666,0.5252525252525252,0.21666666666666667,4,0.1,1.0,0.4
R4,5,0.07500000000000001,24,29,0.4528301886792453,0.6153846153846154,0.5217391304347827,0.2,4,0.0,0.5,0.45
R4,5,0.07500000000000001,24,29,0.4528301886792453,0.6153846153846154,0.5217391304347827,0.2,4,0.0,0.6,0.45
R4,5,0.07500000000000001,23,29,0.4423076923076923,0.5897435897435898,0.5054945054945056,0.19166666666666668,4,0.0,0.7,0.45
R4,5,0.07500000000000001,23,29,0.4423076923076923,0.5897435897435898,0.5054945054945056,0.19166666666666668,4,0.0,0.8,0.45
R4,5,0.07500000000000001,23,29,0.4423076923076923,0.5897435897435898,0.5054945054945056,0.19166666666666668,4,0.0,0.9,0.45
R4,5,0.07500000000000001,23,29,0.4423076923076923,0.5897435897435898,0.5054945054945056,0.19166666666666668,4,0.0,1.0,0.45
R4,5,0.07500000000000001,24,29,0.4528301886792453,0.6153846153846154,0.5217391304347827,0.2,4,0.05,0.5,0.45
R4,5,0.07500000000000001,24,29,0.4528301886792453,0.6153846153846154,0.5217391304347827,0.2,4,0.05,0.6,0.45
R4,5,0.07500000000000001,23,29,0.4423076923076923,0.5897435897435898,0.5054945054945056,0.19166666666666668,4,0.05,0.7,0.45
R4,5,0.07500000000000001,23,29,0.4423076923076923,0.5897435897435898,0.5054945054945056,0.19166666666666668,4,0.05,0.8,0.45
R4,5,0.07500000000000001,23,29,0.4423076923076923,0.5897435897435898,0.5054945054945056,0.19166666666666668,4,0.05,0.9,0.45
R4,5,0.07500000000000001,23,29,0.4423076923076923,0.5897435897435898,0.5054945054945056,0.19166666666666668,4,0.05,1.0,0.45
R4,5,0.07500000000000001,24,29,0.4528301886792453,0.6153846153846154,0.5217391304347827,0.2,4,0.1,0.5,0.45
R4,5,0.07500000000000001,24,29,0.4528301886792453,0.6153846153846154,0.5217391304347827,0.2,4,0.1,0.6,0.45
R4,5,0.07500000000000001,23,29,0.4423076923076923,0.5897435897435898,0.5054945054945056,0.19166666666666668,4,0.1,0.7,0.45
R4,5,0.07500000000000001,23,29,0.4423076923076923,0.5897435897435898,0.5054945054945056,0.19166666666666668,4,0.1,0.8,0.45
R4,5,0.07500000000000001,23,29,0.4423076923076923,0.5897435897435898,0.5054945054945056,0.19166666666666668,4,0.1,0.9,0.45
R4,5,0.07500000000000001,23,29,0.4423076923076923,0.5897435897435898,0.5054945054945056,0.19166666666666668,4,0.1,1.0,0.45
R4,5,0.07500000000000001,23,26,0.46938775510204084,0.5897435897435898,0.5227272727272727,0.19166666666666668,4,0.0,0.5,0.5
R4,5,0.07500000000000001,23,26,0.46938775510204084,0.5897435897435898,0.5227272727272727,0.19166666666666668,4,0.0,0.6,0.5
R4,5,0.07500000000000001,23,26,0.46938775510204084,0.5897435897435898,0.5227272727272727,0.19166666666666668,4,0.0,0.7,0.5
R4,5,0.07500000000000001,23,26,0.46938775510204084,0.5897435897435898,0.5227272727272727,0.19166666666666668,4,0.0,0.8,0.5
R4,5,0.07500000000000001,23,26,0.46938775510204084,0.5897435897435898,0.5227272727272727,0.19166666666666668,4,0.0,0.9,0.5
R4,5,0.07500000000000001,23,26,0.46938775510204084,0.5897435897435898,0.5227272727272727,0.19166666666666668,4,0.0,1.0,0.5
R4,5,0.07500000000000001,23,26,0.46938775510204084,0.5897435897435898,0.5227272727272727,0.19166666666666668,4,0.05,0.5,0.5
R4,5,0.07500000000000001,23,26,0.46938775510204084,0.5897435897435898,0.5227272727272727,0.19166666666666668,4,0.05,0.6,0.5
R4,5,0.07500000000000001,23,26,0.46938775510204084,0.5897435897435898,0.5227272727272727,0.19166666666666668,4,0.05,0.7,0.5
R4,5,0.07500000000000001,23,26,0.46938775510204084,0.5897435897435898,0.5227272727272727,0.19166666666666668,4,0.05,0.8,0.5
R4,5,0.07500000000000001,23,26,0.46938775510204084,0.5897435897435898,0.5227272727272727,0.19166666666666668,4,0.05,0.9,0.5
R4,5,0.07500000000000001,23,26,0.46938775510204084,0.5897435897435898,0.5227272727272727,0.19166666666666668,4,0.05,1.0,0.5
R4,5,0.07500000000000001,23,26,0.46938775510204084,0.5897435897435898,0.5227272727272727,0.19166666666666668,4,0.1,0.5,0.5
R4,5,0.07500000000000001,23,26,0.46938775510204084,0.5897435897435898,0.5227272727272727,0.19166666666666668,4,0.1,0.6,0.5
R4,5,0.07500000000000001,23,26,0.46938775510204084,0.5897435897435898,0.5227272727272727,0.19166666666666668,4,0.1,0.7,0.5
R4,5,0.07500000000000001,23,26,0.46938775510204084,0.5897435897435898,0.5227272727272727,0.19166666666666668,4,0.1,0.8,0.5
R4,5,0.07500000000000001,23,26,0.46938775510204084,0.5897435897435898,0.5227272727272727,0.19166666666666668,4,0.1,0.9,0.5
R4,5,0.07500000000000001,23,26,0.46938775510204084,0.5897435897435898,0.5227272727272727,0.19166666666666668,4,0.1,1.0,0.5
R4,5,0.07500000000000001,19,22,0.4634146341463415,0.48717948717948717,0.47500000000000003,0.15833333333333333,4,0.0,0.5,0.55
R4,5,0.07500000000000001,19,22,0.4634146341463415,0.48717948717948717,0.47500000000000003,0.15833333333333333,4,0.0,0.6,0.55
R4,5,0.07500000000000001,19,22,0.4634146341463415,0.48717948717948717,0.47500000000000003,0.15833333333333333,4,0.0,0.7,0.55
R4,5,0.07500000000000001,19,22,0.4634146341463415,0.48717948717948717,0.47500000000000003,0.15833333333333333,4,0.0,0.8,0.55
R4,5,0.07500000000000001,19,22,0.4634146341463415,0.48717948717948717,0.47500000000000003,0.15833333333333333,4,0.0,0.9,0.55
R4,5,0.07500000000000001,19,22,0.4634146341463415,0.48717948717948717,0.47500000000000003,0.15833333333333333,4,0.0,1.0,0.55
R4,5,0.07500000000000001,19,22,0.4634146341463415,0.48717948717948717,0.47500000000000003,0.15833333333333333,4,0.05,0.5,0.55
R4,5,0.07500000000000001,19,22,0.4634146341463415,0.48717948717948717,0.47500000000000003,0.15833333333333333,4,0.05,0.6,0.55
R4,5,0.07500000000000001,19,22,0.4634146341463415,0.48717948717948717,0.47500000000000003,0.15833333333333333,4,0.05,0.7,0.55
R4,5,0.07500000000000001,19,22,0.4634146341463415,0.48717948717948717,0.47500000000000003,0.15833333333333333,4,0.05,0.8,0.55
R4,5,0.07500000000000001,19,22,0.4634146341463415,0.48717948717948717,0.47500000000000003,0.15833333333333333,4,0.05,0.9,0.55
R4,5,0.07500000000000001,19,22,0.4634146341463415,0.48717948717948717,0.47500000000000003,0.15833333333333333,4,0.05,1.0,0.55
R4,5,0.07500000000000001,19,22,0.4634146341463415,0.48717948717948717,0.47500000000000003,0.15833333333333333,4,0.1,0.5,0.55
R4,5,0.07500000000000001,19,22,0.4634146341463415,0.48717948717948717,0.47500000000000003,0.15833333333333333,4,0.1,0.6,0.55
R4,5,0.07500000000000001,19,22,0.4634146341463415,0.48717948717948717,0.47500000000000003,0.15833333333333333,4,0.1,0.7,0.55
R4,5,0.07500000000000001,19,22,0.4634146341463415,0.48717948717948717,0.47500000000000003,0.15833333333333333,4,0.1,0.8,0.55
R4,5,0.07500000000000001,19,22,0.4634146341463415,0.48717948717948717,0.47500000000000003,0.15833333333333333,4,0.1,0.9,0.55
R4,5,0.07500000000000001,19,22,0.4634146341463415,0.48717948717948717,0.47500000000000003,0.15833333333333333,4,0.1,1.0,0.55
R4,5,0.07500000000000001,18,16,0.5294117647058824,0.46153846153846156,0.4931506849315069,0.15,4,0.0,0.5,0.6
R4,5,0.07500000000000001,18,16,0.5294117647058824,0.46153846153846156,0.4931506849315069,0.15,4,0.0,0.6,0.6
R4,5,0.07500000000000001,18,16,0.5294117647058824,0.46153846153846156,0.4931506849315069,0.15,4,0.0,0.7,0.6
R4,5,0.07500000000000001,18,16,0.5294117647058824,0.46153846153846156,0.4931506849315069,0.15,4,0.0,0.8,0.6
R4,5,0.07500000000000001,18,16,0.5294117647058824,0.46153846153846156,0.4931506849315069,0.15,4,0.0,0.9,0.6
R4,5,0.07500000000000001,18,16,0.5294117647058824,0.46153846153846156,0.4931506849315069,0.15,4,0.0,1.0,0.6
R4,5,0.07500000000000001,18,16,0.5294117647058824,0.46153846153846156,0.4931506849315069,0.15,4,0.05,0.5,0.6
R4,5,0.07500000000000001,18,16,0.5294117647058824,0.46153846153846156,0.4931506849315069,0.15,4,0.05,0.6,0.6
R4,5,0.07500000000000001,18,16,0.5294117647058824,0.46153846153846156,0.4931506849315069,0.15,4,0.05,0.7,0.6
R4,5,0.07500000000000001,18,16,0.5294117647058824,0.46153846153846156,0.4931506849315069,0.15,4,0.05,0.8,0.6
R4,5,0.07500000000000001,18,16,0.5294117647058824,0.46153846153846156,0.4931506849315069,0.15,4,0.05,0.9,0.6
R4,5,0.07500000000000001,18,16,0.5294117647058824,0.46153846153846156,0.4931506849315069,0.15,4,0.05,1.0,0.6
R4,5,0.07500000000000001,18,16,0.5294117647058824,0.46153846153846156,0.4931506849315069,0.15,4,0.1,0.5,0.6
R4,5,0.07500000000000001,18,16,0.5294117647058824,0.46153846153846156,0.4931506849315069,0.15,4,0.1,0.6,0.6
R4,5,0.07500000000000001,18,16,0.5294117647058824,0.46153846153846156,0.4931506849315069,0.15,4,0.1,0.7,0.6
R4,5,0.07500000000000001,18,16,0.5294117647058824,0.46153846153846156,0.4931506849315069,0.15,4,0.1,0.8,0.6
R4,5,0.07500000000000001,18,16,0.5294117647058824,0.46153846153846156,0.4931506849315069,0.15,4,0.1,0.9,0.6
R4,5,0.07500000000000001,18,16,0.5294117647058824,0.46153846153846156,0.4931506849315069,0.15,4,0.1,1.0,0.6
R4,5,0.07500000000000001,17,13,0.5666666666666667,0.4358974358974359,0.4927536231884058,0.14166666666666666,4,0.0,0.5,0.6499999999999999
R4,5,0.07500000000000001,17,13,0.5666666666666667,0.4358974358974359,0.4927536231884058,0.14166666666666666,4,0.0,0.6,0.6499999999999999
R4,5,0.07500000000000001,17,13,0.5666666666666667,0.4358974358974359,0.4927536231884058,0.14166666666666666,4,0.0,0.7,0.6499999999999999
R4,5,0.07500000000000001,17,13,0.5666666666666667,0.4358974358974359,0.4927536231884058,0.14166666666666666,4,0.0,0.8,0.6499999999999999
R4,5,0.07500000000000001,17,13,0.5666666666666667,0.4358974358974359,0.4927536231884058,0.14166666666666666,4,0.0,0.9,0.6499999999999999
R4,5,0.07500000000000001,17,13,0.5666666666666667,0.4358974358974359,0.4927536231884058,0.14166666666666666,4,0.0,1.0,0.6499999999999999
R4,5,0.07500000000000001,17,13,0.5666666666666667,0.4358974358974359,0.4927536231884058,0.14166666666666666,4,0.05,0.5,0.6499999999999999
R4,5,0.07500000000000001,17,13,0.5666666666666667,0.4358974358974359,0.4927536231884058,0.14166666666666666,4,0.05,0.6,0.6499999999999999
R4,5,0.07500000000000001,17,13,0.5666666666666667,0.4358974358974359,0.4927536231884058,0.14166666666666666,4,0.05,0.7,0.6499999999999999
R4,5,0.07500000000000001,17,13,0.5666666666666667,0.4358974358974359,0.4927536231884058,0.14166666666666666,4,0.05,0.8,0.6499999999999999
R4,5,0.07500000000000001,17,13,0.5666666666666667,0.4358974358974359,0.4927536231884058,0.14166666666666666,4,0.05,0.9,0.6499999999999999
R4,5,0.07500000000000001,17,13,0.5666666666666667,0.4358974358974359,0.4927536231884058,0.14166666666666666,4,0.05,1.0,0.6499999999999999
R4,5,0.07500000000000001,17,13,0.5666666666666667,0.4358974358974359,0.4927536231884058,0.14166666666666666,4,0.1,0.5,0.6499999999999999
R4,5,0.07500000000000001,17,13,0.5666666666666667,0.4358974358974359,0.4927536231884058,0.14166666666666666,4,0.1,0.6,0.6499999999999999
R4,5,0.07500000000000001,17,13,0.5666666666666667,0.4358974358974359,0.4927536231884058,0.14166666666666666,4,0.1,0.7,0.6499999999999999
R4,5,0.07500000000000001,17,13,0.5666666666666667,0.4358974358974359,0.4927536231884058,0.14166666666666666,4,0.1,0.8,0.6499999999999999
R4,5,0.07500000000000001,17,13,0.5666666666666667,0.4358974358974359,0.4927536231884058,0.14166666666666666,4,0.1,0.9,0.6499999999999999
R4,5,0.07500000000000001,17,13,0.5666666666666667,0.4358974358974359,0.4927536231884058,0.14166666666666666,4,0.1,1.0,0.6499999999999999
R4,5,0.07500000000000001,17,12,0.5862068965517241,0.4358974358974359,0.5,0.14166666666666666,4,0.0,0.5,0.7
R4,5,0.07500000000000001,17,12,0.5862068965517241,0.4358974358974359,0.5,0.14166666666666666,4,0.0,0.6,0.7
R4,5,0.07500000000000001,17,12,0.5862068965517241,0.4358974358974359,0.5,0.14166666666666666,4,0.0,0.7,0.7
R4,5,0.07500000000000001,17,12,0.5862068965517241,0.4358974358974359,0.5,0.14166666666666666,4,0.0,0.8,0.7
R4,5,0.07500000000000001,17,12,0.5862068965517241,0.4358974358974359,0.5,0.14166666666666666,4,0.0,0.9,0.7
R4,5,0.07500000000000001,17,12,0.5862068965517241,0.4358974358974359,0.5,0.14166666666666666,4,0.0,1.0,0.7
R4,5,0.07500000000000001,17,12,0.5862068965517241,0.4358974358974359,0.5,0.14166666666666666,4,0.05,0.5,0.7
R4,5,0.07500000000000001,17,12,0.5862068965517241,0.4358974358974359,0.5,0.14166666666666666,4,0.05,0.6,0.7
R4,5,0.07500000000000001,17,12,0.5862068965517241,0.4358974358974359,0.5,0.14166666666666666,4,0.05,0.7,0.7
R4,5,0.07500000000000001,17,12,0.5862068965517241,0.4358974358974359,0.5,0.14166666666666666,4,0.05,0.8,0.7
R4,5,0.07500000000000001,17,12,0.5862068965517241,0.4358974358974359,0.5,0.14166666666666666,4,0.05,0.9,0.7
R4,5,0.07500000000000001,17,12,0.5862068965517241,0.4358974358974359,0.5,0.14166666666666666,4,0.05,1.0,0.7
R4,5,0.07500000000000001,17,12,0.5862068965517241,0.4358974358974359,0.5,0.14166666666666666,4,0.1,0.5,0.7
R4,5,0.07500000000000001,17,12,0.5862068965517241,0.4358974358974359,0.5,0.14166666666666666,4,0.1,0.6,0.7
R4,5,0.07500000000000001,17,12,0.5862068965517241,0.4358974358974359,0.5,0.14166666666666666,4,0.1,0.7,0.7
R4,5,0.07500000000000001,17,12,0.5862068965517241,0.4358974358974359,0.5,0.14166666666666666,4,0.1,0.8,0.7
R4,5,0.07500000000000001,17,12,0.5862068965517241,0.4358974358974359,0.5,0.14166666666666666,4,0.1,0.9,0.7
R4,5,0.07500000000000001,17,12,0.5862068965517241,0.4358974358974359,0.5,0.14166666666666666,4,0.1,1.0,0.7
R4,5,0.1,28,34,0.45161290322580644,0.717948717948718,0.5544554455445545,0.23333333333333334,4,0.0,0.5,0.4
R4,5,0.1,28,34,0.45161290322580644,0.717948717948718,0.5544554455445545,0.23333333333333334,4,0.0,0.6,0.4
R4,5,0.1,27,34,0.4426229508196721,0.6923076923076923,0.5399999999999999,0.225,4,0.0,0.7,0.4
R4,5,0.1,26,34,0.43333333333333335,0.6666666666666666,0.5252525252525252,0.21666666666666667,4,0.0,0.8,0.4
R4,5,0.1,26,34,0.43333333333333335,0.6666666666666666,0.5252525252525252,0.21666666666666667,4,0.0,0.9,0.4
R4,5,0.1,26,34,0.43333333333333335,0.6666666666666666,0.5252525252525252,0.21666666666666667,4,0.0,1.0,0.4
R4,5,0.1,28,34,0.45161290322580644,0.717948717948718,0.5544554455445545,0.23333333333333334,4,0.05,0.5,0.4
R4,5,0.1,28,34,0.45161290322580644,0.717948717948718,0.5544554455445545,0.23333333333333334,4,0.05,0.6,0.4
R4,5,0.1,27,34,0.4426229508196721,0.6923076923076923,0.5399999999999999,0.225,4,0.05,0.7,0.4
R4,5,0.1,26,34,0.43333333333333335,0.6666666666666666,0.5252525252525252,0.21666666666666667,4,0.05,0.8,0.4
R4,5,0.1,26,34,0.43333333333333335,0.6666666666666666,0.5252525252525252,0.21666666666666667,4,0.05,0.9,0.4
R4,5,0.1,26,34,0.43333333333333335,0.6666666666666666,0.5252525252525252,0.21666666666666667,4,0.05,1.0,0.4
R4,5,0.1,28,34,0.45161290322580644,0.717948717948718,0.5544554455445545,0.23333333333333334,4,0.1,0.5,0.4
R4,5,0.1,28,34,0.45161290322580644,0.717948717948718,0.5544554455445545,0.23333333333333334,4,0.1,0.6,0.4
R4,5,0.1,27,34,0.4426229508196721,0.6923076923076923,0.5399999999999999,0.225,4,0.1,0.7,0.4
R4,5,0.1,26,34,0.43333333333333335,0.6666666666666666,0.5252525252525252,0.21666666666666667,4,0.1,0.8,0.4
R4,5,0.1,26,34,0.43333333333333335,0.6666666666666666,0.5252525252525252,0.21666666666666667,4,0.1,0.9,0.4
R4,5,0.1,26,34,0.43333333333333335,0.6666666666666666,0.5252525252525252,0.21666666666666667,4,0.1,1.0,0.4
R4,5,0.1,24,29,0.4528301886792453,0.6153846153846154,0.5217391304347827,0.2,4,0.0,0.5,0.45
R4,5,0.1,24,29,0.4528301886792453,0.6153846153846154,0.5217391304347827,0.2,4,0.0,0.6,0.45
R4,5,0.1,23,29,0.4423076923076923,0.5897435897435898,0.5054945054945056,0.19166666666666668,4,0.0,0.7,0.45
R4,5,0.1,23,29,0.4423076923076923,0.5897435897435898,0.5054945054945056,0.19166666666666668,4,0.0,0.8,0.45
R4,5,0.1,23,29,0.4423076923076923,0.5897435897435898,0.5054945054945056,0.19166666666666668,4,0.0,0.9,0.45
R4,5,0.1,23,29,0.4423076923076923,0.5897435897435898,0.5054945054945056,0.19166666666666668,4,0.0,1.0,0.45
R4,5,0.1,24,29,0.4528301886792453,0.6153846153846154,0.5217391304347827,0.2,4,0.05,0.5,0.45
R4,5,0.1,24,29,0.4528301886792453,0.6153846153846154,0.5217391304347827,0.2,4,0.05,0.6,0.45
R4,5,0.1,23,29,0.4423076923076923,0.5897435897435898,0.5054945054945056,0.19166666666666668,4,0.05,0.7,0.45
R4,5,0.1,23,29,0.4423076923076923,0.5897435897435898,0.5054945054945056,0.19166666666666668,4,0.05,0.8,0.45
R4,5,0.1,23,29,0.4423076923076923,0.5897435897435898,0.5054945054945056,0.19166666666666668,4,0.05,0.9,0.45
R4,5,0.1,23,29,0.4423076923076923,0.5897435897435898,0.5054945054945056,0.19166666666666668,4,0.05,1.0,0.45
R4,5,0.1,24,29,0.4528301886792453,0.6153846153846154,0.5217391304347827,0.2,4,0.1,0.5,0.45
R4,5,0.1,24,29,0.4528301886792453,0.6153846153846154,0.5217391304347827,0.2,4,0.1,0.6,0.45
R4,5,0.1,23,29,0.4423076923076923,0.5897435897435898,0.5054945054945056,0.19166666666666668,4,0.1,0.7,0.45
R4,5,0.1,23,29,0.4423076923076923,0.5897435897435898,0.5054945054945056,0.19166666666666668,4,0.1,0.8,0.45
R4,5,0.1,23,29,0.4423076923076923,0.5897435897435898,0.5054945054945056,0.19166666666666668,4,0.1,0.9,0.45
R4,5,0.1,23,29,0.4423076923076923,0.5897435897435898,0.5054945054945056,0.19166666666666668,4,0.1,1.0,0.45
R4,5,0.1,23,26,0.46938775510204084,0.5897435897435898,0.5227272727272727,0.19166666666666668,4,0.0,0.5,0.5
R4,5,0.1,23,26,0.46938775510204084,0.5897435897435898,0.5227272727272727,0.19166666666666668,4,0.0,0.6,0.5
R4,5,0.1,23,26,0.46938775510204084,0.5897435897435898,0.5227272727272727,0.19166666666666668,4,0.0,0.7,0.5
R4,5,0.1,23,26,0.46938775510204084,0.5897435897435898,0.5227272727272727,0.19166666666666668,4,0.0,0.8,0.5
R4,5,0.1,23,26,0.46938775510204084,0.5897435897435898,0.5227272727272727,0.19166666666666668,4,0.0,0.9,0.5
R4,5,0.1,23,26,0.46938775510204084,0.5897435897435898,0.5227272727272727,0.19166666666666668,4,0.0,1.0,0.5
R4,5,0.1,23,26,0.46938775510204084,0.5897435897435898,0.5227272727272727,0.19166666666666668,4,0.05,0.5,0.5
R4,5,0.1,23,26,0.46938775510204084,0.5897435897435898,0.5227272727272727,0.19166666666666668,4,0.05,0.6,0.5
R4,5,0.1,23,26,0.46938775510204084,0.5897435897435898,0.5227272727272727,0.19166666666666668,4,0.05,0.7,0.5
R4,5,0.1,23,26,0.46938775510204084,0.5897435897435898,0.5227272727272727,0.19166666666666668,4,0.05,0.8,0.5
R4,5,0.1,23,26,0.46938775510204084,0.5897435897435898,0.5227272727272727,0.19166666666666668,4,0.05,0.9,0.5
R4,5,0.1,23,26,0.46938775510204084,0.5897435897435898,0.5227272727272727,0.19166666666666668,4,0.05,1.0,0.5
R4,5,0.1,23,26,0.46938775510204084,0.5897435897435898,0.5227272727272727,0.19166666666666668,4,0.1,0.5,0.5
R4,5,0.1,23,26,0.46938775510204084,0.5897435897435898,0.5227272727272727,0.19166666666666668,4,0.1,0.6,0.5
R4,5,0.1,23,26,0.46938775510204084,0.5897435897435898,0.5227272727272727,0.19166666666666668,4,0.1,0.7,0.5
R4,5,0.1,23,26,0.46938775510204084,0.5897435897435898,0.5227272727272727,0.19166666666666668,4,0.1,0.8,0.5
R4,5,0.1,23,26,0.46938775510204084,0.5897435897435898,0.5227272727272727,0.19166666666666668,4,0.1,0.9,0.5
R4,5,0.1,23,26,0.46938775510204084,0.5897435897435898,0.5227272727272727,0.19166666666666668,4,0.1,1.0,0.5
R4,5,0.1,19,22,0.4634146341463415,0.48717948717948717,0.47500000000000003,0.15833333333333333,4,0.0,0.5,0.55
R4,5,0.1,19,22,0.4634146341463415,0.48717948717948717,0.47500000000000003,0.15833333333333333,4,0.0,0.6,0.55
R4,5,0.1,19,22,0.4634146341463415,0.48717948717948717,0.47500000000000003,0.15833333333333333,4,0.0,0.7,0.55
R4,5,0.1,19,22,0.4634146341463415,0.48717948717948717,0.47500000000000003,0.15833333333333333,4,0.0,0.8,0.55
R4,5,0.1,19,22,0.4634146341463415,0.48717948717948717,0.47500000000000003,0.15833333333333333,4,0.0,0.9,0.55
R4,5,0.1,19,22,0.4634146341463415,0.48717948717948717,0.47500000000000003,0.15833333333333333,4,0.0,1.0,0.55
R4,5,0.1,19,22,0.4634146341463415,0.48717948717948717,0.47500000000000003,0.15833333333333333,4,0.05,0.5,0.55
R4,5,0.1,19,22,0.4634146341463415,0.48717948717948717,0.47500000000000003,0.15833333333333333,4,0.05,0.6,0.55
R4,5,0.1,19,22,0.4634146341463415,0.48717948717948717,0.47500000000000003,0.15833333333333333,4,0.05,0.7,0.55
R4,5,0.1,19,22,0.4634146341463415,0.48717948717948717,0.47500000000000003,0.15833333333333333,4,0.05,0.8,0.55
R4,5,0.1,19,22,0.4634146341463415,0.48717948717948717,0.47500000000000003,0.15833333333333333,4,0.05,0.9,0.55
R4,5,0.1,19,22,0.4634146341463415,0.48717948717948717,0.47500000000000003,0.15833333333333333,4,0.05,1.0,0.55
R4,5,0.1,19,22,0.4634146341463415,0.48717948717948717,0.47500000000000003,0.15833333333333333,4,0.1,0.5,0.55
R4,5,0.1,19,22,0.4634146341463415,0.48717948717948717,0.47500000000000003,0.15833333333333333,4,0.1,0.6,0.55
R4,5,0.1,19,22,0.4634146341463415,0.48717948717948717,0.47500000000000003,0.15833333333333333,4,0.1,0.7,0.55
R4,5,0.1,19,22,0.4634146341463415,0.48717948717948717,0.47500000000000003,0.15833333333333333,4,0.1,0.8,0.55
R4,5,0.1,19,22,0.4634146341463415,0.48717948717948717,0.47500000000000003,0.15833333333333333,4,0.1,0.9,0.55
R4,5,0.1,19,22,0.4634146341463415,0.48717948717948717,0.47500000000000003,0.15833333333333333,4,0.1,1.0,0.55
R4,5,0.1,18,16,0.5294117647058824,0.46153846153846156,0.4931506849315069,0.15,4,0.0,0.5,0.6
R4,5,0.1,18,16,0.5294117647058824,0.46153846153846156,0.4931506849315069,0.15,4,0.0,0.6,0.6
R4,5,0.1,18,16,0.5294117647058824,0.46153846153846156,0.4931506849315069,0.15,4,0.0,0.7,0.6
R4,5,0.1,18,16,0.5294117647058824,0.46153846153846156,0.4931506849315069,0.15,4,0.0,0.8,0.6
R4,5,0.1,18,16,0.5294117647058824,0.46153846153846156,0.4931506849315069,0.15,4,0.0,0.9,0.6
R4,5,0.1,18,16,0.5294117647058824,0.46153846153846156,0.4931506849315069,0.15,4,0.0,1.0,0.6
R4,5,0.1,18,16,0.5294117647058824,0.46153846153846156,0.4931506849315069,0.15,4,0.05,0.5,0.6
R4,5,0.1,18,16,0.5294117647058824,0.46153846153846156,0.4931506849315069,0.15,4,0.05,0.6,0.6
R4,5,0.1,18,16,0.5294117647058824,0.46153846153846156,0.4931506849315069,0.15,4,0.05,0.7,0.6
R4,5,0.1,18,16,0.5294117647058824,0.46153846153846156,0.4931506849315069,0.15,4,0.05,0.8,0.6
R4,5,0.1,18,16,0.5294117647058824,0.46153846153846156,0.4931506849315069,0.15,4,0.05,0.9,0.6
R4,5,0.1,18,16,0.5294117647058824,0.46153846153846156,0.4931506849315069,0.15,4,0.05,1.0,0.6
R4,5,0.1,18,16,0.5294117647058824,0.46153846153846156,0.4931506849315069,0.15,4,0.1,0.5,0.6
R4,5,0.1,18,16,0.5294117647058824,0.46153846153846156,0.4931506849315069,0.15,4,0.1,0.6,0.6
R4,5,0.1,18,16,0.5294117647058824,0.46153846153846156,0.4931506849315069,0.15,4,0.1,0.7,0.6
R4,5,0.1,18,16,0.5294117647058824,0.46153846153846156,0.4931506849315069,0.15,4,0.1,0.8,0.6
R4,5,0.1,18,16,0.5294117647058824,0.46153846153846156,0.4931506849315069,0.15,4,0.1,0.9,0.6
R4,5,0.1,18,16,0.5294117647058824,0.46153846153846156,0.4931506849315069,0.15,4,0.1,1.0,0.6
R4,5,0.1,17,13,0.5666666666666667,0.4358974358974359,0.4927536231884058,0.14166666666666666,4,0.0,0.5,0.6499999999999999
R4,5,0.1,17,13,0.5666666666666667,0.4358974358974359,0.4927536231884058,0.14166666666666666,4,0.0,0.6,0.6499999999999999
R4,5,0.1,17,13,0.5666666666666667,0.4358974358974359,0.4927536231884058,0.14166666666666666,4,0.0,0.7,0.6499999999999999
R4,5,0.1,17,13,0.5666666666666667,0.4358974358974359,0.4927536231884058,0.14166666666666666,4,0.0,0.8,0.6499999999999999
R4,5,0.1,17,13,0.5666666666666667,0.4358974358974359,0.4927536231884058,0.14166666666666666,4,0.0,0.9,0.6499999999999999
R4,5,0.1,17,13,0.5666666666666667,0.4358974358974359,0.4927536231884058,0.14166666666666666,4,0.0,1.0,0.6499999999999999
R4,5,0.1,17,13,0.5666666666666667,0.4358974358974359,0.4927536231884058,0.14166666666666666,4,0.05,0.5,0.6499999999999999
R4,5,0.1,17,13,0.5666666666666667,0.4358974358974359,0.4927536231884058,0.14166666666666666,4,0.05,0.6,0.6499999999999999
R4,5,0.1,17,13,0.5666666666666667,0.4358974358974359,0.4927536231884058,0.14166666666666666,4,0.05,0.7,0.6499999999999999
R4,5,0.1,17,13,0.5666666666666667,0.4358974358974359,0.4927536231884058,0.14166666666666666,4,0.05,0.8,0.6499999999999999
R4,5,0.1,17,13,0.5666666666666667,0.4358974358974359,0.4927536231884058,0.14166666666666666,4,0.05,0.9,0.6499999999999999
R4,5,0.1,17,13,0.5666666666666667,0.4358974358974359,0.4927536231884058,0.14166666666666666,4,0.05,1.0,0.6499999999999999
R4,5,0.1,17,13,0.5666666666666667,0.4358974358974359,0.4927536231884058,0.14166666666666666,4,0.1,0.5,0.6499999999999999
R4,5,0.1,17,13,0.5666666666666667,0.4358974358974359,0.4927536231884058,0.14166666666666666,4,0.1,0.6,0.6499999999999999
R4,5,0.1,17,13,0.5666666666666667,0.4358974358974359,0.4927536231884058,0.14166666666666666,4,0.1,0.7,0.6499999999999999
R4,5,0.1,17,13,0.5666666666666667,0.4358974358974359,0.4927536231884058,0.14166666666666666,4,0.1,0.8,0.6499999999999999
R4,5,0.1,17,13,0.5666666666666667,0.4358974358974359,0.4927536231884058,0.14166666666666666,4,0.1,0.9,0.6499999999999999
R4,5,0.1,17,13,0.5666666666666667,0.4358974358974359,0.4927536231884058,0.14166666666666666,4,0.1,1.0,0.6499999999999999
R4,5,0.1,17,12,0.5862068965517241,0.4358974358974359,0.5,0.14166666666666666,4,0.0,0.5,0.7
R4,5,0.1,17,12,0.5862068965517241,0.4358974358974359,0.5,0.14166666666666666,4,0.0,0.6,0.7
R4,5,0.1,17,12,0.5862068965517241,0.4358974358974359,0.5,0.14166666666666666,4,0.0,0.7,0.7
R4,5,0.1,17,12,0.5862068965517241,0.4358974358974359,0.5,0.14166666666666666,4,0.0,0.8,0.7
R4,5,0.1,17,12,0.5862068965517241,0.4358974358974359,0.5,0.14166666666666666,4,0.0,0.9,0.7
R4,5,0.1,17,12,0.5862068965517241,0.4358974358974359,0.5,0.14166666666666666,4,0.0,1.0,0.7
R4,5,0.1,17,12,0.5862068965517241,0.4358974358974359,0.5,0.14166666666666666,4,0.05,0.5,0.7
R4,5,0.1,17,12,0.5862068965517241,0.4358974358974359,0.5,0.14166666666666666,4,0.05,0.6,0.7
R4,5,0.1,17,12,0.5862068965517241,0.4358974358974359,0.5,0.14166666666666666,4,0.05,0.7,0.7
R4,5,0.1,17,12,0.5862068965517241,0.4358974358974359,0.5,0.14166666666666666,4,0.05,0.8,0.7
R4,5,0.1,17,12,0.5862068965517241,0.4358974358974359,0.5,0.14166666666666666,4,0.05,0.9,0.7
R4,5,0.1,17,12,0.5862068965517241,0.4358974358974359,0.5,0.14166666666666666,4,0.05,1.0,0.7
R4,5,0.1,17,12,0.5862068965517241,0.4358974358974359,0.5,0.14166666666666666,4,0.1,0.5,0.7
R4,5,0.1,17,12,0.5862068965517241,0.4358974358974359,0.5,0.14166666666666666,4,0.1,0.6,0.7
R4,5,0.1,17,12,0.5862068965517241,0.4358974358974359,0.5,0.14166666666666666,4,0.1,0.7,0.7
R4,5,0.1,17,12,0.5862068965517241,0.4358974358974359,0.5,0.14166666666666666,4,0.1,0.8,0.7
R4,5,0.1,17,12,0.5862068965517241,0.4358974358974359,0.5,0.14166666666666666,4,0.1,0.9,0.7
R4,5,0.1,17,12,0.5862068965517241,0.4358974358974359,0.5,0.14166666666666666,4,0.1,1.0,0.7
R4,5,0.125,31,36,0.4626865671641791,0.7948717948717948,0.5849056603773585,0.25833333333333336,4,0.0,0.5,0.4
R4,5,0.125,31,36,0.4626865671641791,0.7948717948717948,0.5849056603773585,0.25833333333333336,4,0.0,0.6,0.4
R4,5,0.125,30,36,0.45454545454545453,0.7692307692307693,0.5714285714285714,0.25,4,0.0,0.7,0.4
R4,5,0.125,29,36,0.4461538461538462,0.7435897435897436,0.5576923076923078,0.24166666666666667,4,0.0,0.8,0.4
R4,5,0.125,29,36,0.4461538461538462,0.7435897435897436,0.5576923076923078,0.24166666666666667,4,0.0,0.9,0.4
R4,5,0.125,29,36,0.4461538461538462,0.7435897435897436,0.5576923076923078,0.24166666666666667,4,0.0,1.0,0.4
R4,5,0.125,31,36,0.4626865671641791,0.7948717948717948,0.5849056603773585,0.25833333333333336,4,0.05,0.5,0.4
R4,5,0.125,31,36,0.4626865671641791,0.7948717948717948,0.5849056603773585,0.25833333333333336,4,0.05,0.6,0.4
R4,5,0.125,30,36,0.45454545454545453,0.7692307692307693,0.5714285714285714,0.25,4,0.05,0.7,0.4
R4,5,0.125,29,36,0.4461538461538462,0.7435897435897436,0.5576923076923078,0.24166666666666667,4,0.05,0.8,0.4
R4,5,0.125,29,36,0.4461538461538462,0.7435897435897436,0.5576923076923078,0.24166666666666667,4,0.05,0.9,0.4
R4,5,0.125,29,36,0.4461538461538462,0.7435897435897436,0.5576923076923078,0.24166666666666667,4,0.05,1.0,0.4
R4,5,0.125,31,36,0.4626865671641791,0.7948717948717948,0.5849056603773585,0.25833333333333336,4,0.1,0.5,0.4
R4,5,0.125,31,36,0.4626865671641791,0.7948717948717948,0.5849056603773585,0.25833333333333336,4,0.1,0.6,0.4
R4,5,0.125,30,36,0.45454545454545453,0.7692307692307693,0.5714285714285714,0.25,4,0.1,0.7,0.4
R4,5,0.125,29,36,0.4461538461538462,0.7435897435897436,0.5576923076923078,0.24166666666666667,4,0.1,0.8,0.4
R4,5,0.125,29,36,0.4461538461538462,0.7435897435897436,0.5576923076923078,0.24166666666666667,4,0.1,0.9,0.4
R4,5,0.125,29,36,0.4461538461538462,0.7435897435897436,0.5576923076923078,0.24166666666666667,4,0.1,1.0,0.4
R4,5,0.125,27,31,0.46551724137931033,0.6923076923076923,0.5567010309278351,0.225,4,0.0,0.5,0.45
R4,5,0.125,27,31,0.46551724137931033,0.6923076923076923,0.5567010309278351,0.225,4,0.0,0.6,0.45
R4,5,0.125,26,31,0.45614035087719296,0.6666666666666666,0.5416666666666666,0.21666666666666667,4,0.0,0.7,0.45
R4,5,0.125,26,31,0.45614035087719296,0.6666666666666666,0.5416666666666666,0.21666666666666667,4,0.0,0.8,0.45
R4,5,0.125,26,31,0.45614035087719296,0.6666666666666666,0.5416666666666666,0.21666666666666667,4,0.0,0.9,0.45
R4,5,0.125,26,31,0.45614035087719296,0.6666666666666666,0.5416666666666666,0.21666666666666667,4,0.0,1.0,0.45
R4,5,0.125,27,31,0.46551724137931033,0.6923076923076923,0.5567010309278351,0.225,4,0.05,0.5,0.45
R4,5,0.125,27,31,0.46551724137931033,0.6923076923076923,0.5567010309278351,0.225,4,0.05,0.6,0.45
R4,5,0.125,26,31,0.45614035087719296,0.6666666666666666,0.5416666666666666,0.21666666666666667,4,0.05,0.7,0.45
R4,5,0.125,26,31,0.45614035087719296,0.6666666666666666,0.5416666666666666,0.21666666666666667,4,0.05,0.8,0.45
R4,5,0.125,26,31,0.45614035087719296,0.6666666666666666,0.5416666666666666,0.21666666666666667,4,0.05,0.9,0.45
R4,5,0.125,26,31,0.45614035087719296,0.6666666666666666,0.5416666666666666,0.21666666666666667,4,0.05,1.0,0.45
R4,5,0.125,27,31,0.46551724137931033,0.6923076923076923,0.5567010309278351,0.225,4,0.1,0.5,0.45
R4,5,0.125,27,31,0.46551724137931033,0.6923076923076923,0.5567010309278351,0.225,4,0.1,0.6,0.45
R4,5,0.125,26,31,0.45614035087719296,0.6666666666666666,0.5416666666666666,0.21666666666666667,4,0.1,0.7,0.45
R4,5,0.125,26,31,0.45614035087719296,0.6666666666666666,0.5416666666666666,0.21666666666666667,4,0.1,0.8,0.45
R4,5,0.125,26,31,0.45614035087719296,0.6666666666666666,0.5416666666666666,0.21666666666666667,4,0.1,0.9,0.45
R4,5,0.125,26,31,0.45614035087719296,0.6666666666666666,0.5416666666666666,0.21666666666666667,4,0.1,1.0,0.45
R4,5,0.125,26,28,0.48148148148148145,0.6666666666666666,0.5591397849462365,0.21666666666666667,4,0.0,0.5,0.5
R4,5,0.125,26,28,0.48148148148148145,0.6666666666666666,0.5591397849462365,0.21666666666666667,4,0.0,0.6,0.5
R4,5,0.125,26,28,0.48148148148148145,0.6666666666666666,0.5591397849462365,0.21666666666666667,4,0.0,0.7,0.5
R4,5,0.125,26,28,0.48148148148148145,0.6666666666666666,0.5591397849462365,0.21666666666666667,4,0.0,0.8,0.5
R4,5,0.125,26,28,0.48148148148148145,0.6666666666666666,0.5591397849462365,0.21666666666666667,4,0.0,0.9,0.5
R4,5,0.125,26,28,0.48148148148148145,0.6666666666666666,0.5591397849462365,0.21666666666666667,4,0.0,1.0,0.5
R4,5,0.125,26,28,0.48148148148148145,0.6666666666666666,0.5591397849462365,0.21666666666666667,4,0.05,0.5,0.5
R4,5,0.125,26,28,0.48148148148148145,0.6666666666666666,0.5591397849462365,0.21666666666666667,4,0.05,0.6,0.5
R4,5,0.125,26,28,0.48148148148148145,0.6666666666666666,0.5591397849462365,0.21666666666666667,4,0.05,0.7,0.5
R4,5,0.125,26,28,0.48148148148148145,0.6666666666666666,0.5591397849462365,0.21666666666666667,4,0.05,0.8,0.5
R4,5,0.125,26,28,0.48148148148148145,0.6666666666666666,0.5591397849462365,0.21666666666666667,4,0.05,0.9,0.5
R4,5,0.125,26,28,0.48148148148148145,0.6666666666666666,0.5591397849462365,0.21666666666666667,4,0.05,1.0,0.5
R4,5,0.125,26,28,0.48148148148148145,0.6666666666666666,0.5591397849462365,0.21666666666666667,4,0.1,0.5,0.5
R4,5,0.125,26,28,0.48148148148148145,0.6666666666666666,0.5591397849462365,0.21666666666666667,4,0.1,0.6,0.5
R4,5,0.125,26,28,0.48148148148148145,0.6666666666666666,0.5591397849462365,0.21666666666666667,4,0.1,0.7,0.5
R4,5,0.125,26,28,0.48148148148148145,0.6666666666666666,0.5591397849462365,0.21666666666666667,4,0.1,0.8,0.5
R4,5,0.125,26,28,0.48148148148148145,0.6666666666666666,0.5591397849462365,0.21666666666666667,4,0.1,0.9,0.5
R4,5,0.125,26,28,0.48148148148148145,0.6666666666666666,0.5591397849462365,0.21666666666666667,4,0.1,1.0,0.5
R4,5,0.125,22,24,0.4782608695652174,0.5641025641025641,0.5176470588235293,0.18333333333333332,4,0.0,0.5,0.55
R4,5,0.125,22,24,0.4782608695652174,0.5641025641025641,0.5176470588235293,0.18333333333333332,4,0.0,0.6,0.55
R4,5,0.125,22,24,0.4782608695652174,0.5641025641025641,0.5176470588235293,0.18333333333333332,4,0.0,0.7,0.55
R4,5,0.125,22,24,0.4782608695652174,0.5641025641025641,0.5176470588235293,0.18333333333333332,4,0.0,0.8,0.55
R4,5,0.125,22,24,0.4782608695652174,0.5641025641025641,0.5176470588235293,0.18333333333333332,4,0.0,0.9,0.55
R4,5,0.125,22,24,0.4782608695652174,0.5641025641025641,0.5176470588235293,0.18333333333333332,4,0.0,1.0,0.55
R4,5,0.125,22,24,0.4782608695652174,0.5641025641025641,0.5176470588235293,0.18333333333333332,4,0.05,0.5,0.55
R4,5,0.125,22,24,0.4782608695652174,0.5641025641025641,0.5176470588235293,0.18333333333333332,4,0.05,0.6,0.55
R4,5,0.125,22,24,0.4782608695652174,0.5641025641025641,0.5176470588235293,0.18333333333333332,4,0.05,0.7,0.55
R4,5,0.125,22,24,0.4782608695652174,0.5641025641025641,0.5176470588235293,0.18333333333333332,4,0.05,0.8,0.55
R4,5,0.125,22,24,0.4782608695652174,0.5641025641025641,0.5176470588235293,0.18333333333333332,4,0.05,0.9,0.55
R4,5,0.125,22,24,0.4782608695652174,0.5641025641025641,0.5176470588235293,0.18333333333333332,4,0.05,1.0,0.55
R4,5,0.125,22,24,0.4782608695652174,0.5641025641025641,0.5176470588235293,0.18333333333333332,4,0.1,0.5,0.55
R4,5,0.125,22,24,0.4782608695652174,0.5641025641025641,0.5176470588235293,0.18333333333333332,4,0.1,0.6,0.55
R4,5,0.125,22,24,0.4782608695652174,0.5641025641025641,0.5176470588235293,0.18333333333333332,4,0.1,0.7,0.55
R4,5,0.125,22,24,0.4782608695652174,0.5641025641025641,0.5176470588235293,0.18333333333333332,4,0.1,0.8,0.55
R4,5,0.125,22,24,0.4782608695652174,0.5641025641025641,0.5176470588235293,0.18333333333333332,4,0.1,0.9,0.55
R4,5,0.125,22,24,0.4782608695652174,0.5641025641025641,0.5176470588235293,0.18333333333333332,4,0.1,1.0,0.55
R4,5,0.125,21,18,0.5384615384615384,0.5384615384615384,0.5384615384615384,0.175,4,0.0,0.5,0.6
R4,5,0.125,21,18,0.5384615384615384,0.5384615384615384,0.5384615384615384,0.175,4,0.0,0.6,0.6
R4,5,0.125,21,18,0.5384615384615384,0.5384615384615384,0.5384615384615384,0.175,4,0.0,0.7,0.6
R4,5,0.125,21,18,0.5384615384615384,0.5384615384615384,0.5384615384615384,0.175,4,0.0,0.8,0.6
R4,5,0.125,21,18,0.5384615384615384,0.5384615384615384,0.5384615384615384,0.175,4,0.0,0.9,0.6
R4,5,0.125,21,18,0.5384615384615384,0.5384615384615384,0.5384615384615384,0.175,4,0.0,1.0,0.6
R4,5,0.125,21,18,0.5384615384615384,0.5384615384615384,0.5384615384615384,0.175,4,0.05,0.5,0.6
R4,5,0.125,21,18,0.5384615384615384,0.5384615384615384,0.5384615384615384,0.175,4,0.05,0.6,0.6
R4,5,0.125,21,18,0.5384615384615384,0.5384615384615384,0.5384615384615384,0.175,4,0.05,0.7,0.6
R4,5,0.125,21,18,0.5384615384615384,0.5384615384615384,0.5384615384615384,0.175,4,0.05,0.8,0.6
R4,5,0.125,21,18,0.5384615384615384,0.5384615384615384,0.5384615384615384,0.175,4,0.05,0.9,0.6
R4,5,0.125,21,18,0.5384615384615384,0.5384615384615384,0.5384615384615384,0.175,4,0.05,1.0,0.6
R4,5,0.125,21,18,0.5384615384615384,0.5384615384615384,0.5384615384615384,0.175,4,0.1,0.5,0.6
R4,5,0.125,21,18,0.5384615384615384,0.5384615384615384,0.5384615384615384,0.175,4,0.1,0.6,0.6
R4,5,0.125,21,18,0.5384615384615384,0.5384615384615384,0.5384615384615384,0.175,4,0.1,0.7,0.6
R4,5,0.125,21,18,0.5384615384615384,0.5384615384615384,0.5384615384615384,0.175,4,0.1,0.8,0.6
R4,5,0.125,21,18,0.5384615384615384,0.5384615384615384,0.5384615384615384,0.175,4,0.1,0.9,0.6
R4,5,0.125,21,18,0.5384615384615384,0.5384615384615384,0.5384615384615384,0.175,4,0.1,1.0,0.6
R4,5,0.125,20,15,0.5714285714285714,0.5128205128205128,0.5405405405405405,0.16666666666666666,4,0.0,0.5,0.6499999999999999
R4,5,0.125,20,15,0.5714285714285714,0.5128205128205128,0.5405405405405405,0.16666666666666666,4,0.0,0.6,0.6499999999999999
R4,5,0.125,20,15,0.5714285714285714,0.5128205128205128,0.5405405405405405,0.16666666666666666,4,0.0,0.7,0.6499999999999999
R4,5,0.125,20,15,0.5714285714285714,0.5128205128205128,0.5405405405405405,0.16666666666666666,4,0.0,0.8,0.6499999999999999
R4,5,0.125,20,15,0.5714285714285714,0.5128205128205128,0.5405405405405405,0.16666666666666666,4,0.0,0.9,0.6499999999999999
R4,5,0.125,20,15,0.5714285714285714,0.5128205128205128,0.5405405405405405,0.16666666666666666,4,0.0,1.0,0.6499999999999999
R4,5,0.125,20,15,0.5714285714285714,0.5128205128205128,0.5405405405405405,0.16666666666666666,4,0.05,0.5,0.6499999999999999
R4,5,0.125,20,15,0.5714285714285714,0.5128205128205128,0.5405405405405405,0.16666666666666666,4,0.05,0.6,0.6499999999999999
R4,5,0.125,20,15,0.5714285714285714,0.5128205128205128,0.5405405405405405,0.16666666666666666,4,0.05,0.7,0.6499999999999999
R4,5,0.125,20,15,0.5714285714285714,0.5128205128205128,0.5405405405405405,0.16666666666666666,4,0.05,0.8,0.6499999999999999
R4,5,0.125,20,15,0.5714285714285714,0.5128205128205128,0.5405405405405405,0.16666666666666666,4,0.05,0.9,0.6499999999999999
R4,5,0.125,20,15,0.5714285714285714,0.5128205128205128,0.5405405405405405,0.16666666666666666,4,0.05,1.0,0.6499999999999999
R4,5,0.125,20,15,0.5714285714285714,0.5128205128205128,0.5405405405405405,0.16666666666666666,4,0.1,0.5,0.6499999999999999
R4,5,0.125,20,15,0.5714285714285714,0.5128205128205128,0.5405405405405405,0.16666666666666666,4,0.1,0.6,0.6499999999999999
R4,5,0.125,20,15,0.5714285714285714,0.5128205128205128,0.5405405405405405,0.16666666666666666,4,0.1,0.7,0.6499999999999999
R4,5,0.125,20,15,0.5714285714285714,0.5128205128205128,0.5405405405405405,0.16666666666666666,4,0.1,0.8,0.6499999999999999
R4,5,0.125,20,15,0.5714285714285714,0.5128205128205128,0.5405405405405405,0.16666666666666666,4,0.1,0.9,0.6499999999999999
R4,5,0.125,20,15,0.5714285714285714,0.5128205128205128,0.5405405405405405,0.16666666666666666,4,0.1,1.0,0.6499999999999999
R4,5,0.125,20,14,0.5882352941176471,0.5128205128205128,0.547945205479452,0.16666666666666666,4,0.0,0.5,0.7
R4,5,0.125,20,14,0.5882352941176471,0.5128205128205128,0.547945205479452,0.16666666666666666,4,0.0,0.6,0.7
R4,5,0.125,20,14,0.5882352941176471,0.5128205128205128,0.547945205479452,0.16666666666666666,4,0.0,0.7,0.7
R4,5,0.125,20,14,0.5882352941176471,0.5128205128205128,0.547945205479452,0.16666666666666666,4,0.0,0.8,0.7
R4,5,0.125,20,14,0.5882352941176471,0.5128205128205128,0.547945205479452,0.16666666666666666,4,0.0,0.9,0.7
R4,5,0.125,20,14,0.5882352941176471,0.5128205128205128,0.547945205479452,0.16666666666666666,4,0.0,1.0,0.7
R4,5,0.125,20,14,0.5882352941176471,0.5128205128205128,0.547945205479452,0.16666666666666666,4,0.05,0.5,0.7
R4,5,0.125,20,14,0.5882352941176471,0.5128205128205128,0.547945205479452,0.16666666666666666,4,0.05,0.6,0.7
R4,5,0.125,20,14,0.5882352941176471,0.5128205128205128,0.547945205479452,0.16666666666666666,4,0.05,0.7,0.7
R4,5,0.125,20,14,0.5882352941176471,0.5128205128205128,0.547945205479452,0.16666666666666666,4,0.05,0.8,0.7
R4,5,0.125,20,14,0.5882352941176471,0.5128205128205128,0.547945205479452,0.16666666666666666,4,0.05,0.9,0.7
R4,5,0.125,20,14,0.5882352941176471,0.5128205128205128,0.547945205479452,0.16666666666666666,4,0.05,1.0,0.7
R4,5,0.125,20,14,0.5882352941176471,0.5128205128205128,0.547945205479452,0.16666666666666666,4,0.1,0.5,0.7
R4,5,0.125,20,14,0.5882352941176471,0.5128205128205128,0.547945205479452,0.16666666666666666,4,0.1,0.6,0.7
R4,5,0.125,20,14,0.5882352941176471,0.5128205128205128,0.547945205479452,0.16666666666666666,4,0.1,0.7,0.7
R4,5,0.125,20,14,0.5882352941176471,0.5128205128205128,0.547945205479452,0.16666666666666666,4,0.1,0.8,0.7
R4,5,0.125,20,14,0.5882352941176471,0.5128205128205128,0.547945205479452,0.16666666666666666,4,0.1,0.9,0.7
R4,5,0.125,20,14,0.5882352941176471,0.5128205128205128,0.547945205479452,0.16666666666666666,4,0.1,1.0,0.7
R4,5,0.15000000000000002,31,39,0.44285714285714284,0.7948717948717948,0.5688073394495412,0.25833333333333336,4,0.0,0.5,0.4
R4,5,0.15000000000000002,31,39,0.44285714285714284,0.7948717948717948,0.5688073394495412,0.25833333333333336,4,0.0,0.6,0.4
R4,5,0.15000000000000002,30,39,0.43478260869565216,0.7692307692307693,0.5555555555555555,0.25,4,0.0,0.7,0.4
R4,5,0.15000000000000002,29,39,0.4264705882352941,0.7435897435897436,0.5420560747663551,0.24166666666666667,4,0.0,0.8,0.4
R4,5,0.15000000000000002,29,39,0.4264705882352941,0.7435897435897436,0.5420560747663551,0.24166666666666667,4,0.0,0.9,0.4
R4,5,0.15000000000000002,29,39,0.4264705882352941,0.7435897435897436,0.5420560747663551,0.24166666666666667,4,0.0,1.0,0.4
R4,5,0.15000000000000002,31,39,0.44285714285714284,0.7948717948717948,0.5688073394495412,0.25833333333333336,4,0.05,0.5,0.4
R4,5,0.15000000000000002,31,39,0.44285714285714284,0.7948717948717948,0.5688073394495412,0.25833333333333336,4,0.05,0.6,0.4
R4,5,0.15000000000000002,30,39,0.43478260869565216,0.7692307692307693,0.5555555555555555,0.25,4,0.05,0.7,0.4
R4,5,0.15000000000000002,29,39,0.4264705882352941,0.7435897435897436,0.5420560747663551,0.24166666666666667,4,0.05,0.8,0.4
R4,5,0.15000000000000002,29,39,0.4264705882352941,0.7435897435897436,0.5420560747663551,0.24166666666666667,4,0.05,0.9,0.4
R4,5,0.15000000000000002,29,39,0.4264705882352941,0.7435897435897436,0.5420560747663551,0.24166666666666667,4,0.05,1.0,0.4
R4,5,0.15000000000000002,31,39,0.44285714285714284,0.7948717948717948,0.5688073394495412,0.25833333333333336,4,0.1,0.5,0.4
R4,5,0.15000000000000002,31,39,0.44285714285714284,0.7948717948717948,0.5688073394495412,0.25833333333333336,4,0.1,0.6,0.4
R4,5,0.15000000000000002,30,39,0.43478260869565216,0.7692307692307693,0.5555555555555555,0.25,4,0.1,0.7,0.4
R4,5,0.15000000000000002,29,39,0.4264705882352941,0.7435897435897436,0.5420560747663551,0.24166666666666667,4,0.1,0.8,0.4
R4,5,0.15000000000000002,29,39,0.4264705882352941,0.7435897435897436,0.5420560747663551,0.24166666666666667,4,0.1,0.9,0.4
R4,5,0.15000000000000002,29,39,0.4264705882352941,0.7435897435897436,0.5420560747663551,0.24166666666666667,4,0.1,1.0,0.4
R4,5,0.15000000000000002,27,34,0.4426229508196721,0.6923076923076923,0.5399999999999999,0.225,4,0.0,0.5,0.45
R4,5,0.15000000000000002,27,34,0.4426229508196721,0.6923076923076923,0.5399999999999999,0.225,4,0.0,0.6,0.45
R4,5,0.15000000000000002,26,34,0.43333333333333335,0.6666666666666666,0.5252525252525252,0.21666666666666667,4,0.0,0.7,0.45
R4,5,0.15000000000000002,26,34,0.43333333333333335,0.6666666666666666,0.5252525252525252,0.21666666666666667,4,0.0,0.8,0.45
R4,5,0.15000000000000002,26,34,0.43333333333333335,0.6666666666666666,0.5252525252525252,0.21666666666666667,4,0.0,0.9,0.45
R4,5,0.15000000000000002,26,34,0.43333333333333335,0.6666666666666666,0.5252525252525252,0.21666666666666667,4,0.0,1.0,0.45
R4,5,0.15000000000000002,27,34,0.4426229508196721,0.6923076923076923,0.5399999999999999,0.225,4,0.05,0.5,0.45
R4,5,0.15000000000000002,27,34,0.4426229508196721,0.6923076923076923,0.5399999999999999,0.225,4,0.05,0.6,0.45
R4,5,0.15000000000000002,26,34,0.43333333333333335,0.6666666666666666,0.5252525252525252,0.21666666666666667,4,0.05,0.7,0.45
R4,5,0.15000000000000002,26,34,0.43333333333333335,0.6666666666666666,0.5252525252525252,0.21666666666666667,4,0.05,0.8,0.45
R4,5,0.15000000000000002,26,34,0.43333333333333335,0.6666666666666666,0.5252525252525252,0.21666666666666667,4,0.05,0.9,0.45
R4,5,0.15000000000000002,26,34,0.43333333333333335,0.6666666666666666,0.5252525252525252,0.21666666666666667,4,0.05,1.0,0.45
R4,5,0.15000000000000002,27,34,0.4426229508196721,0.6923076923076923,0.5399999999999999,0.225,4,0.1,0.5,0.45
R4,5,0.15000000000000002,27,34,0.4426229508196721,0.6923076923076923,0.5399999999999999,0.225,4,0.1,0.6,0.45
R4,5,0.15000000000000002,26,34,0.43333333333333335,0.6666666666666666,0.5252525252525252,0.21666666666666667,4,0.1,0.7,0.45
R4,5,0.15000000000000002,26,34,0.43333333333333335,0.6666666666666666,0.5252525252525252,0.21666666666666667,4,0.1,0.8,0.45
R4,5,0.15000000000000002,26,34,0.43333333333333335,0.6666666666666666,0.5252525252525252,0.21666666666666667,4,0.1,0.9,0.45
R4,5,0.15000000000000002,26,34,0.43333333333333335,0.6666666666666666,0.5252525252525252,0.21666666666666667,4,0.1,1.0,0.45
R4,5,0.15000000000000002,26,31,0.45614035087719296,0.6666666666666666,0.5416666666666666,0.21666666666666667,4,0.0,0.5,0.5
R4,5,0.15000000000000002,26,31,0.45614035087719296,0.6666666666666666,0.5416666666666666,0.21666666666666667,4,0.0,0.6,0.5
R4,5,0.15000000000000002,26,31,0.45614035087719296,0.6666666666666666,0.5416666666666666,0.21666666666666667,4,0.0,0.7,0.5
R4,5,0.15000000000000002,26,31,0.45614035087719296,0.6666666666666666,0.5416666666666666,0.21666666666666667,4,0.0,0.8,0.5
R4,5,0.15000000000000002,26,31,0.45614035087719296,0.6666666666666666,0.5416666666666666,0.21666666666666667,4,0.0,0.9,0.5
R4,5,0.15000000000000002,26,31,0.45614035087719296,0.6666666666666666,0.5416666666666666,0.21666666666666667,4,0.0,1.0,0.5
R4,5,0.15000000000000002,26,31,0.45614035087719296,0.6666666666666666,0.5416666666666666,0.21666666666666667,4,0.05,0.5,0.5
R4,5,0.15000000000000002,26,31,0.45614035087719296,0.6666666666666666,0.5416666666666666,0.21666666666666667,4,0.05,0.6,0.5
R4,5,0.15000000000000002,26,31,0.45614035087719296,0.6666666666666666,0.5416666666666666,0.21666666666666667,4,0.05,0.7,0.5
R4,5,0.15000000000000002,26,31,0.45614035087719296,0.6666666666666666,0.5416666666666666,0.21666666666666667,4,0.05,0.8,0.5
R4,5,0.15000000000000002,26,31,0.45614035087719296,0.6666666666666666,0.5416666666666666,0.21666666666666667,4,0.05,0.9,0.5
R4,5,0.15000000000000002,26,31,0.45614035087719296,0.6666666666666666,0.5416666666666666,0.21666666666666667,4,0.05,1.0,0.5
R4,5,0.15000000000000002,26,31,0.45614035087719296,0.6666666666666666,0.5416666666666666,0.21666666666666667,4,0.1,0.5,0.5
R4,5,0.15000000000000002,26,31,0.45614035087719296,0.6666666666666666,0.5416666666666666,0.21666666666666667,4,0.1,0.6,0.5
R4,5,0.15000000000000002,26,31,0.45614035087719296,0.6666666666666666,0.5416666666666666,0.21666666666666667,4,0.1,0.7,0.5
R4,5,0.15000000000000002,26,31,0.45614035087719296,0.6666666666666666,0.5416666666666666,0.21666666666666667,4,0.1,0.8,0.5
R4,5,0.15000000000000002,26,31,0.45614035087719296,0.6666666666666666,0.5416666666666666,0.21666666666666667,4,0.1,0.9,0.5
R4,5,0.15000000000000002,26,31,0.45614035087719296,0.6666666666666666,0.5416666666666666,0.21666666666666667,4,0.1,1.0,0.5
R4,5,0.15000000000000002,22,27,0.4489795918367347,0.5641025641025641,0.5,0.18333333333333332,4,0.0,0.5,0.55
R4,5,0.15000000000000002,22,27,0.4489795918367347,0.5641025641025641,0.5,0.18333333333333332,4,0.0,0.6,0.55
R4,5,0.15000000000000002,22,27,0.4489795918367347,0.5641025641025641,0.5,0.18333333333333332,4,0.0,0.7,0.55
R4,5,0.15000000000000002,22,27,0.4489795918367347,0.5641025641025641,0.5,0.18333333333333332,4,0.0,0.8,0.55
R4,5,0.15000000000000002,22,27,0.4489795918367347,0.5641025641025641,0.5,0.18333333333333332,4,0.0,0.9,0.55
R4,5,0.15000000000000002,22,27,0.4489795918367347,0.5641025641025641,0.5,0.18333333333333332,4,0.0,1.0,0.55
R4,5,0.15000000000000002,22,27,0.4489795918367347,0.5641025641025641,0.5,0.18333333333333332,4,0.05,0.5,0.55
R4,5,0.15000000000000002,22,27,0.4489795918367347,0.5641025641025641,0.5,0.18333333333333332,4,0.05,0.6,0.55
R4,5,0.15000000000000002,22,27,0.4489795918367347,0.5641025641025641,0.5,0.18333333333333332,4,0.05,0.7,0.55
R4,5,0.15000000000000002,22,27,0.4489795918367347,0.5641025641025641,0.5,0.18333333333333332,4,0.05,0.8,0.55
R4,5,0.15000000000000002,22,27,0.4489795918367347,0.5641025641025641,0.5,0.18333333333333332,4,0.05,0.9,0.55
R4,5,0.15000000000000002,22,27,0.4489795918367347,0.5641025641025641,0.5,0.18333333333333332,4,0.05,1.0,0.55
R4,5,0.15000000000000002,22,27,0.4489795918367347,0.5641025641025641,0.5,0.18333333333333332,4,0.1,0.5,0.55
R4,5,0.15000000000000002,22,27,0.4489795918367347,0.5641025641025641,0.5,0.18333333333333332,4,0.1,0.6,0.55
R4,5,0.15000000000000002,22,27,0.4489795918367347,0.5641025641025641,0.5,0.18333333333333332,4,0.1,0.7,0.55
R4,5,0.15000000000000002,22,27,0.4489795918367347,0.5641025641025641,0.5,0.18333333333333332,4,0.1,0.8,0.55
R4,5,0.15000000000000002,22,27,0.4489795918367347,0.5641025641025641,0.5,0.18333333333333332,4,0.1,0.9,0.55
R4,5,0.15000000000000002,22,27,0.4489795918367347,0.5641025641025641,0.5,0.18333333333333332,4,0.1,1.0,0.55
R4,5,0.15000000000000002,21,21,0.5,0.5384615384615384,0.5185185185185186,0.175,4,0.0,0.5,0.6
R4,5,0.15000000000000002,21,21,0.5,0.5384615384615384,0.5185185185185186,0.175,4,0.0,0.6,0.6
R4,5,0.15000000000000002,21,21,0.5,0.5384615384615384,0.5185185185185186,0.175,4,0.0,0.7,0.6
R4,5,0.15000000000000002,21,21,0.5,0.5384615384615384,0.5185185185185186,0.175,4,0.0,0.8,0.6
R4,5,0.15000000000000002,21,21,0.5,0.5384615384615384,0.5185185185185186,0.175,4,0.0,0.9,0.6
R4,5,0.15000000000000002,21,21,0.5,0.5384615384615384,0.5185185185185186,0.175,4,0.0,1.0,0.6
R4,5,0.15000000000000002,21,21,0.5,0.5384615384615384,0.5185185185185186,0.175,4,0.05,0.5,0.6
R4,5,0.15000000000000002,21,21,0.5,0.5384615384615384,0.5185185185185186,0.175,4,0.05,0.6,0.6
R4,5,0.15000000000000002,21,21,0.5,0.5384615384615384,0.5185185185185186,0.175,4,0.05,0.7,0.6
R4,5,0.15000000000000002,21,21,0.5,0.5384615384615384,0.5185185185185186,0.175,4,0.05,0.8,0.6
R4,5,0.15000000000000002,21,21,0.5,0.5384615384615384,0.5185185185185186,0.175,4,0.05,0.9,0.6
R4,5,0.15000000000000002,21,21,0.5,0.5384615384615384,0.5185185185185186,0.175,4,0.05,1.0,0.6
R4,5,0.15000000000000002,21,21,0.5,0.5384615384615384,0.5185185185185186,0.175,4,0.1,0.5,0.6
R4,5,0.15000000000000002,21,21,0.5,0.5384615384615384,0.5185185185185186,0.175,4,0.1,0.6,0.6
R4,5,0.15000000000000002,21,21,0.5,0.5384615384615384,0.5185185185185186,0.175,4,0.1,0.7,0.6
R4,5,0.15000000000000002,21,21,0.5,0.5384615384615384,0.5185185185185186,0.175,4,0.1,0.8,0.6
R4,5,0.15000000000000002,21,21,0.5,0.5384615384615384,0.5185185185185186,0.175,4,0.1,0.9,0.6
R4,5,0.15000000000000002,21,21,0.5,0.5384615384615384,0.5185185185185186,0.175,4,0.1,1.0,0.6
R4,5,0.15000000000000002,20,18,0.5263157894736842,0.5128205128205128,0.5194805194805194,0.16666666666666666,4,0.0,0.5,0.6499999999999999
R4,5,0.15000000000000002,20,18,0.5263157894736842,0.5128205128205128,0.5194805194805194,0.16666666666666666,4,0.0,0.6,0.6499999999999999
R4,5,0.15000000000000002,20,18,0.5263157894736842,0.5128205128205128,0.5194805194805194,0.16666666666666666,4,0.0,0.7,0.6499999999999999
R4,5,0.15000000000000002,20,18,0.5263157894736842,0.5128205128205128,0.5194805194805194,0.16666666666666666,4,0.0,0.8,0.6499999999999999
R4,5,0.15000000000000002,20,18,0.5263157894736842,0.5128205128205128,0.5194805194805194,0.16666666666666666,4,0.0,0.9,0.6499999999999999
R4,5,0.15000000000000002,20,18,0.5263157894736842,0.5128205128205128,0.5194805194805194,0.16666666666666666,4,0.0,1.0,0.6499999999999999
R4,5,0.15000000000000002,20,18,0.5263157894736842,0.5128205128205128,0.5194805194805194,0.16666666666666666,4,0.05,0.5,0.6499999999999999
R4,5,0.15000000000000002,20,18,0.5263157894736842,0.5128205128205128,0.5194805194805194,0.16666666666666666,4,0.05,0.6,0.6499999999999999
R4,5,0.15000000000000002,20,18,0.5263157894736842,0.5128205128205128,0.5194805194805194,0.16666666666666666,4,0.05,0.7,0.6499999999999999
R4,5,0.15000000000000002,20,18,0.5263157894736842,0.5128205128205128,0.5194805194805194,0.16666666666666666,4,0.05,0.8,0.6499999999999999
R4,5,0.15000000000000002,20,18,0.5263157894736842,0.5128205128205128,0.5194805194805194,0.16666666666666666,4,0.05,0.9,0.6499999999999999
R4,5,0.15000000000000002,20,18,0.5263157894736842,0.5128205128205128,0.5194805194805194,0.16666666666666666,4,0.05,1.0,0.6499999999999999
R4,5,0.15000000000000002,20,18,0.5263157894736842,0.5128205128205128,0.5194805194805194,0.16666666666666666,4,0.1,0.5,0.6499999999999999
R4,5,0.15000000000000002,20,18,0.5263157894736842,0.5128205128205128,0.5194805194805194,0.16666666666666666,4,0.1,0.6,0.6499999999999999
R4,5,0.15000000000000002,20,18,0.5263157894736842,0.5128205128205128,0.5194805194805194,0.16666666666666666,4,0.1,0.7,0.6499999999999999
R4,5,0.15000000000000002,20,18,0.5263157894736842,0.5128205128205128,0.5194805194805194,0.16666666666666666,4,0.1,0.8,0.6499999999999999
R4,5,0.15000000000000002,20,18,0.5263157894736842,0.5128205128205128,0.5194805194805194,0.16666666666666666,4,0.1,0.9,0.6499999999999999
R4,5,0.15000000000000002,20,18,0.5263157894736842,0.5128205128205128,0.5194805194805194,0.16666666666666666,4,0.1,1.0,0.6499999999999999
R4,5,0.15000000000000002,20,17,0.5405405405405406,0.5128205128205128,0.5263157894736842,0.16666666666666666,4,0.0,0.5,0.7
R4,5,0.15000000000000002,20,17,0.5405405405405406,0.5128205128205128,0.5263157894736842,0.16666666666666666,4,0.0,0.6,0.7
R4,5,0.15000000000000002,20,17,0.5405405405405406,0.5128205128205128,0.5263157894736842,0.16666666666666666,4,0.0,0.7,0.7
R4,5,0.15000000000000002,20,17,0.5405405405405406,0.5128205128205128,0.5263157894736842,0.16666666666666666,4,0.0,0.8,0.7
R4,5,0.15000000000000002,20,17,0.5405405405405406,0.5128205128205128,0.5263157894736842,0.16666666666666666,4,0.0,0.9,0.7
R4,5,0.15000000000000002,20,17,0.5405405405405406,0.5128205128205128,0.5263157894736842,0.16666666666666666,4,0.0,1.0,0.7
R4,5,0.15000000000000002,20,17,0.5405405405405406,0.5128205128205128,0.5263157894736842,0.16666666666666666,4,0.05,0.5,0.7
R4,5,0.15000000000000002,20,17,0.5405405405405406,0.5128205128205128,0.5263157894736842,0.16666666666666666,4,0.05,0.6,0.7
R4,5,0.15000000000000002,20,17,0.5405405405405406,0.5128205128205128,0.5263157894736842,0.16666666666666666,4,0.05,0.7,0.7
R4,5,0.15000000000000002,20,17,0.5405405405405406,0.5128205128205128,0.5263157894736842,0.16666666666666666,4,0.05,0.8,0.7
R4,5,0.15000000000000002,20,17,0.5405405405405406,0.5128205128205128,0.5263157894736842,0.16666666666666666,4,0.05,0.9,0.7
R4,5,0.15000000000000002,20,17,0.5405405405405406,0.5128205128205128,0.5263157894736842,0.16666666666666666,4,0.05,1.0,0.7
R4,5,0.15000000000000002,20,17,0.5405405405405406,0.5128205128205128,0.5263157894736842,0.16666666666666666,4,0.1,0.5,0.7
R4,5,0.15000000000000002,20,17,0.5405405405405406,0.5128205128205128,0.5263157894736842,0.16666666666666666,4,0.1,0.6,0.7
R4,5,0.15000000000000002,20,17,0.5405405405405406,0.5128205128205128,0.5263157894736842,0.16666666666666666,4,0.1,0.7,0.7
R4,5,0.15000000000000002,20,17,0.5405405405405406,0.5128205128205128,0.5263157894736842,0.16666666666666666,4,0.1,0.8,0.7
R4,5,0.15000000000000002,20,17,0.5405405405405406,0.5128205128205128,0.5263157894736842,0.16666666666666666,4,0.1,0.9,0.7
R4,5,0.15000000000000002,20,17,0.5405405405405406,0.5128205128205128,0.5263157894736842,0.16666666666666666,4,0.1,1.0,0.7
R4,5,0.175,32,40,0.4444444444444444,0.8205128205128205,0.5765765765765766,0.26666666666666666,4,0.0,0.5,0.4
R4,5,0.175,32,40,0.4444444444444444,0.8205128205128205,0.5765765765765766,0.26666666666666666,4,0.0,0.6,0.4
R4,5,0.175,31,40,0.43661971830985913,0.7948717948717948,0.5636363636363636,0.25833333333333336,4,0.0,0.7,0.4
R4,5,0.175,30,40,0.42857142857142855,0.7692307692307693,0.5504587155963303,0.25,4,0.0,0.8,0.4
R4,5,0.175,30,40,0.42857142857142855,0.7692307692307693,0.5504587155963303,0.25,4,0.0,0.9,0.4
R4,5,0.175,30,40,0.42857142857142855,0.7692307692307693,0.5504587155963303,0.25,4,0.0,1.0,0.4
R4,5,0.175,32,40,0.4444444444444444,0.8205128205128205,0.5765765765765766,0.26666666666666666,4,0.05,0.5,0.4
R4,5,0.175,32,40,0.4444444444444444,0.8205128205128205,0.5765765765765766,0.26666666666666666,4,0.05,0.6,0.4
R4,5,0.175,31,40,0.43661971830985913,0.7948717948717948,0.5636363636363636,0.25833333333333336,4,0.05,0.7,0.4
R4,5,0.175,30,40,0.42857142857142855,0.7692307692307693,0.5504587155963303,0.25,4,0.05,0.8,0.4
R4,5,0.175,30,40,0.42857142857142855,0.7692307692307693,0.5504587155963303,0.25,4,0.05,0.9,0.4
R4,5,0.175,30,40,0.42857142857142855,0.7692307692307693,0.5504587155963303,0.25,4,0.05,1.0,0.4
R4,5,0.175,32,40,0.4444444444444444,0.8205128205128205,0.5765765765765766,0.26666666666666666,4,0.1,0.5,0.4
R4,5,0.175,32,40,0.4444444444444444,0.8205128205128205,0.5765765765765766,0.26666666666666666,4,0.1,0.6,0.4
R4,5,0.175,31,40,0.43661971830985913,0.7948717948717948,0.5636363636363636,0.25833333333333336,4,0.1,0.7,0.4
R4,5,0.175,30,40,0.42857142857142855,0.7692307692307693,0.5504587155963303,0.25,4,0.1,0.8,0.4
R4,5,0.175,30,40,0.42857142857142855,0.7692307692307693,0.5504587155963303,0.25,4,0.1,0.9,0.4
R4,5,0.175,30,40,0.42857142857142855,0.7692307692307693,0.5504587155963303,0.25,4,0.1,1.0,0.4
R4,5,0.175,28,35,0.4444444444444444,0.717948717948718,0.5490196078431373,0.23333333333333334,4,0.0,0.5,0.45
R4,5,0.175,28,35,0.4444444444444444,0.717948717948718,0.5490196078431373,0.23333333333333334,4,0.0,0.6,0.45
R4,5,0.175,27,35,0.43548387096774194,0.6923076923076923,0.5346534653465347,0.225,4,0.0,0.7,0.45
R4,5,0.175,27,35,0.43548387096774194,0.6923076923076923,0.5346534653465347,0.225,4,0.0,0.8,0.45
R4,5,0.175,27,35,0.43548387096774194,0.6923076923076923,0.5346534653465347,0.225,4,0.0,0.9,0.45
R4,5,0.175,27,35,0.43548387096774194,0.6923076923076923,0.5346534653465347,0.225,4,0.0,1.0,0.45
R4,5,0.175,28,35,0.4444444444444444,0.717948717948718,0.5490196078431373,0.23333333333333334,4,0.05,0.5,0.45
R4,5,0.175,28,35,0.4444444444444444,0.717948717948718,0.5490196078431373,0.23333333333333334,4,0.05,0.6,0.45
R4,5,0.175,27,35,0.43548387096774194,0.6923076923076923,0.5346534653465347,0.225,4,0.05,0.7,0.45
R4,5,0.175,27,35,0.43548387096774194,0.6923076923076923,0.5346534653465347,0.225,4,0.05,0.8,0.45
R4,5,0.175,27,35,0.43548387096774194,0.6923076923076923,0.5346534653465347,0.225,4,0.05,0.9,0.45
R4,5,0.175,27,35,0.43548387096774194,0.6923076923076923,0.5346534653465347,0.225,4,0.05,1.0,0.45
R4,5,0.175,28,35,0.4444444444444444,0.717948717948718,0.5490196078431373,0.23333333333333334,4,0.1,0.5,0.45
R4,5,0.175,28,35,0.4444444444444444,0.717948717948718,0.5490196078431373,0.23333333333333334,4,0.1,0.6,0.45
R4,5,0.175,27,35,0.43548387096774194,0.6923076923076923,0.5346534653465347,0.225,4,0.1,0.7,0.45
R4,5,0.175,27,35,0.43548387096774194,0.6923076923076923,0.5346534653465347,0.225,4,0.1,0.8,0.45
R4,5,0.175,27,35,0.43548387096774194,0.6923076923076923,0.5346534653465347,0.225,4,0.1,0.9,0.45
R4,5,0.175,27,35,0.43548387096774194,0.6923076923076923,0.5346534653465347,0.225,4,0.1,1.0,0.45
R4,5,0.175,27,32,0.4576271186440678,0.6923076923076923,0.5510204081632654,0.225,4,0.0,0.5,0.5
R4,5,0.175,27,32,0.4576271186440678,0.6923076923076923,0.5510204081632654,0.225,4,0.0,0.6,0.5
R4,5,0.175,27,32,0.4576271186440678,0.6923076923076923,0.5510204081632654,0.225,4,0.0,0.7,0.5
R4,5,0.175,27,32,0.4576271186440678,0.6923076923076923,0.5510204081632654,0.225,4,0.0,0.8,0.5
R4,5,0.175,27,32,0.4576271186440678,0.6923076923076923,0.5510204081632654,0.225,4,0.0,0.9,0.5
R4,5,0.175,27,32,0.4576271186440678,0.6923076923076923,0.5510204081632654,0.225,4,0.0,1.0,0.5
R4,5,0.175,27,32,0.4576271186440678,0.6923076923076923,0.5510204081632654,0.225,4,0.05,0.5,0.5
R4,5,0.175,27,32,0.4576271186440678,0.6923076923076923,0.5510204081632654,0.225,4,0.05,0.6,0.5
R4,5,0.175,27,32,0.4576271186440678,0.6923076923076923,0.5510204081632654,0.225,4,0.05,0.7,0.5
R4,5,0.175,27,32,0.4576271186440678,0.6923076923076923,0.5510204081632654,0.225,4,0.05,0.8,0.5
R4,5,0.175,27,32,0.4576271186440678,0.6923076923076923,0.5510204081632654,0.225,4,0.05,0.9,0.5
R4,5,0.175,27,32,0.4576271186440678,0.6923076923076923,0.5510204081632654,0.225,4,0.05,1.0,0.5
R4,5,0.175,27,32,0.4576271186440678,0.6923076923076923,0.5510204081632654,0.225,4,0.1,0.5,0.5
R4,5,0.175,27,32,0.4576271186440678,0.6923076923076923,0.5510204081632654,0.225,4,0.1,0.6,0.5
R4,5,0.175,27,32,0.4576271186440678,0.6923076923076923,0.5510204081632654,0.225,4,0.1,0.7,0.5
R4,5,0.175,27,32,0.4576271186440678,0.6923076923076923,0.5510204081632654,0.225,4,0.1,0.8,0.5
R4,5,0.175,27,32,0.4576271186440678,0.6923076923076923,0.5510204081632654,0.225,4,0.1,0.9,0.5
R4,5,0.175,27,32,0.4576271186440678,0.6923076923076923,0.5510204081632654,0.225,4,0.1,1.0,0.5
R4,5,0.175,23,28,0.45098039215686275,0.5897435897435898,0.5111111111111111,0.19166666666666668,4,0.0,0.5,0.55
R4,5,0.175,23,28,0.45098039215686275,0.5897435897435898,0.5111111111111111,0.19166666666666668,4,0.0,0.6,0.55
R4,5,0.175,23,28,0.45098039215686275,0.5897435897435898,0.5111111111111111,0.19166666666666668,4,0.0,0.7,0.55
R4,5,0.175,23,28,0.45098039215686275,0.5897435897435898,0.5111111111111111,0.19166666666666668,4,0.0,0.8,0.55
R4,5,0.175,23,28,0.45098039215686275,0.5897435897435898,0.5111111111111111,0.19166666666666668,4,0.0,0.9,0.55
R4,5,0.175,23,28,0.45098039215686275,0.5897435897435898,0.5111111111111111,0.19166666666666668,4,0.0,1.0,0.55
R4,5,0.175,23,28,0.45098039215686275,0.5897435897435898,0.5111111111111111,0.19166666666666668,4,0.05,0.5,0.55
R4,5,0.175,23,28,0.45098039215686275,0.5897435897435898,0.5111111111111111,0.19166666666666668,4,0.05,0.6,0.55
R4,5,0.175,23,28,0.45098039215686275,0.5897435897435898,0.5111111111111111,0.19166666666666668,4,0.05,0.7,0.55
R4,5,0.175,23,28,0.45098039215686275,0.5897435897435898,0.5111111111111111,0.19166666666666668,4,0.05,0.8,0.55
R4,5,0.175,23,28,0.45098039215686275,0.5897435897435898,0.5111111111111111,0.19166666666666668,4,0.05,0.9,0.55
R4,5,0.175,23,28,0.45098039215686275,0.5897435897435898,0.5111111111111111,0.19166666666666668,4,0.05,1.0,0.55
R4,5,0.175,23,28,0.45098039215686275,0.5897435897435898,0.5111111111111111,0.19166666666666668,4,0.1,0.5,0.55
R4,5,0.175,23,28,0.45098039215686275,0.5897435897435898,0.5111111111111111,0.19166666666666668,4,0.1,0.6,0.55
R4,5,0.175,23,28,0.45098039215686275,0.5897435897435898,0.5111111111111111,0.19166666666666668,4,0.1,0.7,0.55
R4,5,0.175,23,28,0.45098039215686275,0.5897435897435898,0.5111111111111111,0.19166666666666668,4,0.1,0.8,0.55
R4,5,0.175,23,28,0.45098039215686275,0.5897435897435898,0.5111111111111111,0.19166666666666668,4,0.1,0.9,0.55
R4,5,0.175,23,28,0.45098039215686275,0.5897435897435898,0.5111111111111111,0.19166666666666668,4,0.1,1.0,0.55
R4,5,0.175,22,22,0.5,0.5641025641025641,0.5301204819277109,0.18333333333333332,4,0.0,0.5,0.6
R4,5,0.175,22,22,0.5,0.5641025641025641,0.5301204819277109,0.18333333333333332,4,0.0,0.6,0.6
R4,5,0.175,22,22,0.5,0.5641025641025641,0.5301204819277109,0.18333333333333332,4,0.0,0.7,0.6
R4,5,0.175,22,22,0.5,0.5641025641025641,0.5301204819277109,0.18333333333333332,4,0.0,0.8,0.6
R4,5,0.175,22,22,0.5,0.5641025641025641,0.5301204819277109,0.18333333333333332,4,0.0,0.9,0.6
R4,5,0.175,22,22,0.5,0.5641025641025641,0.5301204819277109,0.18333333333333332,4,0.0,1.0,0.6
R4,5,0.175,22,22,0.5,0.5641025641025641,0.5301204819277109,0.18333333333333332,4,0.05,0.5,0.6
R4,5,0.175,22,22,0.5,0.5641025641025641,0.5301204819277109,0.18333333333333332,4,0.05,0.6,0.6
R4,5,0.175,22,22,0.5,0.5641025641025641,0.5301204819277109,0.18333333333333332,4,0.05,0.7,0.6
R4,5,0.175,22,22,0.5,0.5641025641025641,0.5301204819277109,0.18333333333333332,4,0.05,0.8,0.6
R4,5,0.175,22,22,0.5,0.5641025641025641,0.5301204819277109,0.18333333333333332,4,0.05,0.9,0.6
R4,5,0.175,22,22,0.5,0.5641025641025641,0.5301204819277109,0.18333333333333332,4,0.05,1.0,0.6
R4,5,0.175,22,22,0.5,0.5641025641025641,0.5301204819277109,0.18333333333333332,4,0.1,0.5,0.6
R4,5,0.175,22,22,0.5,0.5641025641025641,0.5301204819277109,0.18333333333333332,4,0.1,0.6,0.6
R4,5,0.175,22,22,0.5,0.5641025641025641,0.5301204819277109,0.18333333333333332,4,0.1,0.7,0.6
R4,5,0.175,22,22,0.5,0.5641025641025641,0.5301204819277109,0.18333333333333332,4,0.1,0.8,0.6
R4,5,0.175,22,22,0.5,0.5641025641025641,0.5301204819277109,0.18333333333333332,4,0.1,0.9,0.6
R4,5,0.175,22,22,0.5,0.5641025641025641,0.5301204819277109,0.18333333333333332,4,0.1,1.0,0.6
R4,5,0.175,21,19,0.525,0.5384615384615384,0.5316455696202531,0.175,4,0.0,0.5,0.6499999999999999
R4,5,0.175,21,19,0.525,0.5384615384615384,0.5316455696202531,0.175,4,0.0,0.6,0.6499999999999999
R4,5,0.175,21,19,0.525,0.5384615384615384,0.5316455696202531,0.175,4,0.0,0.7,0.6499999999999999
R4,5,0.175,21,19,0.525,0.5384615384615384,0.5316455696202531,0.175,4,0.0,0.8,0.6499999999999999
R4,5,0.175,21,19,0.525,0.5384615384615384,0.5316455696202531,0.175,4,0.0,0.9,0.6499999999999999
R4,5,0.175,21,19,0.525,0.5384615384615384,0.5316455696202531,0.175,4,0.0,1.0,0.6499999999999999
R4,5,0.175,21,19,0.525,0.5384615384615384,0.5316455696202531,0.175,4,0.05,0.5,0.6499999999999999
R4,5,0.175,21,19,0.525,0.5384615384615384,0.5316455696202531,0.175,4,0.05,0.6,0.6499999999999999
R4,5,0.175,21,19,0.525,0.5384615384615384,0.5316455696202531,0.175,4,0.05,0.7,0.6499999999999999
R4,5,0.175,21,19,0.525,0.5384615384615384,0.5316455696202531,0.175,4,0.05,0.8,0.6499999999999999
R4,5,0.175,21,19,0.525,0.5384615384615384,0.5316455696202531,0.175,4,0.05,0.9,0.6499999999999999
R4,5,0.175,21,19,0.525,0.5384615384615384,0.5316455696202531,0.175,4,0.05,1.0,0.6499999999999999
R4,5,0.175,21,19,0.525,0.5384615384615384,0.5316455696202531,0.175,4,0.1,0.5,0.6499999999999999
R4,5,0.175,21,19,0.525,0.5384615384615384,0.5316455696202531,0.175,4,0.1,0.6,0.6499999999999999
R4,5,0.175,21,19,0.525,0.5384615384615384,0.5316455696202531,0.175,4,0.1,0.7,0.6499999999999999
R4,5,0.175,21,19,0.525,0.5384615384615384,0.5316455696202531,0.175,4,0.1,0.8,0.6499999999999999
R4,5,0.175,21,19,0.525,0.5384615384615384,0.5316455696202531,0.175,4,0.1,0.9,0.6499999999999999
R4,5,0.175,21,19,0.525,0.5384615384615384,0.5316455696202531,0.175,4,0.1,1.0,0.6499999999999999
R4,5,0.175,21,18,0.5384615384615384,0.5384615384615384,0.5384615384615384,0.175,4,0.0,0.5,0.7
R4,5,0.175,21,18,0.5384615384615384,0.5384615384615384,0.5384615384615384,0.175,4,0.0,0.6,0.7
R4,5,0.175,21,18,0.5384615384615384,0.5384615384615384,0.5384615384615384,0.175,4,0.0,0.7,0.7
R4,5,0.175,21,18,0.5384615384615384,0.5384615384615384,0.5384615384615384,0.175,4,0.0,0.8,0.7
R4,5,0.175,21,18,0.5384615384615384,0.5384615384615384,0.5384615384615384,0.175,4,0.0,0.9,0.7
R4,5,0.175,21,18,0.5384615384615384,0.5384615384615384,0.5384615384615384,0.175,4,0.0,1.0,0.7
R4,5,0.175,21,18,0.5384615384615384,0.5384615384615384,0.5384615384615384,0.175,4,0.05,0.5,0.7
R4,5,0.175,21,18,0.5384615384615384,0.5384615384615384,0.5384615384615384,0.175,4,0.05,0.6,0.7
R4,5,0.175,21,18,0.5384615384615384,0.5384615384615384,0.5384615384615384,0.175,4,0.05,0.7,0.7
R4,5,0.175,21,18,0.5384615384615384,0.5384615384615384,0.5384615384615384,0.175,4,0.05,0.8,0.7
R4,5,0.175,21,18,0.5384615384615384,0.5384615384615384,0.5384615384615384,0.175,4,0.05,0.9,0.7
R4,5,0.175,21,18,0.5384615384615384,0.5384615384615384,0.5384615384615384,0.175,4,0.05,1.0,0.7
R4,5,0.175,21,18,0.5384615384615384,0.5384615384615384,0.5384615384615384,0.175,4,0.1,0.5,0.7
R4,5,0.175,21,18,0.5384615384615384,0.5384615384615384,0.5384615384615384,0.175,4,0.1,0.6,0.7
R4,5,0.175,21,18,0.5384615384615384,0.5384615384615384,0.5384615384615384,0.175,4,0.1,0.7,0.7
R4,5,0.175,21,18,0.5384615384615384,0.5384615384615384,0.5384615384615384,0.175,4,0.1,0.8,0.7
R4,5,0.175,21,18,0.5384615384615384,0.5384615384615384,0.5384615384615384,0.175,4,0.1,0.9,0.7
R4,5,0.175,21,18,0.5384615384615384,0.5384615384615384,0.5384615384615384,0.175,4,0.1,1.0,0.7
R4,5,0.2,32,41,0.4383561643835616,0.8205128205128205,0.5714285714285714,0.26666666666666666,4,0.0,0.5,0.4
R4,5,0.2,32,41,0.4383561643835616,0.8205128205128205,0.5714285714285714,0.26666666666666666,4,0.0,0.6,0.4
R4,5,0.2,31,41,0.4305555555555556,0.7948717948717948,0.5585585585585585,0.25833333333333336,4,0.0,0.7,0.4
R4,5,0.2,30,41,0.4225352112676056,0.7692307692307693,0.5454545454545455,0.25,4,0.0,0.8,0.4
R4,5,0.2,30,41,0.4225352112676056,0.7692307692307693,0.5454545454545455,0.25,4,0.0,0.9,0.4
R4,5,0.2,30,41,0.4225352112676056,0.7692307692307693,0.5454545454545455,0.25,4,0.0,1.0,0.4
R4,5,0.2,32,41,0.4383561643835616,0.8205128205128205,0.5714285714285714,0.26666666666666666,4,0.05,0.5,0.4
R4,5,0.2,32,41,0.4383561643835616,0.8205128205128205,0.5714285714285714,0.26666666666666666,4,0.05,0.6,0.4
R4,5,0.2,31,41,0.4305555555555556,0.7948717948717948,0.5585585585585585,0.25833333333333336,4,0.05,0.7,0.4
R4,5,0.2,30,41,0.4225352112676056,0.7692307692307693,0.5454545454545455,0.25,4,0.05,0.8,0.4
R4,5,0.2,30,41,0.4225352112676056,0.7692307692307693,0.5454545454545455,0.25,4,0.05,0.9,0.4
R4,5,0.2,30,41,0.4225352112676056,0.7692307692307693,0.5454545454545455,0.25,4,0.05,1.0,0.4
R4,5,0.2,32,41,0.4383561643835616,0.8205128205128205,0.5714285714285714,0.26666666666666666,4,0.1,0.5,0.4
R4,5,0.2,32,41,0.4383561643835616,0.8205128205128205,0.5714285714285714,0.26666666666666666,4,0.1,0.6,0.4
R4,5,0.2,31,41,0.4305555555555556,0.7948717948717948,0.5585585585585585,0.25833333333333336,4,0.1,0.7,0.4
R4,5,0.2,30,41,0.4225352112676056,0.7692307692307693,0.5454545454545455,0.25,4,0.1,0.8,0.4
R4,5,0.2,30,41,0.4225352112676056,0.7692307692307693,0.5454545454545455,0.25,4,0.1,0.9,0.4
R4,5,0.2,30,41,0.4225352112676056,0.7692307692307693,0.5454545454545455,0.25,4,0.1,1.0,0.4
R4,5,0.2,28,36,0.4375,0.717948717948718,0.5436893203883495,0.23333333333333334,4,0.0,0.5,0.45
R4,5,0.2,28,36,0.4375,0.717948717948718,0.5436893203883495,0.23333333333333334,4,0.0,0.6,0.45
R4,5,0.2,27,36,0.42857142857142855,0.6923076923076923,0.5294117647058824,0.225,4,0.0,0.7,0.45
R4,5,0.2,27,36,0.42857142857142855,0.6923076923076923,0.5294117647058824,0.225,4,0.0,0.8,0.45
R4,5,0.2,27,36,0.42857142857142855,0.6923076923076923,0.5294117647058824,0.225,4,0.0,0.9,0.45
R4,5,0.2,27,36,0.42857142857142855,0.6923076923076923,0.5294117647058824,0.225,4,0.0,1.0,0.45
R4,5,0.2,28,36,0.4375,0.717948717948718,0.5436893203883495,0.23333333333333334,4,0.05,0.5,0.45
R4,5,0.2,28,36,0.4375,0.717948717948718,0.5436893203883495,0.23333333333333334,4,0.05,0.6,0.45
R4,5,0.2,27,36,0.42857142857142855,0.6923076923076923,0.5294117647058824,0.225,4,0.05,0.7,0.45
R4,5,0.2,27,36,0.42857142857142855,0.6923076923076923,0.5294117647058824,0.225,4,0.05,0.8,0.45
R4,5,0.2,27,36,0.42857142857142855,0.6923076923076923,0.5294117647058824,0.225,4,0.05,0.9,0.45
R4,5,0.2,27,36,0.42857142857142855,0.6923076923076923,0.5294117647058824,0.225,4,0.05,1.0,0.45
R4,5,0.2,28,36,0.4375,0.717948717948718,0.5436893203883495,0.23333333333333334,4,0.1,0.5,0.45
R4,5,0.2,28,36,0.4375,0.717948717948718,0.5436893203883495,0.23333333333333334,4,0.1,0.6,0.45
R4,5,0.2,27,36,0.42857142857142855,0.6923076923076923,0.5294117647058824,0.225,4,0.1,0.7,0.45
R4,5,0.2,27,36,0.42857142857142855,0.6923076923076923,0.5294117647058824,0.225,4,0.1,0.8,0.45
R4,5,0.2,27,36,0.42857142857142855,0.6923076923076923,0.5294117647058824,0.225,4,0.1,0.9,0.45
R4,5,0.2,27,36,0.42857142857142855,0.6923076923076923,0.5294117647058824,0.225,4,0.1,1.0,0.45
R4,5,0.2,27,33,0.45,0.6923076923076923,0.5454545454545455,0.225,4,0.0,0.5,0.5
R4,5,0.2,27,33,0.45,0.6923076923076923,0.5454545454545455,0.225,4,0.0,0.6,0.5
R4,5,0.2,27,33,0.45,0.6923076923076923,0.5454545454545455,0.225,4,0.0,0.7,0.5
R4,5,0.2,27,33,0.45,0.6923076923076923,0.5454545454545455,0.225,4,0.0,0.8,0.5
R4,5,0.2,27,33,0.45,0.6923076923076923,0.5454545454545455,0.225,4,0.0,0.9,0.5
R4,5,0.2,27,33,0.45,0.6923076923076923,0.5454545454545455,0.225,4,0.0,1.0,0.5
R4,5,0.2,27,33,0.45,0.6923076923076923,0.5454545454545455,0.225,4,0.05,0.5,0.5
R4,5,0.2,27,33,0.45,0.6923076923076923,0.5454545454545455,0.225,4,0.05,0.6,0.5
R4,5,0.2,27,33,0.45,0.6923076923076923,0.5454545454545455,0.225,4,0.05,0.7,0.5
R4,5,0.2,27,33,0.45,0.6923076923076923,0.5454545454545455,0.225,4,0.05,0.8,0.5
R4,5,0.2,27,33,0.45,0.6923076923076923,0.5454545454545455,0.225,4,0.05,0.9,0.5
R4,5,0.2,27,33,0.45,0.6923076923076923,0.5454545454545455,0.225,4,0.05,1.0,0.5
R4,5,0.2,27,33,0.45,0.6923076923076923,0.5454545454545455,0.225,4,0.1,0.5,0.5
R4,5,0.2,27,33,0.45,0.6923076923076923,0.5454545454545455,0.225,4,0.1,0.6,0.5
R4,5,0.2,27,33,0.45,0.6923076923076923,0.5454545454545455,0.225,4,0.1,0.7,0.5
R4,5,0.2,27,33,0.45,0.6923076923076923,0.5454545454545455,0.225,4,0.1,0.8,0.5
R4,5,0.2,27,33,0.45,0.6923076923076923,0.5454545454545455,0.225,4,0.1,0.9,0.5
R4,5,0.2,27,33,0.45,0.6923076923076923,0.5454545454545455,0.225,4,0.1,1.0,0.5
R4,5,0.2,23,29,0.4423076923076923,0.5897435897435898,0.5054945054945056,0.19166666666666668,4,0.0,0.5,0.55
R4,5,0.2,23,29,0.4423076923076923,0.5897435897435898,0.5054945054945056,0.19166666666666668,4,0.0,0.6,0.55
R4,5,0.2,23,29,0.4423076923076923,0.5897435897435898,0.5054945054945056,0.19166666666666668,4,0.0,0.7,0.55
R4,5,0.2,23,29,0.4423076923076923,0.5897435897435898,0.5054945054945056,0.19166666666666668,4,0.0,0.8,0.55
R4,5,0.2,23,29,0.4423076923076923,0.5897435897435898,0.5054945054945056,0.19166666666666668,4,0.0,0.9,0.55
R4,5,0.2,23,29,0.4423076923076923,0.5897435897435898,0.5054945054945056,0.19166666666666668,4,0.0,1.0,0.55
R4,5,0.2,23,29,0.4423076923076923,0.5897435897435898,0.5054945054945056,0.19166666666666668,4,0.05,0.5,0.55
R4,5,0.2,23,29,0.4423076923076923,0.5897435897435898,0.5054945054945056,0.19166666666666668,4,0.05,0.6,0.55
R4,5,0.2,23,29,0.4423076923076923,0.5897435897435898,0.5054945054945056,0.19166666666666668,4,0.05,0.7,0.55
R4,5,0.2,23,29,0.4423076923076923,0.5897435897435898,0.5054945054945056,0.19166666666666668,4,0.05,0.8,0.55
R4,5,0.2,23,29,0.4423076923076923,0.5897435897435898,0.5054945054945056,0.19166666666666668,4,0.05,0.9,0.55
R4,5,0.2,23,29,0.4423076923076923,0.5897435897435898,0.5054945054945056,0.19166666666666668,4,0.05,1.0,0.55
R4,5,0.2,23,29,0.4423076923076923,0.5897435897435898,0.5054945054945056,0.19166666666666668,4,0.1,0.5,0.55
R4,5,0.2,23,29,0.4423076923076923,0.5897435897435898,0.5054945054945056,0.19166666666666668,4,0.1,0.6,0.55
R4,5,0.2,23,29,0.4423076923076923,0.5897435897435898,0.5054945054945056,0.19166666666666668,4,0.1,0.7,0.55
R4,5,0.2,23,29,0.4423076923076923,0.5897435897435898,0.5054945054945056,0.19166666666666668,4,0.1,0.8,0.55
R4,5,0.2,23,29,0.4423076923076923,0.5897435897435898,0.5054945054945056,0.19166666666666668,4,0.1,0.9,0.55
R4,5,0.2,23,29,0.4423076923076923,0.5897435897435898,0.5054945054945056,0.19166666666666668,4,0.1,1.0,0.55
R4,5,0.2,22,23,0.4888888888888889,0.5641025641025641,0.5238095238095238,0.18333333333333332,4,0.0,0.5,0.6
R4,5,0.2,22,23,0.4888888888888889,0.5641025641025641,0.5238095238095238,0.18333333333333332,4,0.0,0.6,0.6
R4,5,0.2,22,23,0.4888888888888889,0.5641025641025641,0.5238095238095238,0.18333333333333332,4,0.0,0.7,0.6
R4,5,0.2,22,23,0.4888888888888889,0.5641025641025641,0.5238095238095238,0.18333333333333332,4,0.0,0.8,0.6
R4,5,0.2,22,23,0.4888888888888889,0.5641025641025641,0.5238095238095238,0.18333333333333332,4,0.0,0.9,0.6
R4,5,0.2,22,23,0.4888888888888889,0.5641025641025641,0.5238095238095238,0.18333333333333332,4,0.0,1.0,0.6
R4,5,0.2,22,23,0.4888888888888889,0.5641025641025641,0.5238095238095238,0.18333333333333332,4,0.05,0.5,0.6
R4,5,0.2,22,23,0.4888888888888889,0.5641025641025641,0.5238095238095238,0.18333333333333332,4,0.05,0.6,0.6
R4,5,0.2,22,23,0.4888888888888889,0.5641025641025641,0.5238095238095238,0.18333333333333332,4,0.05,0.7,0.6
R4,5,0.2,22,23,0.4888888888888889,0.5641025641025641,0.5238095238095238,0.18333333333333332,4,0.05,0.8,0.6
R4,5,0.2,22,23,0.4888888888888889,0.5641025641025641,0.5238095238095238,0.18333333333333332,4,0.05,0.9,0.6
R4,5,0.2,22,23,0.4888888888888889,0.5641025641025641,0.5238095238095238,0.18333333333333332,4,0.05,1.0,0.6
R4,5,0.2,22,23,0.4888888888888889,0.5641025641025641,0.5238095238095238,0.18333333333333332,4,0.1,0.5,0.6
R4,5,0.2,22,23,0.4888888888888889,0.5641025641025641,0.5238095238095238,0.18333333333333332,4,0.1,0.6,0.6
R4,5,0.2,22,23,0.4888888888888889,0.5641025641025641,0.5238095238095238,0.18333333333333332,4,0.1,0.7,0.6
R4,5,0.2,22,23,0.4888888888888889,0.5641025641025641,0.5238095238095238,0.18333333333333332,4,0.1,0.8,0.6
R4,5,0.2,22,23,0.4888888888888889,0.5641025641025641,0.5238095238095238,0.18333333333333332,4,0.1,0.9,0.6
R4,5,0.2,22,23,0.4888888888888889,0.5641025641025641,0.5238095238095238,0.18333333333333332,4,0.1,1.0,0.6
R4,5,0.2,21,20,0.5121951219512195,0.5384615384615384,0.525,0.175,4,0.0,0.5,0.6499999999999999
R4,5,0.2,21,20,0.5121951219512195,0.5384615384615384,0.525,0.175,4,0.0,0.6,0.6499999999999999
R4,5,0.2,21,20,0.5121951219512195,0.5384615384615384,0.525,0.175,4,0.0,0.7,0.6499999999999999
R4,5,0.2,21,20,0.5121951219512195,0.5384615384615384,0.525,0.175,4,0.0,0.8,0.6499999999999999
R4,5,0.2,21,20,0.5121951219512195,0.5384615384615384,0.525,0.175,4,0.0,0.9,0.6499999999999999
R4,5,0.2,21,20,0.5121951219512195,0.5384615384615384,0.525,0.175,4,0.0,1.0,0.6499999999999999
R4,5,0.2,21,20,0.5121951219512195,0.5384615384615384,0.525,0.175,4,0.05,0.5,0.6499999999999999
R4,5,0.2,21,20,0.5121951219512195,0.5384615384615384,0.525,0.175,4,0.05,0.6,0.6499999999999999
R4,5,0.2,21,20,0.5121951219512195,0.5384615384615384,0.525,0.175,4,0.05,0.7,0.6499999999999999
R4,5,0.2,21,20,0.5121951219512195,0.5384615384615384,0.525,0.175,4,0.05,0.8,0.6499999999999999
R4,5,0.2,21,20,0.5121951219512195,0.5384615384615384,0.525,0.175,4,0.05,0.9,0.6499999999999999
R4,5,0.2,21,20,0.5121951219512195,0.5384615384615384,0.525,0.175,4,0.05,1.0,0.6499999999999999
R4,5,0.2,21,20,0.5121951219512195,0.5384615384615384,0.525,0.175,4,0.1,0.5,0.6499999999999999
R4,5,0.2,21,20,0.5121951219512195,0.5384615384615384,0.525,0.175,4,0.1,0.6,0.6499999999999999
R4,5,0.2,21,20,0.5121951219512195,0.5384615384615384,0.525,0.175,4,0.1,0.7,0.6499999999999999
R4,5,0.2,21,20,0.5121951219512195,0.5384615384615384,0.525,0.175,4,0.1,0.8,0.6499999999999999
R4,5,0.2,21,20,0.5121951219512195,0.5384615384615384,0.525,0.175,4,0.1,0.9,0.6499999999999999
R4,5,0.2,21,20,0.5121951219512195,0.5384615384615384,0.525,0.175,4,0.1,1.0,0.6499999999999999
R4,5,0.2,21,19,0.525,0.5384615384615384,0.5316455696202531,0.175,4,0.0,0.5,0.7
R4,5,0.2,21,19,0.525,0.5384615384615384,0.5316455696202531,0.175,4,0.0,0.6,0.7
R4,5,0.2,21,19,0.525,0.5384615384615384,0.5316455696202531,0.175,4,0.0,0.7,0.7
R4,5,0.2,21,19,0.525,0.5384615384615384,0.5316455696202531,0.175,4,0.0,0.8,0.7
R4,5,0.2,21,19,0.525,0.5384615384615384,0.5316455696202531,0.175,4,0.0,0.9,0.7
R4,5,0.2,21,19,0.525,0.5384615384615384,0.5316455696202531,0.175,4,0.0,1.0,0.7
R4,5,0.2,21,19,0.525,0.5384615384615384,0.5316455696202531,0.175,4,0.05,0.5,0.7
R4,5,0.2,21,19,0.525,0.5384615384615384,0.5316455696202531,0.175,4,0.05,0.6,0.7
R4,5,0.2,21,19,0.525,0.5384615384615384,0.5316455696202531,0.175,4,0.05,0.7,0.7
R4,5,0.2,21,19,0.525,0.5384615384615384,0.5316455696202531,0.175,4,0.05,0.8,0.7
R4,5,0.2,21,19,0.525,0.5384615384615384,0.5316455696202531,0.175,4,0.05,0.9,0.7
R4,5,0.2,21,19,0.525,0.5384615384615384,0.5316455696202531,0.175,4,0.05,1.0,0.7
R4,5,0.2,21,19,0.525,0.5384615384615384,0.5316455696202531,0.175,4,0.1,0.5,0.7
R4,5,0.2,21,19,0.525,0.5384615384615384,0.5316455696202531,0.175,4,0.1,0.6,0.7
R4,5,0.2,21,19,0.525,0.5384615384615384,0.5316455696202531,0.175,4,0.1,0.7,0.7
R4,5,0.2,21,19,0.525,0.5384615384615384,0.5316455696202531,0.175,4,0.1,0.8,0.7
R4,5,0.2,21,19,0.525,0.5384615384615384,0.5316455696202531,0.175,4,0.1,0.9,0.7
R4,5,0.2,21,19,0.525,0.5384615384615384,0.5316455696202531,0.175,4,0.1,1.0,0.7
R4,5,0.22500000000000003,32,41,0.4383561643835616,0.8205128205128205,0.5714285714285714,0.26666666666666666,4,0.0,0.5,0.4
R4,5,0.22500000000000003,32,41,0.4383561643835616,0.8205128205128205,0.5714285714285714,0.26666666666666666,4,0.0,0.6,0.4
R4,5,0.22500000000000003,31,41,0.4305555555555556,0.7948717948717948,0.5585585585585585,0.25833333333333336,4,0.0,0.7,0.4
R4,5,0.22500000000000003,30,41,0.4225352112676056,0.7692307692307693,0.5454545454545455,0.25,4,0.0,0.8,0.4
R4,5,0.22500000000000003,30,41,0.4225352112676056,0.7692307692307693,0.5454545454545455,0.25,4,0.0,0.9,0.4
R4,5,0.22500000000000003,30,41,0.4225352112676056,0.7692307692307693,0.5454545454545455,0.25,4,0.0,1.0,0.4
R4,5,0.22500000000000003,32,41,0.4383561643835616,0.8205128205128205,0.5714285714285714,0.26666666666666666,4,0.05,0.5,0.4
R4,5,0.22500000000000003,32,41,0.4383561643835616,0.8205128205128205,0.5714285714285714,0.26666666666666666,4,0.05,0.6,0.4
R4,5,0.22500000000000003,31,41,0.4305555555555556,0.7948717948717948,0.5585585585585585,0.25833333333333336,4,0.05,0.7,0.4
R4,5,0.22500000000000003,30,41,0.4225352112676056,0.7692307692307693,0.5454545454545455,0.25,4,0.05,0.8,0.4
R4,5,0.22500000000000003,30,41,0.4225352112676056,0.7692307692307693,0.5454545454545455,0.25,4,0.05,0.9,0.4
R4,5,0.22500000000000003,30,41,0.4225352112676056,0.7692307692307693,0.5454545454545455,0.25,4,0.05,1.0,0.4
R4,5,0.22500000000000003,32,41,0.4383561643835616,0.8205128205128205,0.5714285714285714,0.26666666666666666,4,0.1,0.5,0.4
R4,5,0.22500000000000003,32,41,0.4383561643835616,0.8205128205128205,0.5714285714285714,0.26666666666666666,4,0.1,0.6,0.4
R4,5,0.22500000000000003,31,41,0.4305555555555556,0.7948717948717948,0.5585585585585585,0.25833333333333336,4,0.1,0.7,0.4
R4,5,0.22500000000000003,30,41,0.4225352112676056,0.7692307692307693,0.5454545454545455,0.25,4,0.1,0.8,0.4
R4,5,0.22500000000000003,30,41,0.4225352112676056,0.7692307692307693,0.5454545454545455,0.25,4,0.1,0.9,0.4
R4,5,0.22500000000000003,30,41,0.4225352112676056,0.7692307692307693,0.5454545454545455,0.25,4,0.1,1.0,0.4
R4,5,0.22500000000000003,28,36,0.4375,0.717948717948718,0.5436893203883495,0.23333333333333334,4,0.0,0.5,0.45
R4,5,0.22500000000000003,28,36,0.4375,0.717948717948718,0.5436893203883495,0.23333333333333334,4,0.0,0.6,0.45
R4,5,0.22500000000000003,27,36,0.42857142857142855,0.6923076923076923,0.5294117647058824,0.225,4,0.0,0.7,0.45
R4,5,0.22500000000000003,27,36,0.42857142857142855,0.6923076923076923,0.5294117647058824,0.225,4,0.0,0.8,0.45
R4,5,0.22500000000000003,27,36,0.42857142857142855,0.6923076923076923,0.5294117647058824,0.225,4,0.0,0.9,0.45
R4,5,0.22500000000000003,27,36,0.42857142857142855,0.6923076923076923,0.5294117647058824,0.225,4,0.0,1.0,0.45
R4,5,0.22500000000000003,28,36,0.4375,0.717948717948718,0.5436893203883495,0.23333333333333334,4,0.05,0.5,0.45
R4,5,0.22500000000000003,28,36,0.4375,0.717948717948718,0.5436893203883495,0.23333333333333334,4,0.05,0.6,0.45
R4,5,0.22500000000000003,27,36,0.42857142857142855,0.6923076923076923,0.5294117647058824,0.225,4,0.05,0.7,0.45
R4,5,0.22500000000000003,27,36,0.42857142857142855,0.6923076923076923,0.5294117647058824,0.225,4,0.05,0.8,0.45
R4,5,0.22500000000000003,27,36,0.42857142857142855,0.6923076923076923,0.5294117647058824,0.225,4,0.05,0.9,0.45
R4,5,0.22500000000000003,27,36,0.42857142857142855,0.6923076923076923,0.5294117647058824,0.225,4,0.05,1.0,0.45
R4,5,0.22500000000000003,28,36,0.4375,0.717948717948718,0.5436893203883495,0.23333333333333334,4,0.1,0.5,0.45
R4,5,0.22500000000000003,28,36,0.4375,0.717948717948718,0.5436893203883495,0.23333333333333334,4,0.1,0.6,0.45
R4,5,0.22500000000000003,27,36,0.42857142857142855,0.6923076923076923,0.5294117647058824,0.225,4,0.1,0.7,0.45
R4,5,0.22500000000000003,27,36,0.42857142857142855,0.6923076923076923,0.5294117647058824,0.225,4,0.1,0.8,0.45
R4,5,0.22500000000000003,27,36,0.42857142857142855,0.6923076923076923,0.5294117647058824,0.225,4,0.1,0.9,0.45
R4,5,0.22500000000000003,27,36,0.42857142857142855,0.6923076923076923,0.5294117647058824,0.225,4,0.1,1.0,0.45
R4,5,0.22500000000000003,27,33,0.45,0.6923076923076923,0.5454545454545455,0.225,4,0.0,0.5,0.5
R4,5,0.22500000000000003,27,33,0.45,0.6923076923076923,0.5454545454545455,0.225,4,0.0,0.6,0.5
R4,5,0.22500000000000003,27,33,0.45,0.6923076923076923,0.5454545454545455,0.225,4,0.0,0.7,0.5
R4,5,0.22500000000000003,27,33,0.45,0.6923076923076923,0.5454545454545455,0.225,4,0.0,0.8,0.5
R4,5,0.22500000000000003,27,33,0.45,0.6923076923076923,0.5454545454545455,0.225,4,0.0,0.9,0.5
R4,5,0.22500000000000003,27,33,0.45,0.6923076923076923,0.5454545454545455,0.225,4,0.0,1.0,0.5
R4,5,0.22500000000000003,27,33,0.45,0.6923076923076923,0.5454545454545455,0.225,4,0.05,0.5,0.5
R4,5,0.22500000000000003,27,33,0.45,0.6923076923076923,0.5454545454545455,0.225,4,0.05,0.6,0.5
R4,5,0.22500000000000003,27,33,0.45,0.6923076923076923,0.5454545454545455,0.225,4,0.05,0.7,0.5
R4,5,0.22500000000000003,27,33,0.45,0.6923076923076923,0.5454545454545455,0.225,4,0.05,0.8,0.5
R4,5,0.22500000000000003,27,33,0.45,0.6923076923076923,0.5454545454545455,0.225,4,0.05,0.9,0.5
R4,5,0.22500000000000003,27,33,0.45,0.6923076923076923,0.5454545454545455,0.225,4,0.05,1.0,0.5
R4,5,0.22500000000000003,27,33,0.45,0.6923076923076923,0.5454545454545455,0.225,4,0.1,0.5,0.5
R4,5,0.22500000000000003,27,33,0.45,0.6923076923076923,0.5454545454545455,0.225,4,0.1,0.6,0.5
R4,5,0.22500000000000003,27,33,0.45,0.6923076923076923,0.5454545454545455,0.225,4,0.1,0.7,0.5
R4,5,0.22500000000000003,27,33,0.45,0.6923076923076923,0.5454545454545455,0.225,4,0.1,0.8,0.5
R4,5,0.22500000000000003,27,33,0.45,0.6923076923076923,0.5454545454545455,0.225,4,0.1,0.9,0.5
R4,5,0.22500000000000003,27,33,0.45,0.6923076923076923,0.5454545454545455,0.225,4,0.1,1.0,0.5
R4,5,0.22500000000000003,23,29,0.4423076923076923,0.5897435897435898,0.5054945054945056,0.19166666666666668,4,0.0,0.5,0.55
R4,5,0.22500000000000003,23,29,0.4423076923076923,0.5897435897435898,0.5054945054945056,0.19166666666666668,4,0.0,0.6,0.55
R4,5,0.22500000000000003,23,29,0.4423076923076923,0.5897435897435898,0.5054945054945056,0.19166666666666668,4,0.0,0.7,0.55
R4,5,0.22500000000000003,23,29,0.4423076923076923,0.5897435897435898,0.5054945054945056,0.19166666666666668,4,0.0,0.8,0.55
R4,5,0.22500000000000003,23,29,0.4423076923076923,0.5897435897435898,0.5054945054945056,0.19166666666666668,4,0.0,0.9,0.55
R4,5,0.22500000000000003,23,29,0.4423076923076923,0.5897435897435898,0.5054945054945056,0.19166666666666668,4,0.0,1.0,0.55
R4,5,0.22500000000000003,23,29,0.4423076923076923,0.5897435897435898,0.5054945054945056,0.19166666666666668,4,0.05,0.5,0.55
R4,5,0.22500000000000003,23,29,0.4423076923076923,0.5897435897435898,0.5054945054945056,0.19166666666666668,4,0.05,0.6,0.55
R4,5,0.22500000000000003,23,29,0.4423076923076923,0.5897435897435898,0.5054945054945056,0.19166666666666668,4,0.05,0.7,0.55
R4,5,0.22500000000000003,23,29,0.4423076923076923,0.5897435897435898,0.5054945054945056,0.19166666666666668,4,0.05,0.8,0.55
R4,5,0.22500000000000003,23,29,0.4423076923076923,0.5897435897435898,0.5054945054945056,0.19166666666666668,4,0.05,0.9,0.55
R4,5,0.22500000000000003,23,29,0.4423076923076923,0.5897435897435898,0.5054945054945056,0.19166666666666668,4,0.05,1.0,0.55
R4,5,0.22500000000000003,23,29,0.4423076923076923,0.5897435897435898,0.5054945054945056,0.19166666666666668,4,0.1,0.5,0.55
R4,5,0.22500000000000003,23,29,0.4423076923076923,0.5897435897435898,0.5054945054945056,0.19166666666666668,4,0.1,0.6,0.55
R4,5,0.22500000000000003,23,29,0.4423076923076923,0.5897435897435898,0.5054945054945056,0.19166666666666668,4,0.1,0.7,0.55
R4,5,0.22500000000000003,23,29,0.4423076923076923,0.5897435897435898,0.5054945054945056,0.19166666666666668,4,0.1,0.8,0.55
R4,5,0.22500000000000003,23,29,0.4423076923076923,0.5897435897435898,0.5054945054945056,0.19166666666666668,4,0.1,0.9,0.55
R4,5,0.22500000000000003,23,29,0.4423076923076923,0.5897435897435898,0.5054945054945056,0.19166666666666668,4,0.1,1.0,0.55
R4,5,0.22500000000000003,22,23,0.4888888888888889,0.5641025641025641,0.5238095238095238,0.18333333333333332,4,0.0,0.5,0.6
R4,5,0.22500000000000003,22,23,0.4888888888888889,0.5641025641025641,0.5238095238095238,0.18333333333333332,4,0.0,0.6,0.6
R4,5,0.22500000000000003,22,23,0.4888888888888889,0.5641025641025641,0.5238095238095238,0.18333333333333332,4,0.0,0.7,0.6
R4,5,0.22500000000000003,22,23,0.4888888888888889,0.5641025641025641,0.5238095238095238,0.18333333333333332,4,0.0,0.8,0.6
R4,5,0.22500000000000003,22,23,0.4888888888888889,0.5641025641025641,0.5238095238095238,0.18333333333333332,4,0.0,0.9,0.6
R4,5,0.22500000000000003,22,23,0.4888888888888889,0.5641025641025641,0.5238095238095238,0.18333333333333332,4,0.0,1.0,0.6
R4,5,0.22500000000000003,22,23,0.4888888888888889,0.5641025641025641,0.5238095238095238,0.18333333333333332,4,0.05,0.5,0.6
R4,5,0.22500000000000003,22,23,0.4888888888888889,0.5641025641025641,0.5238095238095238,0.18333333333333332,4,0.05,0.6,0.6
R4,5,0.22500000000000003,22,23,0.4888888888888889,0.5641025641025641,0.5238095238095238,0.18333333333333332,4,0.05,0.7,0.6
R4,5,0.22500000000000003,22,23,0.4888888888888889,0.5641025641025641,0.5238095238095238,0.18333333333333332,4,0.05,0.8,0.6
R4,5,0.22500000000000003,22,23,0.4888888888888889,0.5641025641025641,0.5238095238095238,0.18333333333333332,4,0.05,0.9,0.6
R4,5,0.22500000000000003,22,23,0.4888888888888889,0.5641025641025641,0.5238095238095238,0.18333333333333332,4,0.05,1.0,0.6
R4,5,0.22500000000000003,22,23,0.4888888888888889,0.5641025641025641,0.5238095238095238,0.18333333333333332,4,0.1,0.5,0.6
R4,5,0.22500000000000003,22,23,0.4888888888888889,0.5641025641025641,0.5238095238095238,0.18333333333333332,4,0.1,0.6,0.6
R4,5,0.22500000000000003,22,23,0.4888888888888889,0.5641025641025641,0.5238095238095238,0.18333333333333332,4,0.1,0.7,0.6
R4,5,0.22500000000000003,22,23,0.4888888888888889,0.5641025641025641,0.5238095238095238,0.18333333333333332,4,0.1,0.8,0.6
R4,5,0.22500000000000003,22,23,0.4888888888888889,0.5641025641025641,0.5238095238095238,0.18333333333333332,4,0.1,0.9,0.6
R4,5,0.22500000000000003,22,23,0.4888888888888889,0.5641025641025641,0.5238095238095238,0.18333333333333332,4,0.1,1.0,0.6
R4,5,0.22500000000000003,21,20,0.5121951219512195,0.5384615384615384,0.525,0.175,4,0.0,0.5,0.6499999999999999
R4,5,0.22500000000000003,21,20,0.5121951219512195,0.5384615384615384,0.525,0.175,4,0.0,0.6,0.6499999999999999
R4,5,0.22500000000000003,21,20,0.5121951219512195,0.5384615384615384,0.525,0.175,4,0.0,0.7,0.6499999999999999
R4,5,0.22500000000000003,21,20,0.5121951219512195,0.5384615384615384,0.525,0.175,4,0.0,0.8,0.6499999999999999
R4,5,0.22500000000000003,21,20,0.5121951219512195,0.5384615384615384,0.525,0.175,4,0.0,0.9,0.6499999999999999
R4,5,0.22500000000000003,21,20,0.5121951219512195,0.5384615384615384,0.525,0.175,4,0.0,1.0,0.6499999999999999
R4,5,0.22500000000000003,21,20,0.5121951219512195,0.5384615384615384,0.525,0.175,4,0.05,0.5,0.6499999999999999
R4,5,0.22500000000000003,21,20,0.5121951219512195,0.5384615384615384,0.525,0.175,4,0.05,0.6,0.6499999999999999
R4,5,0.22500000000000003,21,20,0.5121951219512195,0.5384615384615384,0.525,0.175,4,0.05,0.7,0.6499999999999999
R4,5,0.22500000000000003,21,20,0.5121951219512195,0.5384615384615384,0.525,0.175,4,0.05,0.8,0.6499999999999999
R4,5,0.22500000000000003,21,20,0.5121951219512195,0.5384615384615384,0.525,0.175,4,0.05,0.9,0.6499999999999999
R4,5,0.22500000000000003,21,20,0.5121951219512195,0.5384615384615384,0.525,0.175,4,0.05,1.0,0.6499999999999999
R4,5,0.22500000000000003,21,20,0.5121951219512195,0.5384615384615384,0.525,0.175,4,0.1,0.5,0.6499999999999999
R4,5,0.22500000000000003,21,20,0.5121951219512195,0.5384615384615384,0.525,0.175,4,0.1,0.6,0.6499999999999999
R4,5,0.22500000000000003,21,20,0.5121951219512195,0.5384615384615384,0.525,0.175,4,0.1,0.7,0.6499999999999999
R4,5,0.22500000000000003,21,20,0.5121951219512195,0.5384615384615384,0.525,0.175,4,0.1,0.8,0.6499999999999999
R4,5,0.22500000000000003,21,20,0.5121951219512195,0.5384615384615384,0.525,0.175,4,0.1,0.9,0.6499999999999999
R4,5,0.22500000000000003,21,20,0.5121951219512195,0.5384615384615384,0.525,0.175,4,0.1,1.0,0.6499999999999999
R4,5,0.22500000000000003,21,19,0.525,0.5384615384615384,0.5316455696202531,0.175,4,0.0,0.5,0.7
R4,5,0.22500000000000003,21,19,0.525,0.5384615384615384,0.5316455696202531,0.175,4,0.0,0.6,0.7
R4,5,0.22500000000000003,21,19,0.525,0.5384615384615384,0.5316455696202531,0.175,4,0.0,0.7,0.7
R4,5,0.22500000000000003,21,19,0.525,0.5384615384615384,0.5316455696202531,0.175,4,0.0,0.8,0.7
R4,5,0.22500000000000003,21,19,0.525,0.5384615384615384,0.5316455696202531,0.175,4,0.0,0.9,0.7
R4,5,0.22500000000000003,21,19,0.525,0.5384615384615384,0.5316455696202531,0.175,4,0.0,1.0,0.7
R4,5,0.22500000000000003,21,19,0.525,0.5384615384615384,0.5316455696202531,0.175,4,0.05,0.5,0.7
R4,5,0.22500000000000003,21,19,0.525,0.5384615384615384,0.5316455696202531,0.175,4,0.05,0.6,0.7
R4,5,0.22500000000000003,21,19,0.525,0.5384615384615384,0.5316455696202531,0.175,4,0.05,0.7,0.7
R4,5,0.22500000000000003,21,19,0.525,0.5384615384615384,0.5316455696202531,0.175,4,0.05,0.8,0.7
R4,5,0.22500000000000003,21,19,0.525,0.5384615384615384,0.5316455696202531,0.175,4,0.05,0.9,0.7
R4,5,0.22500000000000003,21,19,0.525,0.5384615384615384,0.5316455696202531,0.175,4,0.05,1.0,0.7
R4,5,0.22500000000000003,21,19,0.525,0.5384615384615384,0.5316455696202531,0.175,4,0.1,0.5,0.7
R4,5,0.22500000000000003,21,19,0.525,0.5384615384615384,0.5316455696202531,0.175,4,0.1,0.6,0.7
R4,5,0.22500000000000003,21,19,0.525,0.5384615384615384,0.5316455696202531,0.175,4,0.1,0.7,0.7
R4,5,0.22500000000000003,21,19,0.525,0.5384615384615384,0.5316455696202531,0.175,4,0.1,0.8,0.7
R4,5,0.22500000000000003,21,19,0.525,0.5384615384615384,0.5316455696202531,0.175,4,0.1,0.9,0.7
R4,5,0.22500000000000003,21,19,0.525,0.5384615384615384,0.5316455696202531,0.175,4,0.1,1.0,0.7
R4,5,0.25,32,43,0.4266666666666667,0.8205128205128205,0.5614035087719298,0.26666666666666666,4,0.0,0.5,0.4
R4,5,0.25,32,43,0.4266666666666667,0.8205128205128205,0.5614035087719298,0.26666666666666666,4,0.0,0.6,0.4
R4,5,0.25,31,43,0.4189189189189189,0.7948717948717948,0.5486725663716814,0.25833333333333336,4,0.0,0.7,0.4
R4,5,0.25,30,43,0.410958904109589,0.7692307692307693,0.5357142857142857,0.25,4,0.0,0.8,0.4
R4,5,0.25,30,43,0.410958904109589,0.7692307692307693,0.5357142857142857,0.25,4,0.0,0.9,0.4
R4,5,0.25,30,43,0.410958904109589,0.7692307692307693,0.5357142857142857,0.25,4,0.0,1.0,0.4
R4,5,0.25,32,43,0.4266666666666667,0.8205128205128205,0.5614035087719298,0.26666666666666666,4,0.05,0.5,0.4
R4,5,0.25,32,43,0.4266666666666667,0.8205128205128205,0.5614035087719298,0.26666666666666666,4,0.05,0.6,0.4
R4,5,0.25,31,43,0.4189189189189189,0.7948717948717948,0.5486725663716814,0.25833333333333336,4,0.05,0.7,0.4
R4,5,0.25,30,43,0.410958904109589,0.7692307692307693,0.5357142857142857,0.25,4,0.05,0.8,0.4
R4,5,0.25,30,43,0.410958904109589,0.7692307692307693,0.5357142857142857,0.25,4,0.05,0.9,0.4
R4,5,0.25,30,43,0.410958904109589,0.7692307692307693,0.5357142857142857,0.25,4,0.05,1.0,0.4
R4,5,0.25,32,43,0.4266666666666667,0.8205128205128205,0.5614035087719298,0.26666666666666666,4,0.1,0.5,0.4
R4,5,0.25,32,43,0.4266666666666667,0.8205128205128205,0.5614035087719298,0.26666666666666666,4,0.1,0.6,0.4
R4,5,0.25,31,43,0.4189189189189189,0.7948717948717948,0.5486725663716814,0.25833333333333336,4,0.1,0.7,0.4
R4,5,0.25,30,43,0.410958904109589,0.7692307692307693,0.5357142857142857,0.25,4,0.1,0.8,0.4
R4,5,0.25,30,43,0.410958904109589,0.7692307692307693,0.5357142857142857,0.25,4,0.1,0.9,0.4
R4,5,0.25,30,43,0.410958904109589,0.7692307692307693,0.5357142857142857,0.25,4,0.1,1.0,0.4
R4,5,0.25,28,38,0.42424242424242425,0.717948717948718,0.5333333333333333,0.23333333333333334,4,0.0,0.5,0.45
R4,5,0.25,28,38,0.42424242424242425,0.717948717948718,0.5333333333333333,0.23333333333333334,4,0.0,0.6,0.45
R4,5,0.25,27,38,0.4153846153846154,0.6923076923076923,0.5192307692307692,0.225,4,0.0,0.7,0.45
R4,5,0.25,27,38,0.4153846153846154,0.6923076923076923,0.5192307692307692,0.225,4,0.0,0.8,0.45
R4,5,0.25,27,38,0.4153846153846154,0.6923076923076923,0.5192307692307692,0.225,4,0.0,0.9,0.45
R4,5,0.25,27,38,0.4153846153846154,0.6923076923076923,0.5192307692307692,0.225,4,0.0,1.0,0.45
R4,5,0.25,28,38,0.42424242424242425,0.717948717948718,0.5333333333333333,0.23333333333333334,4,0.05,0.5,0.45
R4,5,0.25,28,38,0.42424242424242425,0.717948717948718,0.5333333333333333,0.23333333333333334,4,0.05,0.6,0.45
R4,5,0.25,27,38,0.4153846153846154,0.6923076923076923,0.5192307692307692,0.225,4,0.05,0.7,0.45
R4,5,0.25,27,38,0.4153846153846154,0.6923076923076923,0.5192307692307692,0.225,4,0.05,0.8,0.45
R4,5,0.25,27,38,0.4153846153846154,0.6923076923076923,0.5192307692307692,0.225,4,0.05,0.9,0.45
R4,5,0.25,27,38,0.4153846153846154,0.6923076923076923,0.5192307692307692,0.225,4,0.05,1.0,0.45
R4,5,0.25,28,38,0.42424242424242425,0.717948717948718,0.5333333333333333,0.23333333333333334,4,0.1,0.5,0.45
R4,5,0.25,28,38,0.42424242424242425,0.717948717948718,0.5333333333333333,0.23333333333333334,4,0.1,0.6,0.45
R4,5,0.25,27,38,0.4153846153846154,0.6923076923076923,0.5192307692307692,0.225,4,0.1,0.7,0.45
R4,5,0.25,27,38,0.4153846153846154,0.6923076923076923,0.5192307692307692,0.225,4,0.1,0.8,0.45
R4,5,0.25,27,38,0.4153846153846154,0.6923076923076923,0.5192307692307692,0.225,4,0.1,0.9,0.45
R4,5,0.25,27,38,0.4153846153846154,0.6923076923076923,0.5192307692307692,0.225,4,0.1,1.0,0.45
R4,5,0.25,27,35,0.43548387096774194,0.6923076923076923,0.5346534653465347,0.225,4,0.0,0.5,0.5
R4,5,0.25,27,35,0.43548387096774194,0.6923076923076923,0.5346534653465347,0.225,4,0.0,0.6,0.5
R4,5,0.25,27,35,0.43548387096774194,0.6923076923076923,0.5346534653465347,0.225,4,0.0,0.7,0.5
R4,5,0.25,27,35,0.43548387096774194,0.6923076923076923,0.5346534653465347,0.225,4,0.0,0.8,0.5
R4,5,0.25,27,35,0.43548387096774194,0.6923076923076923,0.5346534653465347,0.225,4,0.0,0.9,0.5
R4,5,0.25,27,35,0.43548387096774194,0.6923076923076923,0.5346534653465347,0.225,4,0.0,1.0,0.5
R4,5,0.25,27,35,0.43548387096774194,0.6923076923076923,0.5346534653465347,0.225,4,0.05,0.5,0.5
R4,5,0.25,27,35,0.43548387096774194,0.6923076923076923,0.5346534653465347,0.225,4,0.05,0.6,0.5
R4,5,0.25,27,35,0.43548387096774194,0.6923076923076923,0.5346534653465347,0.225,4,0.05,0.7,0.5
R4,5,0.25,27,35,0.43548387096774194,0.6923076923076923,0.5346534653465347,0.225,4,0.05,0.8,0.5
R4,5,0.25,27,35,0.43548387096774194,0.6923076923076923,0.5346534653465347,0.225,4,0.05,0.9,0.5
R4,5,0.25,27,35,0.43548387096774194,0.6923076923076923,0.5346534653465347,0.225,4,0.05,1.0,0.5
R4,5,0.25,27,35,0.43548387096774194,0.6923076923076923,0.5346534653465347,0.225,4,0.1,0.5,0.5
R4,5,0.25,27,35,0.43548387096774194,0.6923076923076923,0.5346534653465347,0.225,4,0.1,0.6,0.5
R4,5,0.25,27,35,0.43548387096774194,0.6923076923076923,0.5346534653465347,0.225,4,0.1,0.7,0.5
R4,5,0.25,27,35,0.43548387096774194,0.6923076923076923,0.5346534653465347,0.225,4,0.1,0.8,0.5
R4,5,0.25,27,35,0.43548387096774194,0.6923076923076923,0.5346534653465347,0.225,4,0.1,0.9,0.5
R4,5,0.25,27,35,0.43548387096774194,0.6923076923076923,0.5346534653465347,0.225,4,0.1,1.0,0.5
R4,5,0.25,23,31,0.42592592592592593,0.5897435897435898,0.49462365591397855,0.19166666666666668,4,0.0,0.5,0.55
R4,5,0.25,23,31,0.42592592592592593,0.5897435897435898,0.49462365591397855,0.19166666666666668,4,0.0,0.6,0.55
R4,5,0.25,23,31,0.42592592592592593,0.5897435897435898,0.49462365591397855,0.19166666666666668,4,0.0,0.7,0.55
R4,5,0.25,23,31,0.42592592592592593,0.5897435897435898,0.49462365591397855,0.19166666666666668,4,0.0,0.8,0.55
R4,5,0.25,23,31,0.42592592592592593,0.5897435897435898,0.49462365591397855,0.19166666666666668,4,0.0,0.9,0.55
R4,5,0.25,23,31,0.42592592592592593,0.5897435897435898,0.49462365591397855,0.19166666666666668,4,0.0,1.0,0.55
R4,5,0.25,23,31,0.42592592592592593,0.5897435897435898,0.49462365591397855,0.19166666666666668,4,0.05,0.5,0.55
R4,5,0.25,23,31,0.42592592592592593,0.5897435897435898,0.49462365591397855,0.19166666666666668,4,0.05,0.6,0.55
R4,5,0.25,23,31,0.42592592592592593,0.5897435897435898,0.49462365591397855,0.19166666666666668,4,0.05,0.7,0.55
R4,5,0.25,23,31,0.42592592592592593,0.5897435897435898,0.49462365591397855,0.19166666666666668,4,0.05,0.8,0.55
R4,5,0.25,23,31,0.42592592592592593,0.5897435897435898,0.49462365591397855,0.19166666666666668,4,0.05,0.9,0.55
R4,5,0.25,23,31,0.42592592592592593,0.5897435897435898,0.49462365591397855,0.19166666666666668,4,0.05,1.0,0.55
R4,5,0.25,23,31,0.42592592592592593,0.5897435897435898,0.49462365591397855,0.19166666666666668,4,0.1,0.5,0.55
R4,5,0.25,23,31,0.42592592592592593,0.5897435897435898,0.49462365591397855,0.19166666666666668,4,0.1,0.6,0.55
R4,5,0.25,23,31,0.42592592592592593,0.5897435897435898,0.49462365591397855,0.19166666666666668,4,0.1,0.7,0.55
R4,5,0.25,23,31,0.42592592592592593,0.5897435897435898,0.49462365591397855,0.19166666666666668,4,0.1,0.8,0.55
R4,5,0.25,23,31,0.42592592592592593,0.5897435897435898,0.49462365591397855,0.19166666666666668,4,0.1,0.9,0.55
R4,5,0.25,23,31,0.42592592592592593,0.5897435897435898,0.49462365591397855,0.19166666666666668,4,0.1,1.0,0.55
R4,5,0.25,22,25,0.46808510638297873,0.5641025641025641,0.5116279069767442,0.18333333333333332,4,0.0,0.5,0.6
R4,5,0.25,22,25,0.46808510638297873,0.5641025641025641,0.5116279069767442,0.18333333333333332,4,0.0,0.6,0.6
R4,5,0.25,22,25,0.46808510638297873,0.5641025641025641,0.5116279069767442,0.18333333333333332,4,0.0,0.7,0.6
R4,5,0.25,22,25,0.46808510638297873,0.5641025641025641,0.5116279069767442,0.18333333333333332,4,0.0,0.8,0.6
R4,5,0.25,22,25,0.46808510638297873,0.5641025641025641,0.5116279069767442,0.18333333333333332,4,0.0,0.9,0.6
R4,5,0.25,22,25,0.46808510638297873,0.5641025641025641,0.5116279069767442,0.18333333333333332,4,0.0,1.0,0.6
R4,5,0.25,22,25,0.46808510638297873,0.5641025641025641,0.5116279069767442,0.18333333333333332,4,0.05,0.5,0.6
R4,5,0.25,22,25,0.46808510638297873,0.5641025641025641,0.5116279069767442,0.18333333333333332,4,0.05,0.6,0.6
R4,5,0.25,22,25,0.46808510638297873,0.5641025641025641,0.5116279069767442,0.18333333333333332,4,0.05,0.7,0.6
R4,5,0.25,22,25,0.46808510638297873,0.5641025641025641,0.5116279069767442,0.18333333333333332,4,0.05,0.8,0.6
R4,5,0.25,22,25,0.46808510638297873,0.5641025641025641,0.5116279069767442,0.18333333333333332,4,0.05,0.9,0.6
R4,5,0.25,22,25,0.46808510638297873,0.5641025641025641,0.5116279069767442,0.18333333333333332,4,0.05,1.0,0.6
R4,5,0.25,22,25,0.46808510638297873,0.5641025641025641,0.5116279069767442,0.18333333333333332,4,0.1,0.5,0.6
R4,5,0.25,22,25,0.46808510638297873,0.5641025641025641,0.5116279069767442,0.18333333333333332,4,0.1,0.6,0.6
R4,5,0.25,22,25,0.46808510638297873,0.5641025641025641,0.5116279069767442,0.18333333333333332,4,0.1,0.7,0.6
R4,5,0.25,22,25,0.46808510638297873,0.5641025641025641,0.5116279069767442,0.18333333333333332,4,0.1,0.8,0.6
R4,5,0.25,22,25,0.46808510638297873,0.5641025641025641,0.5116279069767442,0.18333333333333332,4,0.1,0.9,0.6
R4,5,0.25,22,25,0.46808510638297873,0.5641025641025641,0.5116279069767442,0.18333333333333332,4,0.1,1.0,0.6
R4,5,0.25,21,22,0.4883720930232558,0.5384615384615384,0.5121951219512196,0.175,4,0.0,0.5,0.6499999999999999
R4,5,0.25,21,22,0.4883720930232558,0.5384615384615384,0.5121951219512196,0.175,4,0.0,0.6,0.6499999999999999
R4,5,0.25,21,22,0.4883720930232558,0.5384615384615384,0.5121951219512196,0.175,4,0.0,0.7,0.6499999999999999
R4,5,0.25,21,22,0.4883720930232558,0.5384615384615384,0.5121951219512196,0.175,4,0.0,0.8,0.6499999999999999
R4,5,0.25,21,22,0.4883720930232558,0.5384615384615384,0.5121951219512196,0.175,4,0.0,0.9,0.6499999999999999
R4,5,0.25,21,22,0.4883720930232558,0.5384615384615384,0.5121951219512196,0.175,4,0.0,1.0,0.6499999999999999
R4,5,0.25,21,22,0.4883720930232558,0.5384615384615384,0.5121951219512196,0.175,4,0.05,0.5,0.6499999999999999
R4,5,0.25,21,22,0.4883720930232558,0.5384615384615384,0.5121951219512196,0.175,4,0.05,0.6,0.6499999999999999
R4,5,0.25,21,22,0.4883720930232558,0.5384615384615384,0.5121951219512196,0.175,4,0.05,0.7,0.6499999999999999
R4,5,0.25,21,22,0.4883720930232558,0.5384615384615384,0.5121951219512196,0.175,4,0.05,0.8,0.6499999999999999
R4,5,0.25,21,22,0.4883720930232558,0.5384615384615384,0.5121951219512196,0.175,4,0.05,0.9,0.6499999999999999
R4,5,0.25,21,22,0.4883720930232558,0.5384615384615384,0.5121951219512196,0.175,4,0.05,1.0,0.6499999999999999
R4,5,0.25,21,22,0.4883720930232558,0.5384615384615384,0.5121951219512196,0.175,4,0.1,0.5,0.6499999999999999
R4,5,0.25,21,22,0.4883720930232558,0.5384615384615384,0.5121951219512196,0.175,4,0.1,0.6,0.6499999999999999
R4,5,0.25,21,22,0.4883720930232558,0.5384615384615384,0.5121951219512196,0.175,4,0.1,0.7,0.6499999999999999
R4,5,0.25,21,22,0.4883720930232558,0.5384615384615384,0.5121951219512196,0.175,4,0.1,0.8,0.6499999999999999
R4,5,0.25,21,22,0.4883720930232558,0.5384615384615384,0.5121951219512196,0.175,4,0.1,0.9,0.6499999999999999
R4,5,0.25,21,22,0.4883720930232558,0.5384615384615384,0.5121951219512196,0.175,4,0.1,1.0,0.6499999999999999
R4,5,0.25,21,21,0.5,0.5384615384615384,0.5185185185185186,0.175,4,0.0,0.5,0.7
R4,5,0.25,21,21,0.5,0.5384615384615384,0.5185185185185186,0.175,4,0.0,0.6,0.7
R4,5,0.25,21,21,0.5,0.5384615384615384,0.5185185185185186,0.175,4,0.0,0.7,0.7
R4,5,0.25,21,21,0.5,0.5384615384615384,0.5185185185185186,0.175,4,0.0,0.8,0.7
R4,5,0.25,21,21,0.5,0.5384615384615384,0.5185185185185186,0.175,4,0.0,0.9,0.7
R4,5,0.25,21,21,0.5,0.5384615384615384,0.5185185185185186,0.175,4,0.0,1.0,0.7
R4,5,0.25,21,21,0.5,0.5384615384615384,0.5185185185185186,0.175,4,0.05,0.5,0.7
R4,5,0.25,21,21,0.5,0.5384615384615384,0.5185185185185186,0.175,4,0.05,0.6,0.7
R4,5,0.25,21,21,0.5,0.5384615384615384,0.5185185185185186,0.175,4,0.05,0.7,0.7
R4,5,0.25,21,21,0.5,0.5384615384615384,0.5185185185185186,0.175,4,0.05,0.8,0.7
R4,5,0.25,21,21,0.5,0.5384615384615384,0.5185185185185186,0.175,4,0.05,0.9,0.7
R4,5,0.25,21,21,0.5,0.5384615384615384,0.5185185185185186,0.175,4,0.05,1.0,0.7
R4,5,0.25,21,21,0.5,0.5384615384615384,0.5185185185185186,0.175,4,0.1,0.5,0.7
R4,5,0.25,21,21,0.5,0.5384615384615384,0.5185185185185186,0.175,4,0.1,0.6,0.7
R4,5,0.25,21,21,0.5,0.5384615384615384,0.5185185185185186,0.175,4,0.1,0.7,0.7
R4,5,0.25,21,21,0.5,0.5384615384615384,0.5185185185185186,0.175,4,0.1,0.8,0.7
R4,5,0.25,21,21,0.5,0.5384615384615384,0.5185185185185186,0.175,4,0.1,0.9,0.7
R4,5,0.25,21,21,0.5,0.5384615384615384,0.5185185185185186,0.175,4,0.1,1.0,0.7
R1,10,0.02,11,3,0.7857142857142857,0.28205128205128205,0.4150943396226415,0.07333333333333333,1,,,
R1,10,0.03,11,3,0.7857142857142857,0.28205128205128205,0.4150943396226415,0.07333333333333333,1,,,
R1,10,0.04,11,3,0.7857142857142857,0.28205128205128205,0.4150943396226415,0.07333333333333333,1,,,
R1,10,0.05,11,3,0.7857142857142857,0.28205128205128205,0.4150943396226415,0.07333333333333333,1,,,
R1,10,0.06,15,4,0.7894736842105263,0.38461538461538464,0.5172413793103449,0.1,1,,,
R1,10,0.07,15,4,0.7894736842105263,0.38461538461538464,0.5172413793103449,0.1,1,,,
R1,10,0.08,15,4,0.7894736842105263,0.38461538461538464,0.5172413793103449,0.1,1,,,
R1,10,0.09000000000000001,16,4,0.8,0.41025641025641024,0.5423728813559321,0.10666666666666667,1,,,
R1,10,0.1,16,4,0.8,0.41025641025641024,0.5423728813559321,0.10666666666666667,1,,,
R1,10,0.11,17,4,0.8095238095238095,0.4358974358974359,0.5666666666666667,0.11333333333333333,1,,,
R1,10,0.12000000000000001,17,4,0.8095238095238095,0.4358974358974359,0.5666666666666667,0.11333333333333333,1,,,
R1,10,0.13,18,5,0.782608695652174,0.46153846153846156,0.5806451612903226,0.12,1,,,
R1,10,0.13999999999999999,18,6,0.75,0.46153846153846156,0.5714285714285714,0.12,1,,,
R1,10,0.15,18,6,0.75,0.46153846153846156,0.5714285714285714,0.12,1,,,
R1,10,0.16,18,6,0.75,0.46153846153846156,0.5714285714285714,0.12,1,,,
R1,10,0.16999999999999998,19,6,0.76,0.48717948717948717,0.59375,0.12666666666666668,1,,,
R1,10,0.18,19,6,0.76,0.48717948717948717,0.59375,0.12666666666666668,1,,,
R1,10,0.19,19,6,0.76,0.48717948717948717,0.59375,0.12666666666666668,1,,,
R1,10,0.19999999999999998,19,6,0.76,0.48717948717948717,0.59375,0.12666666666666668,1,,,
R1,10,0.21,20,6,0.7692307692307693,0.5128205128205128,0.6153846153846154,0.13333333333333333,1,,,
R1,10,0.22,21,7,0.75,0.5384615384615384,0.6268656716417911,0.14,1,,,
R1,10,0.22999999999999998,22,9,0.7096774193548387,0.5641025641025641,0.6285714285714286,0.14666666666666667,1,,,
R1,10,0.24,23,9,0.71875,0.5897435897435898,0.6478873239436619,0.15333333333333332,1,,,
R1,10,0.25,23,9,0.71875,0.5897435897435898,0.6478873239436619,0.15333333333333332,1,,,
R1,10,0.26,24,13,0.6486486486486487,0.6153846153846154,0.631578947368421,0.16,1,,,
R1,10,0.27,24,15,0.6153846153846154,0.6153846153846154,0.6153846153846154,0.16,1,,,
R1,10,0.28,24,15,0.6153846153846154,0.6153846153846154,0.6153846153846154,0.16,1,,,
R1,10,0.29000000000000004,25,16,0.6097560975609756,0.6410256410256411,0.625,0.16666666666666666,1,,,
R1,10,0.30000000000000004,25,18,0.5813953488372093,0.6410256410256411,0.6097560975609757,0.16666666666666666,1,,,
R1,10,0.31,25,18,0.5813953488372093,0.6410256410256411,0.6097560975609757,0.16666666666666666,1,,,
R1,10,0.32,25,19,0.5681818181818182,0.6410256410256411,0.6024096385542169,0.16666666666666666,1,,,
R1,10,0.33,26,21,0.5531914893617021,0.6666666666666666,0.6046511627906976,0.17333333333333334,1,,,
R1,10,0.34,28,21,0.5714285714285714,0.717948717948718,0.6363636363636365,0.18666666666666668,1,,,
R1,10,0.35000000000000003,28,21,0.5714285714285714,0.717948717948718,0.6363636363636365,0.18666666666666668,1,,,
R1,10,0.36000000000000004,28,21,0.5714285714285714,0.717948717948718,0.6363636363636365,0.18666666666666668,1,,,
R1,10,0.37000000000000005,28,22,0.56,0.717948717948718,0.6292134831460674,0.18666666666666668,1,,,
R1,10,0.38,28,23,0.5490196078431373,0.717948717948718,0.6222222222222223,0.18666666666666668,1,,,
R1,10,0.39,28,25,0.5283018867924528,0.717948717948718,0.6086956521739131,0.18666666666666668,1,,,
R1,10,0.4,29,25,0.5370370370370371,0.7435897435897436,0.6236559139784946,0.19333333333333333,1,,,
R2,10,,39,49,0.4431818181818182,1.0,0.6141732283464567,0.26,2,0.0,0.5,
R2,10,,39,46,0.4588235294117647,1.0,0.6290322580645161,0.26,2,0.0,0.55,
R2,10,,39,46,0.4588235294117647,1.0,0.6290322580645161,0.26,2,0.0,0.6,
R2,10,,39,45,0.4642857142857143,1.0,0.6341463414634146,0.26,2,0.0,0.65,
R2,10,,39,45,0.4642857142857143,1.0,0.6341463414634146,0.26,2,0.0,0.7,
R2,10,,39,45,0.4642857142857143,1.0,0.6341463414634146,0.26,2,0.0,0.75,
R2,10,,38,43,0.4691358024691358,0.9743589743589743,0.6333333333333333,0.25333333333333335,2,0.0,0.8,
R2,10,,38,43,0.4691358024691358,0.9743589743589743,0.6333333333333333,0.25333333333333335,2,0.0,0.8500000000000001,
R2,10,,36,41,0.4675324675324675,0.9230769230769231,0.6206896551724138,0.24,2,0.0,0.9,
R2,10,,36,41,0.4675324675324675,0.9230769230769231,0.6206896551724138,0.24,2,0.0,0.95,
R2,10,,36,41,0.4675324675324675,0.9230769230769231,0.6206896551724138,0.24,2,0.0,1.0,
R2,10,,39,49,0.4431818181818182,1.0,0.6141732283464567,0.26,2,0.05,0.5,
R2,10,,39,46,0.4588235294117647,1.0,0.6290322580645161,0.26,2,0.05,0.55,
R2,10,,39,46,0.4588235294117647,1.0,0.6290322580645161,0.26,2,0.05,0.6,
R2,10,,39,45,0.4642857142857143,1.0,0.6341463414634146,0.26,2,0.05,0.65,
R2,10,,39,45,0.4642857142857143,1.0,0.6341463414634146,0.26,2,0.05,0.7,
R2,10,,39,45,0.4642857142857143,1.0,0.6341463414634146,0.26,2,0.05,0.75,
R2,10,,38,43,0.4691358024691358,0.9743589743589743,0.6333333333333333,0.25333333333333335,2,0.05,0.8,
R2,10,,38,43,0.4691358024691358,0.9743589743589743,0.6333333333333333,0.25333333333333335,2,0.05,0.8500000000000001,
R2,10,,36,41,0.4675324675324675,0.9230769230769231,0.6206896551724138,0.24,2,0.05,0.9,
R2,10,,36,41,0.4675324675324675,0.9230769230769231,0.6206896551724138,0.24,2,0.05,0.95,
R2,10,,36,41,0.4675324675324675,0.9230769230769231,0.6206896551724138,0.24,2,0.05,1.0,
R2,10,,39,49,0.4431818181818182,1.0,0.6141732283464567,0.26,2,0.1,0.5,
R2,10,,39,46,0.4588235294117647,1.0,0.6290322580645161,0.26,2,0.1,0.55,
R2,10,,39,46,0.4588235294117647,1.0,0.6290322580645161,0.26,2,0.1,0.6,
R2,10,,39,45,0.4642857142857143,1.0,0.6341463414634146,0.26,2,0.1,0.65,
R2,10,,39,45,0.4642857142857143,1.0,0.6341463414634146,0.26,2,0.1,0.7,
R2,10,,39,45,0.4642857142857143,1.0,0.6341463414634146,0.26,2,0.1,0.75,
R2,10,,38,43,0.4691358024691358,0.9743589743589743,0.6333333333333333,0.25333333333333335,2,0.1,0.8,
R2,10,,38,43,0.4691358024691358,0.9743589743589743,0.6333333333333333,0.25333333333333335,2,0.1,0.8500000000000001,
R2,10,,36,41,0.4675324675324675,0.9230769230769231,0.6206896551724138,0.24,2,0.1,0.9,
R2,10,,36,41,0.4675324675324675,0.9230769230769231,0.6206896551724138,0.24,2,0.1,0.95,
R2,10,,36,41,0.4675324675324675,0.9230769230769231,0.6206896551724138,0.24,2,0.1,1.0,
R2,10,,39,56,0.4105263157894737,1.0,0.582089552238806,0.26,2,0.15000000000000002,0.5,
R2,10,,39,53,0.42391304347826086,1.0,0.5954198473282443,0.26,2,0.15000000000000002,0.55,
R2,10,,39,53,0.42391304347826086,1.0,0.5954198473282443,0.26,2,0.15000000000000002,0.6,
R2,10,,39,52,0.42857142857142855,1.0,0.6,0.26,2,0.15000000000000002,0.65,
R2,10,,39,52,0.42857142857142855,1.0,0.6,0.26,2,0.15000000000000002,0.7,
R2,10,,39,52,0.42857142857142855,1.0,0.6,0.26,2,0.15000000000000002,0.75,
R2,10,,38,50,0.4318181818181818,0.9743589743589743,0.5984251968503937,0.25333333333333335,2,0.15000000000000002,0.8,
R2,10,,38,50,0.4318181818181818,0.9743589743589743,0.5984251968503937,0.25333333333333335,2,0.15000000000000002,0.8500000000000001,
R2,10,,36,48,0.42857142857142855,0.9230769230769231,0.5853658536585366,0.24,2,0.15000000000000002,0.9,
R2,10,,36,48,0.42857142857142855,0.9230769230769231,0.5853658536585366,0.24,2,0.15000000000000002,0.95,
R2,10,,36,48,0.42857142857142855,0.9230769230769231,0.5853658536585366,0.24,2,0.15000000000000002,1.0,
R2,10,,39,56,0.4105263157894737,1.0,0.582089552238806,0.26,2,0.2,0.5,
R2,10,,39,53,0.42391304347826086,1.0,0.5954198473282443,0.26,2,0.2,0.55,
R2,10,,39,53,0.42391304347826086,1.0,0.5954198473282443,0.26,2,0.2,0.6,
R2,10,,39,52,0.42857142857142855,1.0,0.6,0.26,2,0.2,0.65,
R2,10,,39,52,0.42857142857142855,1.0,0.6,0.26,2,0.2,0.7,
R2,10,,39,52,0.42857142857142855,1.0,0.6,0.26,2,0.2,0.75,
R2,10,,38,50,0.4318181818181818,0.9743589743589743,0.5984251968503937,0.25333333333333335,2,0.2,0.8,
R2,10,,38,50,0.4318181818181818,0.9743589743589743,0.5984251968503937,0.25333333333333335,2,0.2,0.8500000000000001,
R2,10,,36,48,0.42857142857142855,0.9230769230769231,0.5853658536585366,0.24,2,0.2,0.9,
R2,10,,36,48,0.42857142857142855,0.9230769230769231,0.5853658536585366,0.24,2,0.2,0.95,
R2,10,,36,48,0.42857142857142855,0.9230769230769231,0.5853658536585366,0.24,2,0.2,1.0,
R3,10,0.02,18,11,0.6206896551724138,0.46153846153846156,0.5294117647058824,0.12,2,,0.5,
R3,10,0.02,18,8,0.6923076923076923,0.46153846153846156,0.553846153846154,0.12,2,,0.55,
R3,10,0.02,18,8,0.6923076923076923,0.46153846153846156,0.553846153846154,0.12,2,,0.6,
R3,10,0.02,18,7,0.72,0.46153846153846156,0.5625,0.12,2,,0.65,
R3,10,0.02,18,7,0.72,0.46153846153846156,0.5625,0.12,2,,0.7,
R3,10,0.02,18,7,0.72,0.46153846153846156,0.5625,0.12,2,,0.75,
R3,10,0.02,17,5,0.7727272727272727,0.4358974358974359,0.5573770491803278,0.11333333333333333,2,,0.8,
R3,10,0.02,17,5,0.7727272727272727,0.4358974358974359,0.5573770491803278,0.11333333333333333,2,,0.8500000000000001,
R3,10,0.02,15,3,0.8333333333333334,0.38461538461538464,0.5263157894736842,0.1,2,,0.9,
R3,10,0.02,15,3,0.8333333333333334,0.38461538461538464,0.5263157894736842,0.1,2,,0.95,
R3,10,0.02,15,3,0.8333333333333334,0.38461538461538464,0.5263157894736842,0.1,2,,1.0,
R3,10,0.039999999999999994,18,11,0.6206896551724138,0.46153846153846156,0.5294117647058824,0.12,2,,0.5,
R3,10,0.039999999999999994,18,8,0.6923076923076923,0.46153846153846156,0.553846153846154,0.12,2,,0.55,
R3,10,0.039999999999999994,18,8,0.6923076923076923,0.46153846153846156,0.553846153846154,0.12,2,,0.6,
R3,10,0.039999999999999994,18,7,0.72,0.46153846153846156,0.5625,0.12,2,,0.65,
R3,10,0.039999999999999994,18,7,0.72,0.46153846153846156,0.5625,0.12,2,,0.7,
R3,10,0.039999999999999994,18,7,0.72,0.46153846153846156,0.5625,0.12,2,,0.75,
R3,10,0.039999999999999994,17,5,0.7727272727272727,0.4358974358974359,0.5573770491803278,0.11333333333333333,2,,0.8,
R3,10,0.039999999999999994,17,5,0.7727272727272727,0.4358974358974359,0.5573770491803278,0.11333333333333333,2,,0.8500000000000001,
R3,10,0.039999999999999994,15,3,0.8333333333333334,0.38461538461538464,0.5263157894736842,0.1,2,,0.9,
R3,10,0.039999999999999994,15,3,0.8333333333333334,0.38461538461538464,0.5263157894736842,0.1,2,,0.95,
R3,10,0.039999999999999994,15,3,0.8333333333333334,0.38461538461538464,0.5263157894736842,0.1,2,,1.0,
R3,10,0.06,20,12,0.625,0.5128205128205128,0.5633802816901409,0.13333333333333333,2,,0.5,
R3,10,0.06,20,9,0.6896551724137931,0.5128205128205128,0.5882352941176471,0.13333333333333333,2,,0.55,
R3,10,0.06,20,9,0.6896551724137931,0.5128205128205128,0.5882352941176471,0.13333333333333333,2,,0.6,
R3,10,0.06,20,8,0.7142857142857143,0.5128205128205128,0.5970149253731343,0.13333333333333333,2,,0.65,
R3,10,0.06,20,8,0.7142857142857143,0.5128205128205128,0.5970149253731343,0.13333333333333333,2,,0.7,
R3,10,0.06,20,8,0.7142857142857143,0.5128205128205128,0.5970149253731343,0.13333333333333333,2,,0.75,
R3,10,0.06,19,6,0.76,0.48717948717948717,0.59375,0.12666666666666668,2,,0.8,
R3,10,0.06,19,6,0.76,0.48717948717948717,0.59375,0.12666666666666668,2,,0.8500000000000001,
R3,10,0.06,17,4,0.8095238095238095,0.4358974358974359,0.5666666666666667,0.11333333333333333,2,,0.9,
R3,10,0.06,17,4,0.8095238095238095,0.4358974358974359,0.5666666666666667,0.11333333333333333,2,,0.95,
R3,10,0.06,17,4,0.8095238095238095,0.4358974358974359,0.5666666666666667,0.11333333333333333,2,,1.0,
R3,10,0.07999999999999999,20,12,0.625,0.5128205128205128,0.5633802816901409,0.13333333333333333,2,,0.5,
R3,10,0.07999999999999999,20,9,0.6896551724137931,0.5128205128205128,0.5882352941176471,0.13333333333333333,2,,0.55,
R3,10,0.07999999999999999,20,9,0.6896551724137931,0.5128205128205128,0.5882352941176471,0.13333333333333333,2,,0.6,
R3,10,0.07999999999999999,20,8,0.7142857142857143,0.5128205128205128,0.5970149253731343,0.13333333333333333,2,,0.65,
R3,10,0.07999999999999999,20,8,0.7142857142857143,0.5128205128205128,0.5970149253731343,0.13333333333333333,2,,0.7,
R3,10,0.07999999999999999,20,8,0.7142857142857143,0.5128205128205128,0.5970149253731343,0.13333333333333333,2,,0.75,
R3,10,0.07999999999999999,19,6,0.76,0.48717948717948717,0.59375,0.12666666666666668,2,,0.8,
R3,10,0.07999999999999999,19,6,0.76,0.48717948717948717,0.59375,0.12666666666666668,2,,0.8500000000000001,
R3,10,0.07999999999999999,17,4,0.8095238095238095,0.4358974358974359,0.5666666666666667,0.11333333333333333,2,,0.9,
R3,10,0.07999999999999999,17,4,0.8095238095238095,0.4358974358974359,0.5666666666666667,0.11333333333333333,2,,0.95,
R3,10,0.07999999999999999,17,4,0.8095238095238095,0.4358974358974359,0.5666666666666667,0.11333333333333333,2,,1.0,
R3,10,0.09999999999999999,21,12,0.6363636363636364,0.5384615384615384,0.5833333333333334,0.14,2,,0.5,
R3,10,0.09999999999999999,21,9,0.7,0.5384615384615384,0.608695652173913,0.14,2,,0.55,
R3,10,0.09999999999999999,21,9,0.7,0.5384615384615384,0.608695652173913,0.14,2,,0.6,
R3,10,0.09999999999999999,21,8,0.7241379310344828,0.5384615384615384,0.6176470588235294,0.14,2,,0.65,
R3,10,0.09999999999999999,21,8,0.7241379310344828,0.5384615384615384,0.6176470588235294,0.14,2,,0.7,
R3,10,0.09999999999999999,21,8,0.7241379310344828,0.5384615384615384,0.6176470588235294,0.14,2,,0.75,
R3,10,0.09999999999999999,20,6,0.7692307692307693,0.5128205128205128,0.6153846153846154,0.13333333333333333,2,,0.8,
R3,10,0.09999999999999999,20,6,0.7692307692307693,0.5128205128205128,0.6153846153846154,0.13333333333333333,2,,0.8500000000000001,
R3,10,0.09999999999999999,18,4,0.8181818181818182,0.46153846153846156,0.5901639344262295,0.12,2,,0.9,
R3,10,0.09999999999999999,18,4,0.8181818181818182,0.46153846153846156,0.5901639344262295,0.12,2,,0.95,
R3,10,0.09999999999999999,18,4,0.8181818181818182,0.46153846153846156,0.5901639344262295,0.12,2,,1.0,
R3,10,0.11999999999999998,22,12,0.6470588235294118,0.5641025641025641,0.6027397260273972,0.14666666666666667,2,,0.5,
R3,10,0.11999999999999998,22,9,0.7096774193548387,0.5641025641025641,0.6285714285714286,0.14666666666666667,2,,0.55,
R3,10,0.11999999999999998,22,9,0.7096774193548387,0.5641025641025641,0.6285714285714286,0.14666666666666667,2,,0.6,
R3,10,0.11999999999999998,22,8,0.7333333333333333,0.5641025641025641,0.6376811594202899,0.14666666666666667,2,,0.65,
R3,10,0.11999999999999998,22,8,0.7333333333333333,0.5641025641025641,0.6376811594202899,0.14666666666666667,2,,0.7,
R3,10,0.11999999999999998,22,8,0.7333333333333333,0.5641025641025641,0.6376811594202899,0.14666666666666667,2,,0.75,
R3,10,0.11999999999999998,21,6,0.7777777777777778,0.5384615384615384,0.6363636363636364,0.14,2,,0.8,
R3,10,0.11999999999999998,21,6,0.7777777777777778,0.5384615384615384,0.6363636363636364,0.14,2,,0.8500000000000001,
R3,10,0.11999999999999998,19,4,0.8260869565217391,0.48717948717948717,0.6129032258064516,0.12666666666666668,2,,0.9,
R3,10,0.11999999999999998,19,4,0.8260869565217391,0.48717948717948717,0.6129032258064516,0.12666666666666668,2,,0.95,
R3,10,0.11999999999999998,19,4,0.8260869565217391,0.48717948717948717,0.6129032258064516,0.12666666666666668,2,,1.0,
R3,10,0.13999999999999999,23,14,0.6216216216216216,0.5897435897435898,0.6052631578947368,0.15333333333333332,2,,0.5,
R3,10,0.13999999999999999,23,11,0.6764705882352942,0.5897435897435898,0.6301369863013699,0.15333333333333332,2,,0.55,
R3,10,0.13999999999999999,23,11,0.6764705882352942,0.5897435897435898,0.6301369863013699,0.15333333333333332,2,,0.6,
R3,10,0.13999999999999999,23,10,0.696969696969697,0.5897435897435898,0.638888888888889,0.15333333333333332,2,,0.65,
R3,10,0.13999999999999999,23,10,0.696969696969697,0.5897435897435898,0.638888888888889,0.15333333333333332,2,,0.7,
R3,10,0.13999999999999999,23,10,0.696969696969697,0.5897435897435898,0.638888888888889,0.15333333333333332,2,,0.75,
R3,10,0.13999999999999999,22,8,0.7333333333333333,0.5641025641025641,0.6376811594202899,0.14666666666666667,2,,0.8,
R3,10,0.13999999999999999,22,8,0.7333333333333333,0.5641025641025641,0.6376811594202899,0.14666666666666667,2,,0.8500000000000001,
R3,10,0.13999999999999999,20,6,0.7692307692307693,0.5128205128205128,0.6153846153846154,0.13333333333333333,2,,0.9,
R3,10,0.13999999999999999,20,6,0.7692307692307693,0.5128205128205128,0.6153846153846154,0.13333333333333333,2,,0.95,
R3,10,0.13999999999999999,20,6,0.7692307692307693,0.5128205128205128,0.6153846153846154,0.13333333333333333,2,,1.0,
R3,10,0.15999999999999998,23,14,0.6216216216216216,0.5897435897435898,0.6052631578947368,0.15333333333333332,2,,0.5,
R3,10,0.15999999999999998,23,11,0.6764705882352942,0.5897435897435898,0.6301369863013699,0.15333333333333332,2,,0.55,
R3,10,0.15999999999999998,23,11,0.6764705882352942,0.5897435897435898,0.6301369863013699,0.15333333333333332,2,,0.6,
R3,10,0.15999999999999998,23,10,0.696969696969697,0.5897435897435898,0.638888888888889,0.15333333333333332,2,,0.65,
R3,10,0.15999999999999998,23,10,0.696969696969697,0.5897435897435898,0.638888888888889,0.15333333333333332,2,,0.7,
R3,10,0.15999999999999998,23,10,0.696969696969697,0.5897435897435898,0.638888888888889,0.15333333333333332,2,,0.75,
R3,10,0.15999999999999998,22,8,0.7333333333333333,0.5641025641025641,0.6376811594202899,0.14666666666666667,2,,0.8,
R3,10,0.15999999999999998,22,8,0.7333333333333333,0.5641025641025641,0.6376811594202899,0.14666666666666667,2,,0.8500000000000001,
R3,10,0.15999999999999998,20,6,0.7692307692307693,0.5128205128205128,0.6153846153846154,0.13333333333333333,2,,0.9,
R3,10,0.15999999999999998,20,6,0.7692307692307693,0.5128205128205128,0.6153846153846154,0.13333333333333333,2,,0.95,
R3,10,0.15999999999999998,20,6,0.7692307692307693,0.5128205128205128,0.6153846153846154,0.13333333333333333,2,,1.0,
R3,10,0.17999999999999997,24,14,0.631578947368421,0.6153846153846154,0.6233766233766234,0.16,2,,0.5,
R3,10,0.17999999999999997,24,11,0.6857142857142857,0.6153846153846154,0.6486486486486486,0.16,2,,0.55,
R3,10,0.17999999999999997,24,11,0.6857142857142857,0.6153846153846154,0.6486486486486486,0.16,2,,0.6,
R3,10,0.17999999999999997,24,10,0.7058823529411765,0.6153846153846154,0.6575342465753424,0.16,2,,0.65,
R3,10,0.17999999999999997,24,10,0.7058823529411765,0.6153846153846154,0.6575342465753424,0.16,2,,0.7,
R3,10,0.17999999999999997,24,10,0.7058823529411765,0.6153846153846154,0.6575342465753424,0.16,2,,0.75,
R3,10,0.17999999999999997,23,8,0.7419354838709677,0.5897435897435898,0.6571428571428573,0.15333333333333332,2,,0.8,
R3,10,0.17999999999999997,23,8,0.7419354838709677,0.5897435897435898,0.6571428571428573,0.15333333333333332,2,,0.8500000000000001,
R3,10,0.17999999999999997,21,6,0.7777777777777778,0.5384615384615384,0.6363636363636364,0.14,2,,0.9,
R3,10,0.17999999999999997,21,6,0.7777777777777778,0.5384615384615384,0.6363636363636364,0.14,2,,0.95,
R3,10,0.17999999999999997,21,6,0.7777777777777778,0.5384615384615384,0.6363636363636364,0.14,2,,1.0,
R3,10,0.19999999999999996,24,14,0.631578947368421,0.6153846153846154,0.6233766233766234,0.16,2,,0.5,
R3,10,0.19999999999999996,24,11,0.6857142857142857,0.6153846153846154,0.6486486486486486,0.16,2,,0.55,
R3,10,0.19999999999999996,24,11,0.6857142857142857,0.6153846153846154,0.6486486486486486,0.16,2,,0.6,
R3,10,0.19999999999999996,24,10,0.7058823529411765,0.6153846153846154,0.6575342465753424,0.16,2,,0.65,
R3,10,0.19999999999999996,24,10,0.7058823529411765,0.6153846153846154,0.6575342465753424,0.16,2,,0.7,
R3,10,0.19999999999999996,24,10,0.7058823529411765,0.6153846153846154,0.6575342465753424,0.16,2,,0.75,
R3,10,0.19999999999999996,23,8,0.7419354838709677,0.5897435897435898,0.6571428571428573,0.15333333333333332,2,,0.8,
R3,10,0.19999999999999996,23,8,0.7419354838709677,0.5897435897435898,0.6571428571428573,0.15333333333333332,2,,0.8500000000000001,
R3,10,0.19999999999999996,21,6,0.7777777777777778,0.5384615384615384,0.6363636363636364,0.14,2,,0.9,
R3,10,0.19999999999999996,21,6,0.7777777777777778,0.5384615384615384,0.6363636363636364,0.14,2,,0.95,
R3,10,0.19999999999999996,21,6,0.7777777777777778,0.5384615384615384,0.6363636363636364,0.14,2,,1.0,
R3,10,0.21999999999999995,26,15,0.6341463414634146,0.6666666666666666,0.6499999999999999,0.17333333333333334,2,,0.5,
R3,10,0.21999999999999995,26,12,0.6842105263157895,0.6666666666666666,0.6753246753246753,0.17333333333333334,2,,0.55,
R3,10,0.21999999999999995,26,12,0.6842105263157895,0.6666666666666666,0.6753246753246753,0.17333333333333334,2,,0.6,
R3,10,0.21999999999999995,26,11,0.7027027027027027,0.6666666666666666,0.6842105263157895,0.17333333333333334,2,,0.65,
R3,10,0.21999999999999995,26,11,0.7027027027027027,0.6666666666666666,0.6842105263157895,0.17333333333333334,2,,0.7,
R3,10,0.21999999999999995,26,11,0.7027027027027027,0.6666666666666666,0.6842105263157895,0.17333333333333334,2,,0.75,
R3,10,0.21999999999999995,25,9,0.7352941176470589,0.6410256410256411,0.6849315068493151,0.16666666666666666,2,,0.8,
R3,10,0.21999999999999995,25,9,0.7352941176470589,0.6410256410256411,0.6849315068493151,0.16666666666666666,2,,0.8500000000000001,
R3,10,0.21999999999999995,23,7,0.7666666666666667,0.5897435897435898,0.6666666666666667,0.15333333333333332,2,,0.9,
R3,10,0.21999999999999995,23,7,0.7666666666666667,0.5897435897435898,0.6666666666666667,0.15333333333333332,2,,0.95,
R3,10,0.21999999999999995,23,7,0.7666666666666667,0.5897435897435898,0.6666666666666667,0.15333333333333332,2,,1.0,
R3,10,0.23999999999999996,28,17,0.6222222222222222,0.717948717948718,0.6666666666666666,0.18666666666666668,2,,0.5,
R3,10,0.23999999999999996,28,14,0.6666666666666666,0.717948717948718,0.691358024691358,0.18666666666666668,2,,0.55,
R3,10,0.23999999999999996,28,14,0.6666666666666666,0.717948717948718,0.691358024691358,0.18666666666666668,2,,0.6,
R3,10,0.23999999999999996,28,13,0.6829268292682927,0.717948717948718,0.7000000000000001,0.18666666666666668,2,,0.65,
R3,10,0.23999999999999996,28,13,0.6829268292682927,0.717948717948718,0.7000000000000001,0.18666666666666668,2,,0.7,
R3,10,0.23999999999999996,28,13,0.6829268292682927,0.717948717948718,0.7000000000000001,0.18666666666666668,2,,0.75,
R3,10,0.23999999999999996,27,11,0.7105263157894737,0.6923076923076923,0.7012987012987013,0.18,2,,0.8,
R3,10,0.23999999999999996,27,11,0.7105263157894737,0.6923076923076923,0.7012987012987013,0.18,2,,0.8500000000000001,
R3,10,0.23999999999999996,25,9,0.7352941176470589,0.6410256410256411,0.6849315068493151,0.16666666666666666,2,,0.9,
R3,10,0.23999999999999996,25,9,0.7352941176470589,0.6410256410256411,0.6849315068493151,0.16666666666666666,2,,0.95,
R3,10,0.23999999999999996,25,9,0.7352941176470589,0.6410256410256411,0.6849315068493151,0.16666666666666666,2,,1.0,
R3,10,0.25999999999999995,29,21,0.58,0.7435897435897436,0.6516853932584269,0.19333333333333333,2,,0.5,
R3,10,0.25999999999999995,29,18,0.6170212765957447,0.7435897435897436,0.6744186046511628,0.19333333333333333,2,,0.55,
R3,10,0.25999999999999995,29,18,0.6170212765957447,0.7435897435897436,0.6744186046511628,0.19333333333333333,2,,0.6,
R3,10,0.25999999999999995,29,17,0.6304347826086957,0.7435897435897436,0.6823529411764706,0.19333333333333333,2,,0.65,
R3,10,0.25999999999999995,29,17,0.6304347826086957,0.7435897435897436,0.6823529411764706,0.19333333333333333,2,,0.7,
R3,10,0.25999999999999995,29,17,0.6304347826086957,0.7435897435897436,0.6823529411764706,0.19333333333333333,2,,0.75,
R3,10,0.25999999999999995,28,15,0.6511627906976745,0.717948717948718,0.6829268292682927,0.18666666666666668,2,,0.8,
R3,10,0.25999999999999995,28,15,0.6511627906976745,0.717948717948718,0.6829268292682927,0.18666666666666668,2,,0.8500000000000001,
R3,10,0.25999999999999995,26,13,0.6666666666666666,0.6666666666666666,0.6666666666666666,0.17333333333333334,2,,0.9,
R3,10,0.25999999999999995,26,13,0.6666666666666666,0.6666666666666666,0.6666666666666666,0.17333333333333334,2,,0.95,
R3,10,0.25999999999999995,26,13,0.6666666666666666,0.6666666666666666,0.6666666666666666,0.17333333333333334,2,,1.0,
R3,10,0.27999999999999997,29,23,0.5576923076923077,0.7435897435897436,0.6373626373626373,0.19333333333333333,2,,0.5,
R3,10,0.27999999999999997,29,20,0.5918367346938775,0.7435897435897436,0.6590909090909091,0.19333333333333333,2,,0.55,
R3,10,0.27999999999999997,29,20,0.5918367346938775,0.7435897435897436,0.6590909090909091,0.19333333333333333,2,,0.6,
R3,10,0.27999999999999997,29,19,0.6041666666666666,0.7435897435897436,0.6666666666666667,0.19333333333333333,2,,0.65,
R3,10,0.27999999999999997,29,19,0.6041666666666666,0.7435897435897436,0.6666666666666667,0.19333333333333333,2,,0.7,
R3,10,0.27999999999999997,29,19,0.6041666666666666,0.7435897435897436,0.6666666666666667,0.19333333333333333,2,,0.75,
R3,10,0.27999999999999997,28,17,0.6222222222222222,0.717948717948718,0.6666666666666666,0.18666666666666668,2,,0.8,
R3,10,0.27999999999999997,28,17,0.6222222222222222,0.717948717948718,0.6666666666666666,0.18666666666666668,2,,0.8500000000000001,
R3,10,0.27999999999999997,26,15,0.6341463414634146,0.6666666666666666,0.6499999999999999,0.17333333333333334,2,,0.9,
R3,10,0.27999999999999997,26,15,0.6341463414634146,0.6666666666666666,0.6499999999999999,0.17333333333333334,2,,0.95,
R3,10,0.27999999999999997,26,15,0.6341463414634146,0.6666666666666666,0.6499999999999999,0.17333333333333334,2,,1.0,
R3,10,0.3,29,24,0.5471698113207547,0.7435897435897436,0.6304347826086957,0.19333333333333333,2,,0.5,
R3,10,0.3,29,21,0.58,0.7435897435897436,0.6516853932584269,0.19333333333333333,2,,0.55,
R3,10,0.3,29,21,0.58,0.7435897435897436,0.6516853932584269,0.19333333333333333,2,,0.6,
R3,10,0.3,29,20,0.5918367346938775,0.7435897435897436,0.6590909090909091,0.19333333333333333,2,,0.65,
R3,10,0.3,29,20,0.5918367346938775,0.7435897435897436,0.6590909090909091,0.19333333333333333,2,,0.7,
R3,10,0.3,29,20,0.5918367346938775,0.7435897435897436,0.6590909090909091,0.19333333333333333,2,,0.75,
R3,10,0.3,28,18,0.6086956521739131,0.717948717948718,0.6588235294117647,0.18666666666666668,2,,0.8,
R3,10,0.3,28,18,0.6086956521739131,0.717948717948718,0.6588235294117647,0.18666666666666668,2,,0.8500000000000001,
R3,10,0.3,26,17,0.6046511627906976,0.6666666666666666,0.6341463414634145,0.17333333333333334,2,,0.9,
R3,10,0.3,26,17,0.6046511627906976,0.6666666666666666,0.6341463414634145,0.17333333333333334,2,,0.95,
R3,10,0.3,26,17,0.6046511627906976,0.6666666666666666,0.6341463414634145,0.17333333333333334,2,,1.0,
R3b,10,0.02,32,41,0.4383561643835616,0.8205128205128205,0.5714285714285714,0.21333333333333335,2,0.0,,
R3b,10,0.02,32,41,0.4383561643835616,0.8205128205128205,0.5714285714285714,0.21333333333333335,2,0.05,,
R3b,10,0.02,32,41,0.4383561643835616,0.8205128205128205,0.5714285714285714,0.21333333333333335,2,0.1,,
R3b,10,0.02,32,48,0.4,0.8205128205128205,0.5378151260504201,0.21333333333333335,2,0.15,,
R3b,10,0.039999999999999994,32,41,0.4383561643835616,0.8205128205128205,0.5714285714285714,0.21333333333333335,2,0.0,,
R3b,10,0.039999999999999994,32,41,0.4383561643835616,0.8205128205128205,0.5714285714285714,0.21333333333333335,2,0.05,,
R3b,10,0.039999999999999994,32,41,0.4383561643835616,0.8205128205128205,0.5714285714285714,0.21333333333333335,2,0.1,,
R3b,10,0.039999999999999994,32,48,0.4,0.8205128205128205,0.5378151260504201,0.21333333333333335,2,0.15,,
R3b,10,0.06,34,41,0.4533333333333333,0.8717948717948718,0.5964912280701754,0.22666666666666666,2,0.0,,
R3b,10,0.06,34,41,0.4533333333333333,0.8717948717948718,0.5964912280701754,0.22666666666666666,2,0.05,,
R3b,10,0.06,34,41,0.4533333333333333,0.8717948717948718,0.5964912280701754,0.22666666666666666,2,0.1,,
R3b,10,0.06,34,48,0.4146341463414634,0.8717948717948718,0.5619834710743802,0.22666666666666666,2,0.15,,
R3b,10,0.07999999999999999,34,41,0.4533333333333333,0.8717948717948718,0.5964912280701754,0.22666666666666666,2,0.0,,
R3b,10,0.07999999999999999,34,41,0.4533333333333333,0.8717948717948718,0.5964912280701754,0.22666666666666666,2,0.05,,
R3b,10,0.07999999999999999,34,41,0.4533333333333333,0.8717948717948718,0.5964912280701754,0.22666666666666666,2,0.1,,
R3b,10,0.07999999999999999,34,48,0.4146341463414634,0.8717948717948718,0.5619834710743802,0.22666666666666666,2,0.15,,
R3b,10,0.09999999999999999,34,41,0.4533333333333333,0.8717948717948718,0.5964912280701754,0.22666666666666666,2,0.0,,
R3b,10,0.09999999999999999,34,41,0.4533333333333333,0.8717948717948718,0.5964912280701754,0.22666666666666666,2,0.05,,
R3b,10,0.09999999999999999,34,41,0.4533333333333333,0.8717948717948718,0.5964912280701754,0.22666666666666666,2,0.1,,
R3b,10,0.09999999999999999,34,48,0.4146341463414634,0.8717948717948718,0.5619834710743802,0.22666666666666666,2,0.15,,
R3b,10,0.11999999999999998,34,41,0.4533333333333333,0.8717948717948718,0.5964912280701754,0.22666666666666666,2,0.0,,
R3b,10,0.11999999999999998,34,41,0.4533333333333333,0.8717948717948718,0.5964912280701754,0.22666666666666666,2,0.05,,
R3b,10,0.11999999999999998,34,41,0.4533333333333333,0.8717948717948718,0.5964912280701754,0.22666666666666666,2,0.1,,
R3b,10,0.11999999999999998,34,48,0.4146341463414634,0.8717948717948718,0.5619834710743802,0.22666666666666666,2,0.15,,
R3b,10,0.13999999999999999,34,41,0.4533333333333333,0.8717948717948718,0.5964912280701754,0.22666666666666666,2,0.0,,
R3b,10,0.13999999999999999,34,41,0.4533333333333333,0.8717948717948718,0.5964912280701754,0.22666666666666666,2,0.05,,
R3b,10,0.13999999999999999,34,41,0.4533333333333333,0.8717948717948718,0.5964912280701754,0.22666666666666666,2,0.1,,
R3b,10,0.13999999999999999,34,48,0.4146341463414634,0.8717948717948718,0.5619834710743802,0.22666666666666666,2,0.15,,
R3b,10,0.15999999999999998,34,41,0.4533333333333333,0.8717948717948718,0.5964912280701754,0.22666666666666666,2,0.0,,
R3b,10,0.15999999999999998,34,41,0.4533333333333333,0.8717948717948718,0.5964912280701754,0.22666666666666666,2,0.05,,
R3b,10,0.15999999999999998,34,41,0.4533333333333333,0.8717948717948718,0.5964912280701754,0.22666666666666666,2,0.1,,
R3b,10,0.15999999999999998,34,48,0.4146341463414634,0.8717948717948718,0.5619834710743802,0.22666666666666666,2,0.15,,
R3b,10,0.17999999999999997,34,41,0.4533333333333333,0.8717948717948718,0.5964912280701754,0.22666666666666666,2,0.0,,
R3b,10,0.17999999999999997,34,41,0.4533333333333333,0.8717948717948718,0.5964912280701754,0.22666666666666666,2,0.05,,
R3b,10,0.17999999999999997,34,41,0.4533333333333333,0.8717948717948718,0.5964912280701754,0.22666666666666666,2,0.1,,
R3b,10,0.17999999999999997,34,48,0.4146341463414634,0.8717948717948718,0.5619834710743802,0.22666666666666666,2,0.15,,
R3b,10,0.19999999999999996,34,41,0.4533333333333333,0.8717948717948718,0.5964912280701754,0.22666666666666666,2,0.0,,
R3b,10,0.19999999999999996,34,41,0.4533333333333333,0.8717948717948718,0.5964912280701754,0.22666666666666666,2,0.05,,
R3b,10,0.19999999999999996,34,41,0.4533333333333333,0.8717948717948718,0.5964912280701754,0.22666666666666666,2,0.1,,
R3b,10,0.19999999999999996,34,48,0.4146341463414634,0.8717948717948718,0.5619834710743802,0.22666666666666666,2,0.15,,
R3b,10,0.21999999999999995,34,41,0.4533333333333333,0.8717948717948718,0.5964912280701754,0.22666666666666666,2,0.0,,
R3b,10,0.21999999999999995,34,41,0.4533333333333333,0.8717948717948718,0.5964912280701754,0.22666666666666666,2,0.05,,
R3b,10,0.21999999999999995,34,41,0.4533333333333333,0.8717948717948718,0.5964912280701754,0.22666666666666666,2,0.1,,
R3b,10,0.21999999999999995,34,48,0.4146341463414634,0.8717948717948718,0.5619834710743802,0.22666666666666666,2,0.15,,
R3b,10,0.23999999999999996,34,41,0.4533333333333333,0.8717948717948718,0.5964912280701754,0.22666666666666666,2,0.0,,
R3b,10,0.23999999999999996,34,41,0.4533333333333333,0.8717948717948718,0.5964912280701754,0.22666666666666666,2,0.05,,
R3b,10,0.23999999999999996,34,41,0.4533333333333333,0.8717948717948718,0.5964912280701754,0.22666666666666666,2,0.1,,
R3b,10,0.23999999999999996,34,48,0.4146341463414634,0.8717948717948718,0.5619834710743802,0.22666666666666666,2,0.15,,
R3b,10,0.25999999999999995,34,42,0.4473684210526316,0.8717948717948718,0.591304347826087,0.22666666666666666,2,0.0,,
R3b,10,0.25999999999999995,34,42,0.4473684210526316,0.8717948717948718,0.591304347826087,0.22666666666666666,2,0.05,,
R3b,10,0.25999999999999995,34,42,0.4473684210526316,0.8717948717948718,0.591304347826087,0.22666666666666666,2,0.1,,
R3b,10,0.25999999999999995,34,48,0.4146341463414634,0.8717948717948718,0.5619834710743802,0.22666666666666666,2,0.15,,
R3b,10,0.27999999999999997,34,42,0.4473684210526316,0.8717948717948718,0.591304347826087,0.22666666666666666,2,0.0,,
R3b,10,0.27999999999999997,34,42,0.4473684210526316,0.8717948717948718,0.591304347826087,0.22666666666666666,2,0.05,,
R3b,10,0.27999999999999997,34,42,0.4473684210526316,0.8717948717948718,0.591304347826087,0.22666666666666666,2,0.1,,
R3b,10,0.27999999999999997,34,48,0.4146341463414634,0.8717948717948718,0.5619834710743802,0.22666666666666666,2,0.15,,
R3b,10,0.3,35,44,0.4430379746835443,0.8974358974358975,0.5932203389830508,0.23333333333333334,2,0.0,,
R3b,10,0.3,35,44,0.4430379746835443,0.8974358974358975,0.5932203389830508,0.23333333333333334,2,0.05,,
R3b,10,0.3,35,44,0.4430379746835443,0.8974358974358975,0.5932203389830508,0.23333333333333334,2,0.1,,
R3b,10,0.3,35,50,0.4117647058823529,0.8974358974358975,0.5645161290322581,0.23333333333333334,2,0.15,,
R4,10,0.05,21,30,0.4117647058823529,0.5384615384615384,0.4666666666666667,0.14,4,0.0,0.5,0.4
R4,10,0.05,21,27,0.4375,0.5384615384615384,0.4827586206896552,0.14,4,0.0,0.6,0.4
R4,10,0.05,21,26,0.44680851063829785,0.5384615384615384,0.4883720930232558,0.14,4,0.0,0.7,0.4
R4,10,0.05,20,25,0.4444444444444444,0.5128205128205128,0.47619047619047616,0.13333333333333333,4,0.0,0.8,0.4
R4,10,0.05,19,25,0.4318181818181818,0.48717948717948717,0.45783132530120485,0.12666666666666668,4,0.0,0.9,0.4
R4,10,0.05,19,25,0.4318181818181818,0.48717948717948717,0.45783132530120485,0.12666666666666668,4,0.0,1.0,0.4
R4,10,0.05,21,30,0.4117647058823529,0.5384615384615384,0.4666666666666667,0.14,4,0.05,0.5,0.4
R4,10,0.05,21,27,0.4375,0.5384615384615384,0.4827586206896552,0.14,4,0.05,0.6,0.4
R4,10,0.05,21,26,0.44680851063829785,0.5384615384615384,0.4883720930232558,0.14,4,0.05,0.7,0.4
R4,10,0.05,20,25,0.4444444444444444,0.5128205128205128,0.47619047619047616,0.13333333333333333,4,0.05,0.8,0.4
R4,10,0.05,19,25,0.4318181818181818,0.48717948717948717,0.45783132530120485,0.12666666666666668,4,0.05,0.9,0.4
R4,10,0.05,19,25,0.4318181818181818,0.48717948717948717,0.45783132530120485,0.12666666666666668,4,0.05,1.0,0.4
R4,10,0.05,21,30,0.4117647058823529,0.5384615384615384,0.4666666666666667,0.14,4,0.1,0.5,0.4
R4,10,0.05,21,27,0.4375,0.5384615384615384,0.4827586206896552,0.14,4,0.1,0.6,0.4
R4,10,0.05,21,26,0.44680851063829785,0.5384615384615384,0.4883720930232558,0.14,4,0.1,0.7,0.4
R4,10,0.05,20,25,0.4444444444444444,0.5128205128205128,0.47619047619047616,0.13333333333333333,4,0.1,0.8,0.4
R4,10,0.05,19,25,0.4318181818181818,0.48717948717948717,0.45783132530120485,0.12666666666666668,4,0.1,0.9,0.4
R4,10,0.05,19,25,0.4318181818181818,0.48717948717948717,0.45783132530120485,0.12666666666666668,4,0.1,1.0,0.4
R4,10,0.05,18,28,0.391304347826087,0.46153846153846156,0.4235294117647059,0.12,4,0.0,0.5,0.45
R4,10,0.05,18,25,0.4186046511627907,0.46153846153846156,0.4390243902439025,0.12,4,0.0,0.6,0.45
R4,10,0.05,18,24,0.42857142857142855,0.46153846153846156,0.4444444444444445,0.12,4,0.0,0.7,0.45
R4,10,0.05,18,23,0.43902439024390244,0.46153846153846156,0.45,0.12,4,0.0,0.8,0.45
R4,10,0.05,18,23,0.43902439024390244,0.46153846153846156,0.45,0.12,4,0.0,0.9,0.45
R4,10,0.05,18,23,0.43902439024390244,0.46153846153846156,0.45,0.12,4,0.0,1.0,0.45
R4,10,0.05,18,28,0.391304347826087,0.46153846153846156,0.4235294117647059,0.12,4,0.05,0.5,0.45
R4,10,0.05,18,25,0.4186046511627907,0.46153846153846156,0.4390243902439025,0.12,4,0.05,0.6,0.45
R4,10,0.05,18,24,0.42857142857142855,0.46153846153846156,0.4444444444444445,0.12,4,0.05,0.7,0.45
R4,10,0.05,18,23,0.43902439024390244,0.46153846153846156,0.45,0.12,4,0.05,0.8,0.45
R4,10,0.05,18,23,0.43902439024390244,0.46153846153846156,0.45,0.12,4,0.05,0.9,0.45
R4,10,0.05,18,23,0.43902439024390244,0.46153846153846156,0.45,0.12,4,0.05,1.0,0.45
R4,10,0.05,18,28,0.391304347826087,0.46153846153846156,0.4235294117647059,0.12,4,0.1,0.5,0.45
R4,10,0.05,18,25,0.4186046511627907,0.46153846153846156,0.4390243902439025,0.12,4,0.1,0.6,0.45
R4,10,0.05,18,24,0.42857142857142855,0.46153846153846156,0.4444444444444445,0.12,4,0.1,0.7,0.45
R4,10,0.05,18,23,0.43902439024390244,0.46153846153846156,0.45,0.12,4,0.1,0.8,0.45
R4,10,0.05,18,23,0.43902439024390244,0.46153846153846156,0.45,0.12,4,0.1,0.9,0.45
R4,10,0.05,18,23,0.43902439024390244,0.46153846153846156,0.45,0.12,4,0.1,1.0,0.45
R4,10,0.05,16,22,0.42105263157894735,0.41025641025641024,0.4155844155844156,0.10666666666666667,4,0.0,0.5,0.5
R4,10,0.05,16,19,0.45714285714285713,0.41025641025641024,0.4324324324324324,0.10666666666666667,4,0.0,0.6,0.5
R4,10,0.05,16,18,0.47058823529411764,0.41025641025641024,0.4383561643835616,0.10666666666666667,4,0.0,0.7,0.5
R4,10,0.05,16,17,0.48484848484848486,0.41025641025641024,0.4444444444444444,0.10666666666666667,4,0.0,0.8,0.5
R4,10,0.05,16,17,0.48484848484848486,0.41025641025641024,0.4444444444444444,0.10666666666666667,4,0.0,0.9,0.5
R4,10,0.05,16,17,0.48484848484848486,0.41025641025641024,0.4444444444444444,0.10666666666666667,4,0.0,1.0,0.5
R4,10,0.05,16,22,0.42105263157894735,0.41025641025641024,0.4155844155844156,0.10666666666666667,4,0.05,0.5,0.5
R4,10,0.05,16,19,0.45714285714285713,0.41025641025641024,0.4324324324324324,0.10666666666666667,4,0.05,0.6,0.5
R4,10,0.05,16,18,0.47058823529411764,0.41025641025641024,0.4383561643835616,0.10666666666666667,4,0.05,0.7,0.5
R4,10,0.05,16,17,0.48484848484848486,0.41025641025641024,0.4444444444444444,0.10666666666666667,4,0.05,0.8,0.5
R4,10,0.05,16,17,0.48484848484848486,0.41025641025641024,0.4444444444444444,0.10666666666666667,4,0.05,0.9,0.5
R4,10,0.05,16,17,0.48484848484848486,0.41025641025641024,0.4444444444444444,0.10666666666666667,4,0.05,1.0,0.5
R4,10,0.05,16,22,0.42105263157894735,0.41025641025641024,0.4155844155844156,0.10666666666666667,4,0.1,0.5,0.5
R4,10,0.05,16,19,0.45714285714285713,0.41025641025641024,0.4324324324324324,0.10666666666666667,4,0.1,0.6,0.5
R4,10,0.05,16,18,0.47058823529411764,0.41025641025641024,0.4383561643835616,0.10666666666666667,4,0.1,0.7,0.5
R4,10,0.05,16,17,0.48484848484848486,0.41025641025641024,0.4444444444444444,0.10666666666666667,4,0.1,0.8,0.5
R4,10,0.05,16,17,0.48484848484848486,0.41025641025641024,0.4444444444444444,0.10666666666666667,4,0.1,0.9,0.5
R4,10,0.05,16,17,0.48484848484848486,0.41025641025641024,0.4444444444444444,0.10666666666666667,4,0.1,1.0,0.5
R4,10,0.05,15,15,0.5,0.38461538461538464,0.4347826086956522,0.1,4,0.0,0.5,0.55
R4,10,0.05,15,12,0.5555555555555556,0.38461538461538464,0.4545454545454546,0.1,4,0.0,0.6,0.55
R4,10,0.05,15,11,0.5769230769230769,0.38461538461538464,0.46153846153846156,0.1,4,0.0,0.7,0.55
R4,10,0.05,15,11,0.5769230769230769,0.38461538461538464,0.46153846153846156,0.1,4,0.0,0.8,0.55
R4,10,0.05,15,11,0.5769230769230769,0.38461538461538464,0.46153846153846156,0.1,4,0.0,0.9,0.55
R4,10,0.05,15,11,0.5769230769230769,0.38461538461538464,0.46153846153846156,0.1,4,0.0,1.0,0.55
R4,10,0.05,15,15,0.5,0.38461538461538464,0.4347826086956522,0.1,4,0.05,0.5,0.55
R4,10,0.05,15,12,0.5555555555555556,0.38461538461538464,0.4545454545454546,0.1,4,0.05,0.6,0.55
R4,10,0.05,15,11,0.5769230769230769,0.38461538461538464,0.46153846153846156,0.1,4,0.05,0.7,0.55
R4,10,0.05,15,11,0.5769230769230769,0.38461538461538464,0.46153846153846156,0.1,4,0.05,0.8,0.55
R4,10,0.05,15,11,0.5769230769230769,0.38461538461538464,0.46153846153846156,0.1,4,0.05,0.9,0.55
R4,10,0.05,15,11,0.5769230769230769,0.38461538461538464,0.46153846153846156,0.1,4,0.05,1.0,0.55
R4,10,0.05,15,15,0.5,0.38461538461538464,0.4347826086956522,0.1,4,0.1,0.5,0.55
R4,10,0.05,15,12,0.5555555555555556,0.38461538461538464,0.4545454545454546,0.1,4,0.1,0.6,0.55
R4,10,0.05,15,11,0.5769230769230769,0.38461538461538464,0.46153846153846156,0.1,4,0.1,0.7,0.55
R4,10,0.05,15,11,0.5769230769230769,0.38461538461538464,0.46153846153846156,0.1,4,0.1,0.8,0.55
R4,10,0.05,15,11,0.5769230769230769,0.38461538461538464,0.46153846153846156,0.1,4,0.1,0.9,0.55
R4,10,0.05,15,11,0.5769230769230769,0.38461538461538464,0.46153846153846156,0.1,4,0.1,1.0,0.55
R4,10,0.05,12,9,0.5714285714285714,0.3076923076923077,0.4,0.08,4,0.0,0.5,0.6
R4,10,0.05,12,7,0.631578947368421,0.3076923076923077,0.41379310344827586,0.08,4,0.0,0.6,0.6
R4,10,0.05,12,7,0.631578947368421,0.3076923076923077,0.41379310344827586,0.08,4,0.0,0.7,0.6
R4,10,0.05,12,7,0.631578947368421,0.3076923076923077,0.41379310344827586,0.08,4,0.0,0.8,0.6
R4,10,0.05,12,7,0.631578947368421,0.3076923076923077,0.41379310344827586,0.08,4,0.0,0.9,0.6
R4,10,0.05,12,7,0.631578947368421,0.3076923076923077,0.41379310344827586,0.08,4,0.0,1.0,0.6
R4,10,0.05,12,9,0.5714285714285714,0.3076923076923077,0.4,0.08,4,0.05,0.5,0.6
R4,10,0.05,12,7,0.631578947368421,0.3076923076923077,0.41379310344827586,0.08,4,0.05,0.6,0.6
R4,10,0.05,12,7,0.631578947368421,0.3076923076923077,0.41379310344827586,0.08,4,0.05,0.7,0.6
R4,10,0.05,12,7,0.631578947368421,0.3076923076923077,0.41379310344827586,0.08,4,0.05,0.8,0.6
R4,10,0.05,12,7,0.631578947368421,0.3076923076923077,0.41379310344827586,0.08,4,0.05,0.9,0.6
R4,10,0.05,12,7,0.631578947368421,0.3076923076923077,0.41379310344827586,0.08,4,0.05,1.0,0.6
R4,10,0.05,12,9,0.5714285714285714,0.3076923076923077,0.4,0.08,4,0.1,0.5,0.6
R4,10,0.05,12,7,0.631578947368421,0.3076923076923077,0.41379310344827586,0.08,4,0.1,0.6,0.6
R4,10,0.05,12,7,0.631578947368421,0.3076923076923077,0.41379310344827586,0.08,4,0.1,0.7,0.6
R4,10,0.05,12,7,0.631578947368421,0.3076923076923077,0.41379310344827586,0.08,4,0.1,0.8,0.6
R4,10,0.05,12,7,0.631578947368421,0.3076923076923077,0.41379310344827586,0.08,4,0.1,0.9,0.6
R4,10,0.05,12,7,0.631578947368421,0.3076923076923077,0.41379310344827586,0.08,4,0.1,1.0,0.6
R4,10,0.05,12,6,0.6666666666666666,0.3076923076923077,0.42105263157894735,0.08,4,0.0,0.5,0.6499999999999999
R4,10,0.05,12,5,0.7058823529411765,0.3076923076923077,0.42857142857142866,0.08,4,0.0,0.6,0.6499999999999999
R4,10,0.05,12,5,0.7058823529411765,0.3076923076923077,0.42857142857142866,0.08,4,0.0,0.7,0.6499999999999999
R4,10,0.05,12,5,0.7058823529411765,0.3076923076923077,0.42857142857142866,0.08,4,0.0,0.8,0.6499999999999999
R4,10,0.05,12,5,0.7058823529411765,0.3076923076923077,0.42857142857142866,0.08,4,0.0,0.9,0.6499999999999999
R4,10,0.05,12,5,0.7058823529411765,0.3076923076923077,0.42857142857142866,0.08,4,0.0,1.0,0.6499999999999999
R4,10,0.05,12,6,0.6666666666666666,0.3076923076923077,0.42105263157894735,0.08,4,0.05,0.5,0.6499999999999999
R4,10,0.05,12,5,0.7058823529411765,0.3076923076923077,0.42857142857142866,0.08,4,0.05,0.6,0.6499999999999999
R4,10,0.05,12,5,0.7058823529411765,0.3076923076923077,0.42857142857142866,0.08,4,0.05,0.7,0.6499999999999999
R4,10,0.05,12,5,0.7058823529411765,0.3076923076923077,0.42857142857142866,0.08,4,0.05,0.8,0.6499999999999999
R4,10,0.05,12,5,0.7058823529411765,0.3076923076923077,0.42857142857142866,0.08,4,0.05,0.9,0.6499999999999999
R4,10,0.05,12,5,0.7058823529411765,0.3076923076923077,0.42857142857142866,0.08,4,0.05,1.0,0.6499999999999999
R4,10,0.05,12,6,0.6666666666666666,0.3076923076923077,0.42105263157894735,0.08,4,0.1,0.5,0.6499999999999999
R4,10,0.05,12,5,0.7058823529411765,0.3076923076923077,0.42857142857142866,0.08,4,0.1,0.6,0.6499999999999999
R4,10,0.05,12,5,0.7058823529411765,0.3076923076923077,0.42857142857142866,0.08,4,0.1,0.7,0.6499999999999999
R4,10,0.05,12,5,0.7058823529411765,0.3076923076923077,0.42857142857142866,0.08,4,0.1,0.8,0.6499999999999999
R4,10,0.05,12,5,0.7058823529411765,0.3076923076923077,0.42857142857142866,0.08,4,0.1,0.9,0.6499999999999999
R4,10,0.05,12,5,0.7058823529411765,0.3076923076923077,0.42857142857142866,0.08,4,0.1,1.0,0.6499999999999999
R4,10,0.05,12,5,0.7058823529411765,0.3076923076923077,0.42857142857142866,0.08,4,0.0,0.5,0.7
R4,10,0.05,12,4,0.75,0.3076923076923077,0.4363636363636364,0.08,4,0.0,0.6,0.7
R4,10,0.05,12,4,0.75,0.3076923076923077,0.4363636363636364,0.08,4,0.0,0.7,0.7
R4,10,0.05,12,4,0.75,0.3076923076923077,0.4363636363636364,0.08,4,0.0,0.8,0.7
R4,10,0.05,12,4,0.75,0.3076923076923077,0.4363636363636364,0.08,4,0.0,0.9,0.7
R4,10,0.05,12,4,0.75,0.3076923076923077,0.4363636363636364,0.08,4,0.0,1.0,0.7
R4,10,0.05,12,5,0.7058823529411765,0.3076923076923077,0.42857142857142866,0.08,4,0.05,0.5,0.7
R4,10,0.05,12,4,0.75,0.3076923076923077,0.4363636363636364,0.08,4,0.05,0.6,0.7
R4,10,0.05,12,4,0.75,0.3076923076923077,0.4363636363636364,0.08,4,0.05,0.7,0.7
R4,10,0.05,12,4,0.75,0.3076923076923077,0.4363636363636364,0.08,4,0.05,0.8,0.7
R4,10,0.05,12,4,0.75,0.3076923076923077,0.4363636363636364,0.08,4,0.05,0.9,0.7
R4,10,0.05,12,4,0.75,0.3076923076923077,0.4363636363636364,0.08,4,0.05,1.0,0.7
R4,10,0.05,12,5,0.7058823529411765,0.3076923076923077,0.42857142857142866,0.08,4,0.1,0.5,0.7
R4,10,0.05,12,4,0.75,0.3076923076923077,0.4363636363636364,0.08,4,0.1,0.6,0.7
R4,10,0.05,12,4,0.75,0.3076923076923077,0.4363636363636364,0.08,4,0.1,0.7,0.7
R4,10,0.05,12,4,0.75,0.3076923076923077,0.4363636363636364,0.08,4,0.1,0.8,0.7
R4,10,0.05,12,4,0.75,0.3076923076923077,0.4363636363636364,0.08,4,0.1,0.9,0.7
R4,10,0.05,12,4,0.75,0.3076923076923077,0.4363636363636364,0.08,4,0.1,1.0,0.7
R4,10,0.07500000000000001,25,31,0.44642857142857145,0.6410256410256411,0.5263157894736842,0.16666666666666666,4,0.0,0.5,0.4
R4,10,0.07500000000000001,25,28,0.4716981132075472,0.6410256410256411,0.5434782608695652,0.16666666666666666,4,0.0,0.6,0.4
R4,10,0.07500000000000001,25,27,0.4807692307692308,0.6410256410256411,0.5494505494505495,0.16666666666666666,4,0.0,0.7,0.4
R4,10,0.07500000000000001,24,26,0.48,0.6153846153846154,0.5393258426966293,0.16,4,0.0,0.8,0.4
R4,10,0.07500000000000001,23,26,0.46938775510204084,0.5897435897435898,0.5227272727272727,0.15333333333333332,4,0.0,0.9,0.4
R4,10,0.07500000000000001,23,26,0.46938775510204084,0.5897435897435898,0.5227272727272727,0.15333333333333332,4,0.0,1.0,0.4
R4,10,0.07500000000000001,25,31,0.44642857142857145,0.6410256410256411,0.5263157894736842,0.16666666666666666,4,0.05,0.5,0.4
R4,10,0.07500000000000001,25,28,0.4716981132075472,0.6410256410256411,0.5434782608695652,0.16666666666666666,4,0.05,0.6,0.4
R4,10,0.07500000000000001,25,27,0.4807692307692308,0.6410256410256411,0.5494505494505495,0.16666666666666666,4,0.05,0.7,0.4
R4,10,0.07500000000000001,24,26,0.48,0.6153846153846154,0.5393258426966293,0.16,4,0.05,0.8,0.4
R4,10,0.07500000000000001,23,26,0.46938775510204084,0.5897435897435898,0.5227272727272727,0.15333333333333332,4,0.05,0.9,0.4
R4,10,0.07500000000000001,23,26,0.46938775510204084,0.5897435897435898,0.5227272727272727,0.15333333333333332,4,0.05,1.0,0.4
R4,10,0.07500000000000001,25,31,0.44642857142857145,0.6410256410256411,0.5263157894736842,0.16666666666666666,4,0.1,0.5,0.4
R4,10,0.07500000000000001,25,28,0.4716981132075472,0.6410256410256411,0.5434782608695652,0.16666666666666666,4,0.1,0.6,0.4
R4,10,0.07500000000000001,25,27,0.4807692307692308,0.6410256410256411,0.5494505494505495,0.16666666666666666,4,0.1,0.7,0.4
R4,10,0.07500000000000001,24,26,0.48,0.6153846153846154,0.5393258426966293,0.16,4,0.1,0.8,0.4
R4,10,0.07500000000000001,23,26,0.46938775510204084,0.5897435897435898,0.5227272727272727,0.15333333333333332,4,0.1,0.9,0.4
R4,10,0.07500000000000001,23,26,0.46938775510204084,0.5897435897435898,0.5227272727272727,0.15333333333333332,4,0.1,1.0,0.4
R4,10,0.07500000000000001,22,29,0.43137254901960786,0.5641025641025641,0.48888888888888893,0.14666666666666667,4,0.0,0.5,0.45
R4,10,0.07500000000000001,22,26,0.4583333333333333,0.5641025641025641,0.5057471264367815,0.14666666666666667,4,0.0,0.6,0.45
R4,10,0.07500000000000001,22,25,0.46808510638297873,0.5641025641025641,0.5116279069767442,0.14666666666666667,4,0.0,0.7,0.45
R4,10,0.07500000000000001,22,24,0.4782608695652174,0.5641025641025641,0.5176470588235293,0.14666666666666667,4,0.0,0.8,0.45
R4,10,0.07500000000000001,22,24,0.4782608695652174,0.5641025641025641,0.5176470588235293,0.14666666666666667,4,0.0,0.9,0.45
R4,10,0.07500000000000001,22,24,0.4782608695652174,0.5641025641025641,0.5176470588235293,0.14666666666666667,4,0.0,1.0,0.45
R4,10,0.07500000000000001,22,29,0.43137254901960786,0.5641025641025641,0.48888888888888893,0.14666666666666667,4,0.05,0.5,0.45
R4,10,0.07500000000000001,22,26,0.4583333333333333,0.5641025641025641,0.5057471264367815,0.14666666666666667,4,0.05,0.6,0.45
R4,10,0.07500000000000001,22,25,0.46808510638297873,0.5641025641025641,0.5116279069767442,0.14666666666666667,4,0.05,0.7,0.45
R4,10,0.07500000000000001,22,24,0.4782608695652174,0.5641025641025641,0.5176470588235293,0.14666666666666667,4,0.05,0.8,0.45
R4,10,0.07500000000000001,22,24,0.4782608695652174,0.5641025641025641,0.5176470588235293,0.14666666666666667,4,0.05,0.9,0.45
R4,10,0.07500000000000001,22,24,0.4782608695652174,0.5641025641025641,0.5176470588235293,0.14666666666666667,4,0.05,1.0,0.45
R4,10,0.07500000000000001,22,29,0.43137254901960786,0.5641025641025641,0.48888888888888893,0.14666666666666667,4,0.1,0.5,0.45
R4,10,0.07500000000000001,22,26,0.4583333333333333,0.5641025641025641,0.5057471264367815,0.14666666666666667,4,0.1,0.6,0.45
R4,10,0.07500000000000001,22,25,0.46808510638297873,0.5641025641025641,0.5116279069767442,0.14666666666666667,4,0.1,0.7,0.45
R4,10,0.07500000000000001,22,24,0.4782608695652174,0.5641025641025641,0.5176470588235293,0.14666666666666667,4,0.1,0.8,0.45
R4,10,0.07500000000000001,22,24,0.4782608695652174,0.5641025641025641,0.5176470588235293,0.14666666666666667,4,0.1,0.9,0.45
R4,10,0.07500000000000001,22,24,0.4782608695652174,0.5641025641025641,0.5176470588235293,0.14666666666666667,4,0.1,1.0,0.45
R4,10,0.07500000000000001,20,23,0.46511627906976744,0.5128205128205128,0.4878048780487805,0.13333333333333333,4,0.0,0.5,0.5
R4,10,0.07500000000000001,20,20,0.5,0.5128205128205128,0.5063291139240506,0.13333333333333333,4,0.0,0.6,0.5
R4,10,0.07500000000000001,20,19,0.5128205128205128,0.5128205128205128,0.5128205128205128,0.13333333333333333,4,0.0,0.7,0.5
R4,10,0.07500000000000001,20,18,0.5263157894736842,0.5128205128205128,0.5194805194805194,0.13333333333333333,4,0.0,0.8,0.5
R4,10,0.07500000000000001,20,18,0.5263157894736842,0.5128205128205128,0.5194805194805194,0.13333333333333333,4,0.0,0.9,0.5
R4,10,0.07500000000000001,20,18,0.5263157894736842,0.5128205128205128,0.5194805194805194,0.13333333333333333,4,0.0,1.0,0.5
R4,10,0.07500000000000001,20,23,0.46511627906976744,0.5128205128205128,0.4878048780487805,0.13333333333333333,4,0.05,0.5,0.5
R4,10,0.07500000000000001,20,20,0.5,0.5128205128205128,0.5063291139240506,0.13333333333333333,4,0.05,0.6,0.5
R4,10,0.07500000000000001,20,19,0.5128205128205128,0.5128205128205128,0.5128205128205128,0.13333333333333333,4,0.05,0.7,0.5
R4,10,0.07500000000000001,20,18,0.5263157894736842,0.5128205128205128,0.5194805194805194,0.13333333333333333,4,0.05,0.8,0.5
R4,10,0.07500000000000001,20,18,0.5263157894736842,0.5128205128205128,0.5194805194805194,0.13333333333333333,4,0.05,0.9,0.5
R4,10,0.07500000000000001,20,18,0.5263157894736842,0.5128205128205128,0.5194805194805194,0.13333333333333333,4,0.05,1.0,0.5
R4,10,0.07500000000000001,20,23,0.46511627906976744,0.5128205128205128,0.4878048780487805,0.13333333333333333,4,0.1,0.5,0.5
R4,10,0.07500000000000001,20,20,0.5,0.5128205128205128,0.5063291139240506,0.13333333333333333,4,0.1,0.6,0.5
R4,10,0.07500000000000001,20,19,0.5128205128205128,0.5128205128205128,0.5128205128205128,0.13333333333333333,4,0.1,0.7,0.5
R4,10,0.07500000000000001,20,18,0.5263157894736842,0.5128205128205128,0.5194805194805194,0.13333333333333333,4,0.1,0.8,0.5
R4,10,0.07500000000000001,20,18,0.5263157894736842,0.5128205128205128,0.5194805194805194,0.13333333333333333,4,0.1,0.9,0.5
R4,10,0.07500000000000001,20,18,0.5263157894736842,0.5128205128205128,0.5194805194805194,0.13333333333333333,4,0.1,1.0,0.5
R4,10,0.07500000000000001,19,16,0.5428571428571428,0.48717948717948717,0.5135135135135135,0.12666666666666668,4,0.0,0.5,0.55
R4,10,0.07500000000000001,19,13,0.59375,0.48717948717948717,0.5352112676056338,0.12666666666666668,4,0.0,0.6,0.55
R4,10,0.07500000000000001,19,12,0.6129032258064516,0.48717948717948717,0.5428571428571428,0.12666666666666668,4,0.0,0.7,0.55
R4,10,0.07500000000000001,19,12,0.6129032258064516,0.48717948717948717,0.5428571428571428,0.12666666666666668,4,0.0,0.8,0.55
R4,10,0.07500000000000001,19,12,0.6129032258064516,0.48717948717948717,0.5428571428571428,0.12666666666666668,4,0.0,0.9,0.55
R4,10,0.07500000000000001,19,12,0.6129032258064516,0.48717948717948717,0.5428571428571428,0.12666666666666668,4,0.0,1.0,0.55
R4,10,0.07500000000000001,19,16,0.5428571428571428,0.48717948717948717,0.5135135135135135,0.12666666666666668,4,0.05,0.5,0.55
R4,10,0.07500000000000001,19,13,0.59375,0.48717948717948717,0.5352112676056338,0.12666666666666668,4,0.05,0.6,0.55
R4,10,0.07500000000000001,19,12,0.6129032258064516,0.48717948717948717,0.5428571428571428,0.12666666666666668,4,0.05,0.7,0.55
R4,10,0.07500000000000001,19,12,0.6129032258064516,0.48717948717948717,0.5428571428571428,0.12666666666666668,4,0.05,0.8,0.55
R4,10,0.07500000000000001,19,12,0.6129032258064516,0.48717948717948717,0.5428571428571428,0.12666666666666668,4,0.05,0.9,0.55
R4,10,0.07500000000000001,19,12,0.6129032258064516,0.48717948717948717,0.5428571428571428,0.12666666666666668,4,0.05,1.0,0.55
R4,10,0.07500000000000001,19,16,0.5428571428571428,0.48717948717948717,0.5135135135135135,0.12666666666666668,4,0.1,0.5,0.55
R4,10,0.07500000000000001,19,13,0.59375,0.48717948717948717,0.5352112676056338,0.12666666666666668,4,0.1,0.6,0.55
R4,10,0.07500000000000001,19,12,0.6129032258064516,0.48717948717948717,0.5428571428571428,0.12666666666666668,4,0.1,0.7,0.55
R4,10,0.07500000000000001,19,12,0.6129032258064516,0.48717948717948717,0.5428571428571428,0.12666666666666668,4,0.1,0.8,0.55
R4,10,0.07500000000000001,19,12,0.6129032258064516,0.48717948717948717,0.5428571428571428,0.12666666666666668,4,0.1,0.9,0.55
R4,10,0.07500000000000001,19,12,0.6129032258064516,0.48717948717948717,0.5428571428571428,0.12666666666666668,4,0.1,1.0,0.55
R4,10,0.07500000000000001,16,10,0.6153846153846154,0.41025641025641024,0.4923076923076924,0.10666666666666667,4,0.0,0.5,0.6
R4,10,0.07500000000000001,16,8,0.6666666666666666,0.41025641025641024,0.5079365079365079,0.10666666666666667,4,0.0,0.6,0.6
R4,10,0.07500000000000001,16,8,0.6666666666666666,0.41025641025641024,0.5079365079365079,0.10666666666666667,4,0.0,0.7,0.6
R4,10,0.07500000000000001,16,8,0.6666666666666666,0.41025641025641024,0.5079365079365079,0.10666666666666667,4,0.0,0.8,0.6
R4,10,0.07500000000000001,16,8,0.6666666666666666,0.41025641025641024,0.5079365079365079,0.10666666666666667,4,0.0,0.9,0.6
R4,10,0.07500000000000001,16,8,0.6666666666666666,0.41025641025641024,0.5079365079365079,0.10666666666666667,4,0.0,1.0,0.6
R4,10,0.07500000000000001,16,10,0.6153846153846154,0.41025641025641024,0.4923076923076924,0.10666666666666667,4,0.05,0.5,0.6
R4,10,0.07500000000000001,16,8,0.6666666666666666,0.41025641025641024,0.5079365079365079,0.10666666666666667,4,0.05,0.6,0.6
R4,10,0.07500000000000001,16,8,0.6666666666666666,0.41025641025641024,0.5079365079365079,0.10666666666666667,4,0.05,0.7,0.6
R4,10,0.07500000000000001,16,8,0.6666666666666666,0.41025641025641024,0.5079365079365079,0.10666666666666667,4,0.05,0.8,0.6
R4,10,0.07500000000000001,16,8,0.6666666666666666,0.41025641025641024,0.5079365079365079,0.10666666666666667,4,0.05,0.9,0.6
R4,10,0.07500000000000001,16,8,0.6666666666666666,0.41025641025641024,0.5079365079365079,0.10666666666666667,4,0.05,1.0,0.6
R4,10,0.07500000000000001,16,10,0.6153846153846154,0.41025641025641024,0.4923076923076924,0.10666666666666667,4,0.1,0.5,0.6
R4,10,0.07500000000000001,16,8,0.6666666666666666,0.41025641025641024,0.5079365079365079,0.10666666666666667,4,0.1,0.6,0.6
R4,10,0.07500000000000001,16,8,0.6666666666666666,0.41025641025641024,0.5079365079365079,0.10666666666666667,4,0.1,0.7,0.6
R4,10,0.07500000000000001,16,8,0.6666666666666666,0.41025641025641024,0.5079365079365079,0.10666666666666667,4,0.1,0.8,0.6
R4,10,0.07500000000000001,16,8,0.6666666666666666,0.41025641025641024,0.5079365079365079,0.10666666666666667,4,0.1,0.9,0.6
R4,10,0.07500000000000001,16,8,0.6666666666666666,0.41025641025641024,0.5079365079365079,0.10666666666666667,4,0.1,1.0,0.6
R4,10,0.07500000000000001,16,7,0.6956521739130435,0.41025641025641024,0.5161290322580646,0.10666666666666667,4,0.0,0.5,0.6499999999999999
R4,10,0.07500000000000001,16,6,0.7272727272727273,0.41025641025641024,0.5245901639344261,0.10666666666666667,4,0.0,0.6,0.6499999999999999
R4,10,0.07500000000000001,16,6,0.7272727272727273,0.41025641025641024,0.5245901639344261,0.10666666666666667,4,0.0,0.7,0.6499999999999999
R4,10,0.07500000000000001,16,6,0.7272727272727273,0.41025641025641024,0.5245901639344261,0.10666666666666667,4,0.0,0.8,0.6499999999999999
R4,10,0.07500000000000001,16,6,0.7272727272727273,0.41025641025641024,0.5245901639344261,0.10666666666666667,4,0.0,0.9,0.6499999999999999
R4,10,0.07500000000000001,16,6,0.7272727272727273,0.41025641025641024,0.5245901639344261,0.10666666666666667,4,0.0,1.0,0.6499999999999999
R4,10,0.07500000000000001,16,7,0.6956521739130435,0.41025641025641024,0.5161290322580646,0.10666666666666667,4,0.05,0.5,0.6499999999999999
R4,10,0.07500000000000001,16,6,0.7272727272727273,0.41025641025641024,0.5245901639344261,0.10666666666666667,4,0.05,0.6,0.6499999999999999
R4,10,0.07500000000000001,16,6,0.7272727272727273,0.41025641025641024,0.5245901639344261,0.10666666666666667,4,0.05,0.7,0.6499999999999999
R4,10,0.07500000000000001,16,6,0.7272727272727273,0.41025641025641024,0.5245901639344261,0.10666666666666667,4,0.05,0.8,0.6499999999999999
R4,10,0.07500000000000001,16,6,0.7272727272727273,0.41025641025641024,0.5245901639344261,0.10666666666666667,4,0.05,0.9,0.6499999999999999
R4,10,0.07500000000000001,16,6,0.7272727272727273,0.41025641025641024,0.5245901639344261,0.10666666666666667,4,0.05,1.0,0.6499999999999999
R4,10,0.07500000000000001,16,7,0.6956521739130435,0.41025641025641024,0.5161290322580646,0.10666666666666667,4,0.1,0.5,0.6499999999999999
R4,10,0.07500000000000001,16,6,0.7272727272727273,0.41025641025641024,0.5245901639344261,0.10666666666666667,4,0.1,0.6,0.6499999999999999
R4,10,0.07500000000000001,16,6,0.7272727272727273,0.41025641025641024,0.5245901639344261,0.10666666666666667,4,0.1,0.7,0.6499999999999999
R4,10,0.07500000000000001,16,6,0.7272727272727273,0.41025641025641024,0.5245901639344261,0.10666666666666667,4,0.1,0.8,0.6499999999999999
R4,10,0.07500000000000001,16,6,0.7272727272727273,0.41025641025641024,0.5245901639344261,0.10666666666666667,4,0.1,0.9,0.6499999999999999
R4,10,0.07500000000000001,16,6,0.7272727272727273,0.41025641025641024,0.5245901639344261,0.10666666666666667,4,0.1,1.0,0.6499999999999999
R4,10,0.07500000000000001,16,6,0.7272727272727273,0.41025641025641024,0.5245901639344261,0.10666666666666667,4,0.0,0.5,0.7
R4,10,0.07500000000000001,16,5,0.7619047619047619,0.41025641025641024,0.5333333333333333,0.10666666666666667,4,0.0,0.6,0.7
R4,10,0.07500000000000001,16,5,0.7619047619047619,0.41025641025641024,0.5333333333333333,0.10666666666666667,4,0.0,0.7,0.7
R4,10,0.07500000000000001,16,5,0.7619047619047619,0.41025641025641024,0.5333333333333333,0.10666666666666667,4,0.0,0.8,0.7
R4,10,0.07500000000000001,16,5,0.7619047619047619,0.41025641025641024,0.5333333333333333,0.10666666666666667,4,0.0,0.9,0.7
R4,10,0.07500000000000001,16,5,0.7619047619047619,0.41025641025641024,0.5333333333333333,0.10666666666666667,4,0.0,1.0,0.7
R4,10,0.07500000000000001,16,6,0.7272727272727273,0.41025641025641024,0.5245901639344261,0.10666666666666667,4,0.05,0.5,0.7
R4,10,0.07500000000000001,16,5,0.7619047619047619,0.41025641025641024,0.5333333333333333,0.10666666666666667,4,0.05,0.6,0.7
R4,10,0.07500000000000001,16,5,0.7619047619047619,0.41025641025641024,0.5333333333333333,0.10666666666666667,4,0.05,0.7,0.7
R4,10,0.07500000000000001,16,5,0.7619047619047619,0.41025641025641024,0.5333333333333333,0.10666666666666667,4,0.05,0.8,0.7
R4,10,0.07500000000000001,16,5,0.7619047619047619,0.41025641025641024,0.5333333333333333,0.10666666666666667,4,0.05,0.9,0.7
R4,10,0.07500000000000001,16,5,0.7619047619047619,0.41025641025641024,0.5333333333333333,0.10666666666666667,4,0.05,1.0,0.7
R4,10,0.07500000000000001,16,6,0.7272727272727273,0.41025641025641024,0.5245901639344261,0.10666666666666667,4,0.1,0.5,0.7
R4,10,0.07500000000000001,16,5,0.7619047619047619,0.41025641025641024,0.5333333333333333,0.10666666666666667,4,0.1,0.6,0.7
R4,10,0.07500000000000001,16,5,0.7619047619047619,0.41025641025641024,0.5333333333333333,0.10666666666666667,4,0.1,0.7,0.7
R4,10,0.07500000000000001,16,5,0.7619047619047619,0.41025641025641024,0.5333333333333333,0.10666666666666667,4,0.1,0.8,0.7
R4,10,0.07500000000000001,16,5,0.7619047619047619,0.41025641025641024,0.5333333333333333,0.10666666666666667,4,0.1,0.9,0.7
R4,10,0.07500000000000001,16,5,0.7619047619047619,0.41025641025641024,0.5333333333333333,0.10666666666666667,4,0.1,1.0,0.7
R4,10,0.1,26,31,0.45614035087719296,0.6666666666666666,0.5416666666666666,0.17333333333333334,4,0.0,0.5,0.4
R4,10,0.1,26,28,0.48148148148148145,0.6666666666666666,0.5591397849462365,0.17333333333333334,4,0.0,0.6,0.4
R4,10,0.1,26,27,0.49056603773584906,0.6666666666666666,0.5652173913043478,0.17333333333333334,4,0.0,0.7,0.4
R4,10,0.1,25,26,0.49019607843137253,0.6410256410256411,0.5555555555555556,0.16666666666666666,4,0.0,0.8,0.4
R4,10,0.1,24,26,0.48,0.6153846153846154,0.5393258426966293,0.16,4,0.0,0.9,0.4
R4,10,0.1,24,26,0.48,0.6153846153846154,0.5393258426966293,0.16,4,0.0,1.0,0.4
R4,10,0.1,26,31,0.45614035087719296,0.6666666666666666,0.5416666666666666,0.17333333333333334,4,0.05,0.5,0.4
R4,10,0.1,26,28,0.48148148148148145,0.6666666666666666,0.5591397849462365,0.17333333333333334,4,0.05,0.6,0.4
R4,10,0.1,26,27,0.49056603773584906,0.6666666666666666,0.5652173913043478,0.17333333333333334,4,0.05,0.7,0.4
R4,10,0.1,25,26,0.49019607843137253,0.6410256410256411,0.5555555555555556,0.16666666666666666,4,0.05,0.8,0.4
R4,10,0.1,24,26,0.48,0.6153846153846154,0.5393258426966293,0.16,4,0.05,0.9,0.4
R4,10,0.1,24,26,0.48,0.6153846153846154,0.5393258426966293,0.16,4,0.05,1.0,0.4
R4,10,0.1,26,31,0.45614035087719296,0.6666666666666666,0.5416666666666666,0.17333333333333334,4,0.1,0.5,0.4
R4,10,0.1,26,28,0.48148148148148145,0.6666666666666666,0.5591397849462365,0.17333333333333334,4,0.1,0.6,0.4
R4,10,0.1,26,27,0.49056603773584906,0.6666666666666666,0.5652173913043478,0.17333333333333334,4,0.1,0.7,0.4
R4,10,0.1,25,26,0.49019607843137253,0.6410256410256411,0.5555555555555556,0.16666666666666666,4,0.1,0.8,0.4
R4,10,0.1,24,26,0.48,0.6153846153846154,0.5393258426966293,0.16,4,0.1,0.9,0.4
R4,10,0.1,24,26,0.48,0.6153846153846154,0.5393258426966293,0.16,4,0.1,1.0,0.4
R4,10,0.1,23,29,0.4423076923076923,0.5897435897435898,0.5054945054945056,0.15333333333333332,4,0.0,0.5,0.45
R4,10,0.1,23,26,0.46938775510204084,0.5897435897435898,0.5227272727272727,0.15333333333333332,4,0.0,0.6,0.45
R4,10,0.1,23,25,0.4791666666666667,0.5897435897435898,0.5287356321839081,0.15333333333333332,4,0.0,0.7,0.45
R4,10,0.1,23,24,0.48936170212765956,0.5897435897435898,0.5348837209302325,0.15333333333333332,4,0.0,0.8,0.45
R4,10,0.1,23,24,0.48936170212765956,0.5897435897435898,0.5348837209302325,0.15333333333333332,4,0.0,0.9,0.45
R4,10,0.1,23,24,0.48936170212765956,0.5897435897435898,0.5348837209302325,0.15333333333333332,4,0.0,1.0,0.45
R4,10,0.1,23,29,0.4423076923076923,0.5897435897435898,0.5054945054945056,0.15333333333333332,4,0.05,0.5,0.45
R4,10,0.1,23,26,0.46938775510204084,0.5897435897435898,0.5227272727272727,0.15333333333333332,4,0.05,0.6,0.45
R4,10,0.1,23,25,0.4791666666666667,0.5897435897435898,0.5287356321839081,0.15333333333333332,4,0.05,0.7,0.45
R4,10,0.1,23,24,0.48936170212765956,0.5897435897435898,0.5348837209302325,0.15333333333333332,4,0.05,0.8,0.45
R4,10,0.1,23,24,0.48936170212765956,0.5897435897435898,0.5348837209302325,0.15333333333333332,4,0.05,0.9,0.45
R4,10,0.1,23,24,0.48936170212765956,0.5897435897435898,0.5348837209302325,0.15333333333333332,4,0.05,1.0,0.45
R4,10,0.1,23,29,0.4423076923076923,0.5897435897435898,0.5054945054945056,0.15333333333333332,4,0.1,0.5,0.45
R4,10,0.1,23,26,0.46938775510204084,0.5897435897435898,0.5227272727272727,0.15333333333333332,4,0.1,0.6,0.45
R4,10,0.1,23,25,0.4791666666666667,0.5897435897435898,0.5287356321839081,0.15333333333333332,4,0.1,0.7,0.45
R4,10,0.1,23,24,0.48936170212765956,0.5897435897435898,0.5348837209302325,0.15333333333333332,4,0.1,0.8,0.45
R4,10,0.1,23,24,0.48936170212765956,0.5897435897435898,0.5348837209302325,0.15333333333333332,4,0.1,0.9,0.45
R4,10,0.1,23,24,0.48936170212765956,0.5897435897435898,0.5348837209302325,0.15333333333333332,4,0.1,1.0,0.45
R4,10,0.1,21,23,0.4772727272727273,0.5384615384615384,0.5060240963855421,0.14,4,0.0,0.5,0.5
R4,10,0.1,21,20,0.5121951219512195,0.5384615384615384,0.525,0.14,4,0.0,0.6,0.5
R4,10,0.1,21,19,0.525,0.5384615384615384,0.5316455696202531,0.14,4,0.0,0.7,0.5
R4,10,0.1,21,18,0.5384615384615384,0.5384615384615384,0.5384615384615384,0.14,4,0.0,0.8,0.5
R4,10,0.1,21,18,0.5384615384615384,0.5384615384615384,0.5384615384615384,0.14,4,0.0,0.9,0.5
R4,10,0.1,21,18,0.5384615384615384,0.5384615384615384,0.5384615384615384,0.14,4,0.0,1.0,0.5
R4,10,0.1,21,23,0.4772727272727273,0.5384615384615384,0.5060240963855421,0.14,4,0.05,0.5,0.5
R4,10,0.1,21,20,0.5121951219512195,0.5384615384615384,0.525,0.14,4,0.05,0.6,0.5
R4,10,0.1,21,19,0.525,0.5384615384615384,0.5316455696202531,0.14,4,0.05,0.7,0.5
R4,10,0.1,21,18,0.5384615384615384,0.5384615384615384,0.5384615384615384,0.14,4,0.05,0.8,0.5
R4,10,0.1,21,18,0.5384615384615384,0.5384615384615384,0.5384615384615384,0.14,4,0.05,0.9,0.5
R4,10,0.1,21,18,0.5384615384615384,0.5384615384615384,0.5384615384615384,0.14,4,0.05,1.0,0.5
R4,10,0.1,21,23,0.4772727272727273,0.5384615384615384,0.5060240963855421,0.14,4,0.1,0.5,0.5
R4,10,0.1,21,20,0.5121951219512195,0.5384615384615384,0.525,0.14,4,0.1,0.6,0.5
R4,10,0.1,21,19,0.525,0.5384615384615384,0.5316455696202531,0.14,4,0.1,0.7,0.5
R4,10,0.1,21,18,0.5384615384615384,0.5384615384615384,0.5384615384615384,0.14,4,0.1,0.8,0.5
R4,10,0.1,21,18,0.5384615384615384,0.5384615384615384,0.5384615384615384,0.14,4,0.1,0.9,0.5
R4,10,0.1,21,18,0.5384615384615384,0.5384615384615384,0.5384615384615384,0.14,4,0.1,1.0,0.5
R4,10,0.1,20,16,0.5555555555555556,0.5128205128205128,0.5333333333333333,0.13333333333333333,4,0.0,0.5,0.55
R4,10,0.1,20,13,0.6060606060606061,0.5128205128205128,0.5555555555555556,0.13333333333333333,4,0.0,0.6,0.55
R4,10,0.1,20,12,0.625,0.5128205128205128,0.5633802816901409,0.13333333333333333,4,0.0,0.7,0.55
R4,10,0.1,20,12,0.625,0.5128205128205128,0.5633802816901409,0.13333333333333333,4,0.0,0.8,0.55
R4,10,0.1,20,12,0.625,0.5128205128205128,0.5633802816901409,0.13333333333333333,4,0.0,0.9,0.55
R4,10,0.1,20,12,0.625,0.5128205128205128,0.5633802816901409,0.13333333333333333,4,0.0,1.0,0.55
R4,10,0.1,20,16,0.5555555555555556,0.5128205128205128,0.5333333333333333,0.13333333333333333,4,0.05,0.5,0.55
R4,10,0.1,20,13,0.6060606060606061,0.5128205128205128,0.5555555555555556,0.13333333333333333,4,0.05,0.6,0.55
R4,10,0.1,20,12,0.625,0.5128205128205128,0.5633802816901409,0.13333333333333333,4,0.05,0.7,0.55
R4,10,0.1,20,12,0.625,0.5128205128205128,0.5633802816901409,0.13333333333333333,4,0.05,0.8,0.55
R4,10,0.1,20,12,0.625,0.5128205128205128,0.5633802816901409,0.13333333333333333,4,0.05,0.9,0.55
R4,10,0.1,20,12,0.625,0.5128205128205128,0.5633802816901409,0.13333333333333333,4,0.05,1.0,0.55
R4,10,0.1,20,16,0.5555555555555556,0.5128205128205128,0.5333333333333333,0.13333333333333333,4,0.1,0.5,0.55
R4,10,0.1,20,13,0.6060606060606061,0.5128205128205128,0.5555555555555556,0.13333333333333333,4,0.1,0.6,0.55
R4,10,0.1,20,12,0.625,0.5128205128205128,0.5633802816901409,0.13333333333333333,4,0.1,0.7,0.55
R4,10,0.1,20,12,0.625,0.5128205128205128,0.5633802816901409,0.13333333333333333,4,0.1,0.8,0.55
R4,10,0.1,20,12,0.625,0.5128205128205128,0.5633802816901409,0.13333333333333333,4,0.1,0.9,0.55
R4,10,0.1,20,12,0.625,0.5128205128205128,0.5633802816901409,0.13333333333333333,4,0.1,1.0,0.55
R4,10,0.1,17,10,0.6296296296296297,0.4358974358974359,0.5151515151515151,0.11333333333333333,4,0.0,0.5,0.6
R4,10,0.1,17,8,0.68,0.4358974358974359,0.53125,0.11333333333333333,4,0.0,0.6,0.6
R4,10,0.1,17,8,0.68,0.4358974358974359,0.53125,0.11333333333333333,4,0.0,0.7,0.6
R4,10,0.1,17,8,0.68,0.4358974358974359,0.53125,0.11333333333333333,4,0.0,0.8,0.6
R4,10,0.1,17,8,0.68,0.4358974358974359,0.53125,0.11333333333333333,4,0.0,0.9,0.6
R4,10,0.1,17,8,0.68,0.4358974358974359,0.53125,0.11333333333333333,4,0.0,1.0,0.6
R4,10,0.1,17,10,0.6296296296296297,0.4358974358974359,0.5151515151515151,0.11333333333333333,4,0.05,0.5,0.6
R4,10,0.1,17,8,0.68,0.4358974358974359,0.53125,0.11333333333333333,4,0.05,0.6,0.6
R4,10,0.1,17,8,0.68,0.4358974358974359,0.53125,0.11333333333333333,4,0.05,0.7,0.6
R4,10,0.1,17,8,0.68,0.4358974358974359,0.53125,0.11333333333333333,4,0.05,0.8,0.6
R4,10,0.1,17,8,0.68,0.4358974358974359,0.53125,0.11333333333333333,4,0.05,0.9,0.6
R4,10,0.1,17,8,0.68,0.4358974358974359,0.53125,0.11333333333333333,4,0.05,1.0,0.6
R4,10,0.1,17,10,0.6296296296296297,0.4358974358974359,0.5151515151515151,0.11333333333333333,4,0.1,0.5,0.6
R4,10,0.1,17,8,0.68,0.4358974358974359,0.53125,0.11333333333333333,4,0.1,0.6,0.6
R4,10,0.1,17,8,0.68,0.4358974358974359,0.53125,0.11333333333333333,4,0.1,0.7,0.6
R4,10,0.1,17,8,0.68,0.4358974358974359,0.53125,0.11333333333333333,4,0.1,0.8,0.6
R4,10,0.1,17,8,0.68,0.4358974358974359,0.53125,0.11333333333333333,4,0.1,0.9,0.6
R4,10,0.1,17,8,0.68,0.4358974358974359,0.53125,0.11333333333333333,4,0.1,1.0,0.6
R4,10,0.1,17,7,0.7083333333333334,0.4358974358974359,0.5396825396825398,0.11333333333333333,4,0.0,0.5,0.6499999999999999
R4,10,0.1,17,6,0.7391304347826086,0.4358974358974359,0.5483870967741935,0.11333333333333333,4,0.0,0.6,0.6499999999999999
R4,10,0.1,17,6,0.7391304347826086,0.4358974358974359,0.5483870967741935,0.11333333333333333,4,0.0,0.7,0.6499999999999999
R4,10,0.1,17,6,0.7391304347826086,0.4358974358974359,0.5483870967741935,0.11333333333333333,4,0.0,0.8,0.6499999999999999
R4,10,0.1,17,6,0.7391304347826086,0.4358974358974359,0.5483870967741935,0.11333333333333333,4,0.0,0.9,0.6499999999999999
R4,10,0.1,17,6,0.7391304347826086,0.4358974358974359,0.5483870967741935,0.11333333333333333,4,0.0,1.0,0.6499999999999999
R4,10,0.1,17,7,0.7083333333333334,0.4358974358974359,0.5396825396825398,0.11333333333333333,4,0.05,0.5,0.6499999999999999
R4,10,0.1,17,6,0.7391304347826086,0.4358974358974359,0.5483870967741935,0.11333333333333333,4,0.05,0.6,0.6499999999999999
R4,10,0.1,17,6,0.7391304347826086,0.4358974358974359,0.5483870967741935,0.11333333333333333,4,0.05,0.7,0.6499999999999999
R4,10,0.1,17,6,0.7391304347826086,0.4358974358974359,0.5483870967741935,0.11333333333333333,4,0.05,0.8,0.6499999999999999
R4,10,0.1,17,6,0.7391304347826086,0.4358974358974359,0.5483870967741935,0.11333333333333333,4,0.05,0.9,0.6499999999999999
R4,10,0.1,17,6,0.7391304347826086,0.4358974358974359,0.5483870967741935,0.11333333333333333,4,0.05,1.0,0.6499999999999999
R4,10,0.1,17,7,0.7083333333333334,0.4358974358974359,0.5396825396825398,0.11333333333333333,4,0.1,0.5,0.6499999999999999
R4,10,0.1,17,6,0.7391304347826086,0.4358974358974359,0.5483870967741935,0.11333333333333333,4,0.1,0.6,0.6499999999999999
R4,10,0.1,17,6,0.7391304347826086,0.4358974358974359,0.5483870967741935,0.11333333333333333,4,0.1,0.7,0.6499999999999999
R4,10,0.1,17,6,0.7391304347826086,0.4358974358974359,0.5483870967741935,0.11333333333333333,4,0.1,0.8,0.6499999999999999
R4,10,0.1,17,6,0.7391304347826086,0.4358974358974359,0.5483870967741935,0.11333333333333333,4,0.1,0.9,0.6499999999999999
R4,10,0.1,17,6,0.7391304347826086,0.4358974358974359,0.5483870967741935,0.11333333333333333,4,0.1,1.0,0.6499999999999999
R4,10,0.1,17,6,0.7391304347826086,0.4358974358974359,0.5483870967741935,0.11333333333333333,4,0.0,0.5,0.7
R4,10,0.1,17,5,0.7727272727272727,0.4358974358974359,0.5573770491803278,0.11333333333333333,4,0.0,0.6,0.7
R4,10,0.1,17,5,0.7727272727272727,0.4358974358974359,0.5573770491803278,0.11333333333333333,4,0.0,0.7,0.7
R4,10,0.1,17,5,0.7727272727272727,0.4358974358974359,0.5573770491803278,0.11333333333333333,4,0.0,0.8,0.7
R4,10,0.1,17,5,0.7727272727272727,0.4358974358974359,0.5573770491803278,0.11333333333333333,4,0.0,0.9,0.7
R4,10,0.1,17,5,0.7727272727272727,0.4358974358974359,0.5573770491803278,0.11333333333333333,4,0.0,1.0,0.7
R4,10,0.1,17,6,0.7391304347826086,0.4358974358974359,0.5483870967741935,0.11333333333333333,4,0.05,0.5,0.7
R4,10,0.1,17,5,0.7727272727272727,0.4358974358974359,0.5573770491803278,0.11333333333333333,4,0.05,0.6,0.7
R4,10,0.1,17,5,0.7727272727272727,0.4358974358974359,0.5573770491803278,0.11333333333333333,4,0.05,0.7,0.7
R4,10,0.1,17,5,0.7727272727272727,0.4358974358974359,0.5573770491803278,0.11333333333333333,4,0.05,0.8,0.7
R4,10,0.1,17,5,0.7727272727272727,0.4358974358974359,0.5573770491803278,0.11333333333333333,4,0.05,0.9,0.7
R4,10,0.1,17,5,0.7727272727272727,0.4358974358974359,0.5573770491803278,0.11333333333333333,4,0.05,1.0,0.7
R4,10,0.1,17,6,0.7391304347826086,0.4358974358974359,0.5483870967741935,0.11333333333333333,4,0.1,0.5,0.7
R4,10,0.1,17,5,0.7727272727272727,0.4358974358974359,0.5573770491803278,0.11333333333333333,4,0.1,0.6,0.7
R4,10,0.1,17,5,0.7727272727272727,0.4358974358974359,0.5573770491803278,0.11333333333333333,4,0.1,0.7,0.7
R4,10,0.1,17,5,0.7727272727272727,0.4358974358974359,0.5573770491803278,0.11333333333333333,4,0.1,0.8,0.7
R4,10,0.1,17,5,0.7727272727272727,0.4358974358974359,0.5573770491803278,0.11333333333333333,4,0.1,0.9,0.7
R4,10,0.1,17,5,0.7727272727272727,0.4358974358974359,0.5573770491803278,0.11333333333333333,4,0.1,1.0,0.7
R4,10,0.125,27,32,0.4576271186440678,0.6923076923076923,0.5510204081632654,0.18,4,0.0,0.5,0.4
R4,10,0.125,27,29,0.48214285714285715,0.6923076923076923,0.5684210526315789,0.18,4,0.0,0.6,0.4
R4,10,0.125,27,28,0.4909090909090909,0.6923076923076923,0.5744680851063829,0.18,4,0.0,0.7,0.4
R4,10,0.125,26,27,0.49056603773584906,0.6666666666666666,0.5652173913043478,0.17333333333333334,4,0.0,0.8,0.4
R4,10,0.125,25,27,0.4807692307692308,0.6410256410256411,0.5494505494505495,0.16666666666666666,4,0.0,0.9,0.4
R4,10,0.125,25,27,0.4807692307692308,0.6410256410256411,0.5494505494505495,0.16666666666666666,4,0.0,1.0,0.4
R4,10,0.125,27,32,0.4576271186440678,0.6923076923076923,0.5510204081632654,0.18,4,0.05,0.5,0.4
R4,10,0.125,27,29,0.48214285714285715,0.6923076923076923,0.5684210526315789,0.18,4,0.05,0.6,0.4
R4,10,0.125,27,28,0.4909090909090909,0.6923076923076923,0.5744680851063829,0.18,4,0.05,0.7,0.4
R4,10,0.125,26,27,0.49056603773584906,0.6666666666666666,0.5652173913043478,0.17333333333333334,4,0.05,0.8,0.4
R4,10,0.125,25,27,0.4807692307692308,0.6410256410256411,0.5494505494505495,0.16666666666666666,4,0.05,0.9,0.4
R4,10,0.125,25,27,0.4807692307692308,0.6410256410256411,0.5494505494505495,0.16666666666666666,4,0.05,1.0,0.4
R4,10,0.125,27,32,0.4576271186440678,0.6923076923076923,0.5510204081632654,0.18,4,0.1,0.5,0.4
R4,10,0.125,27,29,0.48214285714285715,0.6923076923076923,0.5684210526315789,0.18,4,0.1,0.6,0.4
R4,10,0.125,27,28,0.4909090909090909,0.6923076923076923,0.5744680851063829,0.18,4,0.1,0.7,0.4
R4,10,0.125,26,27,0.49056603773584906,0.6666666666666666,0.5652173913043478,0.17333333333333334,4,0.1,0.8,0.4
R4,10,0.125,25,27,0.4807692307692308,0.6410256410256411,0.5494505494505495,0.16666666666666666,4,0.1,0.9,0.4
R4,10,0.125,25,27,0.4807692307692308,0.6410256410256411,0.5494505494505495,0.16666666666666666,4,0.1,1.0,0.4
R4,10,0.125,24,30,0.4444444444444444,0.6153846153846154,0.5161290322580646,0.16,4,0.0,0.5,0.45
R4,10,0.125,24,27,0.47058823529411764,0.6153846153846154,0.5333333333333333,0.16,4,0.0,0.6,0.45
R4,10,0.125,24,26,0.48,0.6153846153846154,0.5393258426966293,0.16,4,0.0,0.7,0.45
R4,10,0.125,24,25,0.4897959183673469,0.6153846153846154,0.5454545454545454,0.16,4,0.0,0.8,0.45
R4,10,0.125,24,25,0.4897959183673469,0.6153846153846154,0.5454545454545454,0.16,4,0.0,0.9,0.45
R4,10,0.125,24,25,0.4897959183673469,0.6153846153846154,0.5454545454545454,0.16,4,0.0,1.0,0.45
R4,10,0.125,24,30,0.4444444444444444,0.6153846153846154,0.5161290322580646,0.16,4,0.05,0.5,0.45
R4,10,0.125,24,27,0.47058823529411764,0.6153846153846154,0.5333333333333333,0.16,4,0.05,0.6,0.45
R4,10,0.125,24,26,0.48,0.6153846153846154,0.5393258426966293,0.16,4,0.05,0.7,0.45
R4,10,0.125,24,25,0.4897959183673469,0.6153846153846154,0.5454545454545454,0.16,4,0.05,0.8,0.45
R4,10,0.125,24,25,0.4897959183673469,0.6153846153846154,0.5454545454545454,0.16,4,0.05,0.9,0.45
R4,10,0.125,24,25,0.4897959183673469,0.6153846153846154,0.5454545454545454,0.16,4,0.05,1.0,0.45
R4,10,0.125,24,30,0.4444444444444444,0.6153846153846154,0.5161290322580646,0.16,4,0.1,0.5,0.45
R4,10,0.125,24,27,0.47058823529411764,0.6153846153846154,0.5333333333333333,0.16,4,0.1,0.6,0.45
R4,10,0.125,24,26,0.48,0.6153846153846154,0.5393258426966293,0.16,4,0.1,0.7,0.45
R4,10,0.125,24,25,0.4897959183673469,0.6153846153846154,0.5454545454545454,0.16,4,0.1,0.8,0.45
R4,10,0.125,24,25,0.4897959183673469,0.6153846153846154,0.5454545454545454,0.16,4,0.1,0.9,0.45
R4,10,0.125,24,25,0.4897959183673469,0.6153846153846154,0.5454545454545454,0.16,4,0.1,1.0,0.45
R4,10,0.125,22,24,0.4782608695652174,0.5641025641025641,0.5176470588235293,0.14666666666666667,4,0.0,0.5,0.5
R4,10,0.125,22,21,0.5116279069767442,0.5641025641025641,0.5365853658536586,0.14666666666666667,4,0.0,0.6,0.5
R4,10,0.125,22,20,0.5238095238095238,0.5641025641025641,0.5432098765432098,0.14666666666666667,4,0.0,0.7,0.5
R4,10,0.125,22,19,0.5365853658536586,0.5641025641025641,0.55,0.14666666666666667,4,0.0,0.8,0.5
R4,10,0.125,22,19,0.5365853658536586,0.5641025641025641,0.55,0.14666666666666667,4,0.0,0.9,0.5
R4,10,0.125,22,19,0.5365853658536586,0.5641025641025641,0.55,0.14666666666666667,4,0.0,1.0,0.5
R4,10,0.125,22,24,0.4782608695652174,0.5641025641025641,0.5176470588235293,0.14666666666666667,4,0.05,0.5,0.5
R4,10,0.125,22,21,0.5116279069767442,0.5641025641025641,0.5365853658536586,0.14666666666666667,4,0.05,0.6,0.5
R4,10,0.125,22,20,0.5238095238095238,0.5641025641025641,0.5432098765432098,0.14666666666666667,4,0.05,0.7,0.5
R4,10,0.125,22,19,0.5365853658536586,0.5641025641025641,0.55,0.14666666666666667,4,0.05,0.8,0.5
R4,10,0.125,22,19,0.5365853658536586,0.5641025641025641,0.55,0.14666666666666667,4,0.05,0.9,0.5
R4,10,0.125,22,19,0.5365853658536586,0.5641025641025641,0.55,0.14666666666666667,4,0.05,1.0,0.5
R4,10,0.125,22,24,0.4782608695652174,0.5641025641025641,0.5176470588235293,0.14666666666666667,4,0.1,0.5,0.5
R4,10,0.125,22,21,0.5116279069767442,0.5641025641025641,0.5365853658536586,0.14666666666666667,4,0.1,0.6,0.5
R4,10,0.125,22,20,0.5238095238095238,0.5641025641025641,0.5432098765432098,0.14666666666666667,4,0.1,0.7,0.5
R4,10,0.125,22,19,0.5365853658536586,0.5641025641025641,0.55,0.14666666666666667,4,0.1,0.8,0.5
R4,10,0.125,22,19,0.5365853658536586,0.5641025641025641,0.55,0.14666666666666667,4,0.1,0.9,0.5
R4,10,0.125,22,19,0.5365853658536586,0.5641025641025641,0.55,0.14666666666666667,4,0.1,1.0,0.5
R4,10,0.125,21,17,0.5526315789473685,0.5384615384615384,0.5454545454545455,0.14,4,0.0,0.5,0.55
R4,10,0.125,21,14,0.6,0.5384615384615384,0.5675675675675675,0.14,4,0.0,0.6,0.55
R4,10,0.125,21,13,0.6176470588235294,0.5384615384615384,0.5753424657534247,0.14,4,0.0,0.7,0.55
R4,10,0.125,21,13,0.6176470588235294,0.5384615384615384,0.5753424657534247,0.14,4,0.0,0.8,0.55
R4,10,0.125,21,13,0.6176470588235294,0.5384615384615384,0.5753424657534247,0.14,4,0.0,0.9,0.55
R4,10,0.125,21,13,0.6176470588235294,0.5384615384615384,0.5753424657534247,0.14,4,0.0,1.0,0.55
R4,10,0.125,21,17,0.5526315789473685,0.5384615384615384,0.5454545454545455,0.14,4,0.05,0.5,0.55
R4,10,0.125,21,14,0.6,0.5384615384615384,0.5675675675675675,0.14,4,0.05,0.6,0.55
R4,10,0.125,21,13,0.6176470588235294,0.5384615384615384,0.5753424657534247,0.14,4,0.05,0.7,0.55
R4,10,0.125,21,13,0.6176470588235294,0.5384615384615384,0.5753424657534247,0.14,4,0.05,0.8,0.55
R4,10,0.125,21,13,0.6176470588235294,0.5384615384615384,0.5753424657534247,0.14,4,0.05,0.9,0.55
R4,10,0.125,21,13,0.6176470588235294,0.5384615384615384,0.5753424657534247,0.14,4,0.05,1.0,0.55
R4,10,0.125,21,17,0.5526315789473685,0.5384615384615384,0.5454545454545455,0.14,4,0.1,0.5,0.55
R4,10,0.125,21,14,0.6,0.5384615384615384,0.5675675675675675,0.14,4,0.1,0.6,0.55
R4,10,0.125,21,13,0.6176470588235294,0.5384615384615384,0.5753424657534247,0.14,4,0.1,0.7,0.55
R4,10,0.125,21,13,0.6176470588235294,0.5384615384615384,0.5753424657534247,0.14,4,0.1,0.8,0.55
R4,10,0.125,21,13,0.6176470588235294,0.5384615384615384,0.5753424657534247,0.14,4,0.1,0.9,0.55
R4,10,0.125,21,13,0.6176470588235294,0.5384615384615384,0.5753424657534247,0.14,4,0.1,1.0,0.55
R4,10,0.125,18,11,0.6206896551724138,0.46153846153846156,0.5294117647058824,0.12,4,0.0,0.5,0.6
R4,10,0.125,18,9,0.6666666666666666,0.46153846153846156,0.5454545454545455,0.12,4,0.0,0.6,0.6
R4,10,0.125,18,9,0.6666666666666666,0.46153846153846156,0.5454545454545455,0.12,4,0.0,0.7,0.6
R4,10,0.125,18,9,0.6666666666666666,0.46153846153846156,0.5454545454545455,0.12,4,0.0,0.8,0.6
R4,10,0.125,18,9,0.6666666666666666,0.46153846153846156,0.5454545454545455,0.12,4,0.0,0.9,0.6
R4,10,0.125,18,9,0.6666666666666666,0.46153846153846156,0.5454545454545455,0.12,4,0.0,1.0,0.6
R4,10,0.125,18,11,0.6206896551724138,0.46153846153846156,0.5294117647058824,0.12,4,0.05,0.5,0.6
R4,10,0.125,18,9,0.6666666666666666,0.46153846153846156,0.5454545454545455,0.12,4,0.05,0.6,0.6
R4,10,0.125,18,9,0.6666666666666666,0.46153846153846156,0.5454545454545455,0.12,4,0.05,0.7,0.6
R4,10,0.125,18,9,0.6666666666666666,0.46153846153846156,0.5454545454545455,0.12,4,0.05,0.8,0.6
R4,10,0.125,18,9,0.6666666666666666,0.46153846153846156,0.5454545454545455,0.12,4,0.05,0.9,0.6
R4,10,0.125,18,9,0.6666666666666666,0.46153846153846156,0.5454545454545455,0.12,4,0.05,1.0,0.6
R4,10,0.125,18,11,0.6206896551724138,0.46153846153846156,0.5294117647058824,0.12,4,0.1,0.5,0.6
R4,10,0.125,18,9,0.6666666666666666,0.46153846153846156,0.5454545454545455,0.12,4,0.1,0.6,0.6
R4,10,0.125,18,9,0.6666666666666666,0.46153846153846156,0.5454545454545455,0.12,4,0.1,0.7,0.6
R4,10,0.125,18,9,0.6666666666666666,0.46153846153846156,0.5454545454545455,0.12,4,0.1,0.8,0.6
R4,10,0.125,18,9,0.6666666666666666,0.46153846153846156,0.5454545454545455,0.12,4,0.1,0.9,0.6
R4,10,0.125,18,9,0.6666666666666666,0.46153846153846156,0.5454545454545455,0.12,4,0.1,1.0,0.6
R4,10,0.125,18,8,0.6923076923076923,0.46153846153846156,0.553846153846154,0.12,4,0.0,0.5,0.6499999999999999
R4,10,0.125,18,7,0.72,0.46153846153846156,0.5625,0.12,4,0.0,0.6,0.6499999999999999
R4,10,0.125,18,7,0.72,0.46153846153846156,0.5625,0.12,4,0.0,0.7,0.6499999999999999
R4,10,0.125,18,7,0.72,0.46153846153846156,0.5625,0.12,4,0.0,0.8,0.6499999999999999
R4,10,0.125,18,7,0.72,0.46153846153846156,0.5625,0.12,4,0.0,0.9,0.6499999999999999
R4,10,0.125,18,7,0.72,0.46153846153846156,0.5625,0.12,4,0.0,1.0,0.6499999999999999
R4,10,0.125,18,8,0.6923076923076923,0.46153846153846156,0.553846153846154,0.12,4,0.05,0.5,0.6499999999999999
R4,10,0.125,18,7,0.72,0.46153846153846156,0.5625,0.12,4,0.05,0.6,0.6499999999999999
R4,10,0.125,18,7,0.72,0.46153846153846156,0.5625,0.12,4,0.05,0.7,0.6499999999999999
R4,10,0.125,18,7,0.72,0.46153846153846156,0.5625,0.12,4,0.05,0.8,0.6499999999999999
R4,10,0.125,18,7,0.72,0.46153846153846156,0.5625,0.12,4,0.05,0.9,0.6499999999999999
R4,10,0.125,18,7,0.72,0.46153846153846156,0.5625,0.12,4,0.05,1.0,0.6499999999999999
R4,10,0.125,18,8,0.6923076923076923,0.46153846153846156,0.553846153846154,0.12,4,0.1,0.5,0.6499999999999999
R4,10,0.125,18,7,0.72,0.46153846153846156,0.5625,0.12,4,0.1,0.6,0.6499999999999999
R4,10,0.125,18,7,0.72,0.46153846153846156,0.5625,0.12,4,0.1,0.7,0.6499999999999999
R4,10,0.125,18,7,0.72,0.46153846153846156,0.5625,0.12,4,0.1,0.8,0.6499999999999999
R4,10,0.125,18,7,0.72,0.46153846153846156,0.5625,0.12,4,0.1,0.9,0.6499999999999999
R4,10,0.125,18,7,0.72,0.46153846153846156,0.5625,0.12,4,0.1,1.0,0.6499999999999999
R4,10,0.125,18,7,0.72,0.46153846153846156,0.5625,0.12,4,0.0,0.5,0.7
R4,10,0.125,18,6,0.75,0.46153846153846156,0.5714285714285714,0.12,4,0.0,0.6,0.7
R4,10,0.125,18,6,0.75,0.46153846153846156,0.5714285714285714,0.12,4,0.0,0.7,0.7
R4,10,0.125,18,6,0.75,0.46153846153846156,0.5714285714285714,0.12,4,0.0,0.8,0.7
R4,10,0.125,18,6,0.75,0.46153846153846156,0.5714285714285714,0.12,4,0.0,0.9,0.7
R4,10,0.125,18,6,0.75,0.46153846153846156,0.5714285714285714,0.12,4,0.0,1.0,0.7
R4,10,0.125,18,7,0.72,0.46153846153846156,0.5625,0.12,4,0.05,0.5,0.7
R4,10,0.125,18,6,0.75,0.46153846153846156,0.5714285714285714,0.12,4,0.05,0.6,0.7
R4,10,0.125,18,6,0.75,0.46153846153846156,0.5714285714285714,0.12,4,0.05,0.7,0.7
R4,10,0.125,18,6,0.75,0.46153846153846156,0.5714285714285714,0.12,4,0.05,0.8,0.7
R4,10,0.125,18,6,0.75,0.46153846153846156,0.5714285714285714,0.12,4,0.05,0.9,0.7
R4,10,0.125,18,6,0.75,0.46153846153846156,0.5714285714285714,0.12,4,0.05,1.0,0.7
R4,10,0.125,18,7,0.72,0.46153846153846156,0.5625,0.12,4,0.1,0.5,0.7
R4,10,0.125,18,6,0.75,0.46153846153846156,0.5714285714285714,0.12,4,0.1,0.6,0.7
R4,10,0.125,18,6,0.75,0.46153846153846156,0.5714285714285714,0.12,4,0.1,0.7,0.7
R4,10,0.125,18,6,0.75,0.46153846153846156,0.5714285714285714,0.12,4,0.1,0.8,0.7
R4,10,0.125,18,6,0.75,0.46153846153846156,0.5714285714285714,0.12,4,0.1,0.9,0.7
R4,10,0.125,18,6,0.75,0.46153846153846156,0.5714285714285714,0.12,4,0.1,1.0,0.7
R4,10,0.15000000000000002,28,33,0.45901639344262296,0.717948717948718,0.5599999999999999,0.18666666666666668,4,0.0,0.5,0.4
R4,10,0.15000000000000002,28,30,0.4827586206896552,0.717948717948718,0.577319587628866,0.18666666666666668,4,0.0,0.6,0.4
R4,10,0.15000000000000002,28,29,0.49122807017543857,0.717948717948718,0.5833333333333334,0.18666666666666668,4,0.0,0.7,0.4
R4,10,0.15000000000000002,27,28,0.4909090909090909,0.6923076923076923,0.5744680851063829,0.18,4,0.0,0.8,0.4
R4,10,0.15000000000000002,26,28,0.48148148148148145,0.6666666666666666,0.5591397849462365,0.17333333333333334,4,0.0,0.9,0.4
R4,10,0.15000000000000002,26,28,0.48148148148148145,0.6666666666666666,0.5591397849462365,0.17333333333333334,4,0.0,1.0,0.4
R4,10,0.15000000000000002,28,33,0.45901639344262296,0.717948717948718,0.5599999999999999,0.18666666666666668,4,0.05,0.5,0.4
R4,10,0.15000000000000002,28,30,0.4827586206896552,0.717948717948718,0.577319587628866,0.18666666666666668,4,0.05,0.6,0.4
R4,10,0.15000000000000002,28,29,0.49122807017543857,0.717948717948718,0.5833333333333334,0.18666666666666668,4,0.05,0.7,0.4
R4,10,0.15000000000000002,27,28,0.4909090909090909,0.6923076923076923,0.5744680851063829,0.18,4,0.05,0.8,0.4
R4,10,0.15000000000000002,26,28,0.48148148148148145,0.6666666666666666,0.5591397849462365,0.17333333333333334,4,0.05,0.9,0.4
R4,10,0.15000000000000002,26,28,0.48148148148148145,0.6666666666666666,0.5591397849462365,0.17333333333333334,4,0.05,1.0,0.4
R4,10,0.15000000000000002,28,33,0.45901639344262296,0.717948717948718,0.5599999999999999,0.18666666666666668,4,0.1,0.5,0.4
R4,10,0.15000000000000002,28,30,0.4827586206896552,0.717948717948718,0.577319587628866,0.18666666666666668,4,0.1,0.6,0.4
R4,10,0.15000000000000002,28,29,0.49122807017543857,0.717948717948718,0.5833333333333334,0.18666666666666668,4,0.1,0.7,0.4
R4,10,0.15000000000000002,27,28,0.4909090909090909,0.6923076923076923,0.5744680851063829,0.18,4,0.1,0.8,0.4
R4,10,0.15000000000000002,26,28,0.48148148148148145,0.6666666666666666,0.5591397849462365,0.17333333333333334,4,0.1,0.9,0.4
R4,10,0.15000000000000002,26,28,0.48148148148148145,0.6666666666666666,0.5591397849462365,0.17333333333333334,4,0.1,1.0,0.4
R4,10,0.15000000000000002,25,31,0.44642857142857145,0.6410256410256411,0.5263157894736842,0.16666666666666666,4,0.0,0.5,0.45
R4,10,0.15000000000000002,25,28,0.4716981132075472,0.6410256410256411,0.5434782608695652,0.16666666666666666,4,0.0,0.6,0.45
R4,10,0.15000000000000002,25,27,0.4807692307692308,0.6410256410256411,0.5494505494505495,0.16666666666666666,4,0.0,0.7,0.45
R4,10,0.15000000000000002,25,26,0.49019607843137253,0.6410256410256411,0.5555555555555556,0.16666666666666666,4,0.0,0.8,0.45
R4,10,0.15000000000000002,25,26,0.49019607843137253,0.6410256410256411,0.5555555555555556,0.16666666666666666,4,0.0,0.9,0.45
R4,10,0.15000000000000002,25,26,0.49019607843137253,0.6410256410256411,0.5555555555555556,0.16666666666666666,4,0.0,1.0,0.45
R4,10,0.15000000000000002,25,31,0.44642857142857145,0.6410256410256411,0.5263157894736842,0.16666666666666666,4,0.05,0.5,0.45
R4,10,0.15000000000000002,25,28,0.4716981132075472,0.6410256410256411,0.5434782608695652,0.16666666666666666,4,0.05,0.6,0.45
R4,10,0.15000000000000002,25,27,0.4807692307692308,0.6410256410256411,0.5494505494505495,0.16666666666666666,4,0.05,0.7,0.45
R4,10,0.15000000000000002,25,26,0.49019607843137253,0.6410256410256411,0.5555555555555556,0.16666666666666666,4,0.05,0.8,0.45
R4,10,0.15000000000000002,25,26,0.49019607843137253,0.6410256410256411,0.5555555555555556,0.16666666666666666,4,0.05,0.9,0.45
R4,10,0.15000000000000002,25,26,0.49019607843137253,0.6410256410256411,0.5555555555555556,0.16666666666666666,4,0.05,1.0,0.45
R4,10,0.15000000000000002,25,31,0.44642857142857145,0.6410256410256411,0.5263157894736842,0.16666666666666666,4,0.1,0.5,0.45
R4,10,0.15000000000000002,25,28,0.4716981132075472,0.6410256410256411,0.5434782608695652,0.16666666666666666,4,0.1,0.6,0.45
R4,10,0.15000000000000002,25,27,0.4807692307692308,0.6410256410256411,0.5494505494505495,0.16666666666666666,4,0.1,0.7,0.45
R4,10,0.15000000000000002,25,26,0.49019607843137253,0.6410256410256411,0.5555555555555556,0.16666666666666666,4,0.1,0.8,0.45
R4,10,0.15000000000000002,25,26,0.49019607843137253,0.6410256410256411,0.5555555555555556,0.16666666666666666,4,0.1,0.9,0.45
R4,10,0.15000000000000002,25,26,0.49019607843137253,0.6410256410256411,0.5555555555555556,0.16666666666666666,4,0.1,1.0,0.45
R4,10,0.15000000000000002,23,25,0.4791666666666667,0.5897435897435898,0.5287356321839081,0.15333333333333332,4,0.0,0.5,0.5
R4,10,0.15000000000000002,23,22,0.5111111111111111,0.5897435897435898,0.5476190476190476,0.15333333333333332,4,0.0,0.6,0.5
R4,10,0.15000000000000002,23,21,0.5227272727272727,0.5897435897435898,0.5542168674698795,0.15333333333333332,4,0.0,0.7,0.5
R4,10,0.15000000000000002,23,20,0.5348837209302325,0.5897435897435898,0.5609756097560975,0.15333333333333332,4,0.0,0.8,0.5
R4,10,0.15000000000000002,23,20,0.5348837209302325,0.5897435897435898,0.5609756097560975,0.15333333333333332,4,0.0,0.9,0.5
R4,10,0.15000000000000002,23,20,0.5348837209302325,0.5897435897435898,0.5609756097560975,0.15333333333333332,4,0.0,1.0,0.5
R4,10,0.15000000000000002,23,25,0.4791666666666667,0.5897435897435898,0.5287356321839081,0.15333333333333332,4,0.05,0.5,0.5
R4,10,0.15000000000000002,23,22,0.5111111111111111,0.5897435897435898,0.5476190476190476,0.15333333333333332,4,0.05,0.6,0.5
R4,10,0.15000000000000002,23,21,0.5227272727272727,0.5897435897435898,0.5542168674698795,0.15333333333333332,4,0.05,0.7,0.5
R4,10,0.15000000000000002,23,20,0.5348837209302325,0.5897435897435898,0.5609756097560975,0.15333333333333332,4,0.05,0.8,0.5
R4,10,0.15000000000000002,23,20,0.5348837209302325,0.5897435897435898,0.5609756097560975,0.15333333333333332,4,0.05,0.9,0.5
R4,10,0.15000000000000002,23,20,0.5348837209302325,0.5897435897435898,0.5609756097560975,0.15333333333333332,4,0.05,1.0,0.5
R4,10,0.15000000000000002,23,25,0.4791666666666667,0.5897435897435898,0.5287356321839081,0.15333333333333332,4,0.1,0.5,0.5
R4,10,0.15000000000000002,23,22,0.5111111111111111,0.5897435897435898,0.5476190476190476,0.15333333333333332,4,0.1,0.6,0.5
R4,10,0.15000000000000002,23,21,0.5227272727272727,0.5897435897435898,0.5542168674698795,0.15333333333333332,4,0.1,0.7,0.5
R4,10,0.15000000000000002,23,20,0.5348837209302325,0.5897435897435898,0.5609756097560975,0.15333333333333332,4,0.1,0.8,0.5
R4,10,0.15000000000000002,23,20,0.5348837209302325,0.5897435897435898,0.5609756097560975,0.15333333333333332,4,0.1,0.9,0.5
R4,10,0.15000000000000002,23,20,0.5348837209302325,0.5897435897435898,0.5609756097560975,0.15333333333333332,4,0.1,1.0,0.5
R4,10,0.15000000000000002,22,18,0.55,0.5641025641025641,0.5569620253164557,0.14666666666666667,4,0.0,0.5,0.55
R4,10,0.15000000000000002,22,15,0.5945945945945946,0.5641025641025641,0.5789473684210528,0.14666666666666667,4,0.0,0.6,0.55
R4,10,0.15000000000000002,22,14,0.6111111111111112,0.5641025641025641,0.5866666666666667,0.14666666666666667,4,0.0,0.7,0.55
R4,10,0.15000000000000002,22,14,0.6111111111111112,0.5641025641025641,0.5866666666666667,0.14666666666666667,4,0.0,0.8,0.55
R4,10,0.15000000000000002,22,14,0.6111111111111112,0.5641025641025641,0.5866666666666667,0.14666666666666667,4,0.0,0.9,0.55
R4,10,0.15000000000000002,22,14,0.6111111111111112,0.5641025641025641,0.5866666666666667,0.14666666666666667,4,0.0,1.0,0.55
R4,10,0.15000000000000002,22,18,0.55,0.5641025641025641,0.5569620253164557,0.14666666666666667,4,0.05,0.5,0.55
R4,10,0.15000000000000002,22,15,0.5945945945945946,0.5641025641025641,0.5789473684210528,0.14666666666666667,4,0.05,0.6,0.55
R4,10,0.15000000000000002,22,14,0.6111111111111112,0.5641025641025641,0.5866666666666667,0.14666666666666667,4,0.05,0.7,0.55
R4,10,0.15000000000000002,22,14,0.6111111111111112,0.5641025641025641,0.5866666666666667,0.14666666666666667,4,0.05,0.8,0.55
R4,10,0.15000000000000002,22,14,0.6111111111111112,0.5641025641025641,0.5866666666666667,0.14666666666666667,4,0.05,0.9,0.55
R4,10,0.15000000000000002,22,14,0.6111111111111112,0.5641025641025641,0.5866666666666667,0.14666666666666667,4,0.05,1.0,0.55
R4,10,0.15000000000000002,22,18,0.55,0.5641025641025641,0.5569620253164557,0.14666666666666667,4,0.1,0.5,0.55
R4,10,0.15000000000000002,22,15,0.5945945945945946,0.5641025641025641,0.5789473684210528,0.14666666666666667,4,0.1,0.6,0.55
R4,10,0.15000000000000002,22,14,0.6111111111111112,0.5641025641025641,0.5866666666666667,0.14666666666666667,4,0.1,0.7,0.55
R4,10,0.15000000000000002,22,14,0.6111111111111112,0.5641025641025641,0.5866666666666667,0.14666666666666667,4,0.1,0.8,0.55
R4,10,0.15000000000000002,22,14,0.6111111111111112,0.5641025641025641,0.5866666666666667,0.14666666666666667,4,0.1,0.9,0.55
R4,10,0.15000000000000002,22,14,0.6111111111111112,0.5641025641025641,0.5866666666666667,0.14666666666666667,4,0.1,1.0,0.55
R4,10,0.15000000000000002,19,12,0.6129032258064516,0.48717948717948717,0.5428571428571428,0.12666666666666668,4,0.0,0.5,0.6
R4,10,0.15000000000000002,19,10,0.6551724137931034,0.48717948717948717,0.5588235294117647,0.12666666666666668,4,0.0,0.6,0.6
R4,10,0.15000000000000002,19,10,0.6551724137931034,0.48717948717948717,0.5588235294117647,0.12666666666666668,4,0.0,0.7,0.6
R4,10,0.15000000000000002,19,10,0.6551724137931034,0.48717948717948717,0.5588235294117647,0.12666666666666668,4,0.0,0.8,0.6
R4,10,0.15000000000000002,19,10,0.6551724137931034,0.48717948717948717,0.5588235294117647,0.12666666666666668,4,0.0,0.9,0.6
R4,10,0.15000000000000002,19,10,0.6551724137931034,0.48717948717948717,0.5588235294117647,0.12666666666666668,4,0.0,1.0,0.6
R4,10,0.15000000000000002,19,12,0.6129032258064516,0.48717948717948717,0.5428571428571428,0.12666666666666668,4,0.05,0.5,0.6
R4,10,0.15000000000000002,19,10,0.6551724137931034,0.48717948717948717,0.5588235294117647,0.12666666666666668,4,0.05,0.6,0.6
R4,10,0.15000000000000002,19,10,0.6551724137931034,0.48717948717948717,0.5588235294117647,0.12666666666666668,4,0.05,0.7,0.6
R4,10,0.15000000000000002,19,10,0.6551724137931034,0.48717948717948717,0.5588235294117647,0.12666666666666668,4,0.05,0.8,0.6
R4,10,0.15000000000000002,19,10,0.6551724137931034,0.48717948717948717,0.5588235294117647,0.12666666666666668,4,0.05,0.9,0.6
R4,10,0.15000000000000002,19,10,0.6551724137931034,0.48717948717948717,0.5588235294117647,0.12666666666666668,4,0.05,1.0,0.6
R4,10,0.15000000000000002,19,12,0.6129032258064516,0.48717948717948717,0.5428571428571428,0.12666666666666668,4,0.1,0.5,0.6
R4,10,0.15000000000000002,19,10,0.6551724137931034,0.48717948717948717,0.5588235294117647,0.12666666666666668,4,0.1,0.6,0.6
R4,10,0.15000000000000002,19,10,0.6551724137931034,0.48717948717948717,0.5588235294117647,0.12666666666666668,4,0.1,0.7,0.6
R4,10,0.15000000000000002,19,10,0.6551724137931034,0.48717948717948717,0.5588235294117647,0.12666666666666668,4,0.1,0.8,0.6
R4,10,0.15000000000000002,19,10,0.6551724137931034,0.48717948717948717,0.5588235294117647,0.12666666666666668,4,0.1,0.9,0.6
R4,10,0.15000000000000002,19,10,0.6551724137931034,0.48717948717948717,0.5588235294117647,0.12666666666666668,4,0.1,1.0,0.6
R4,10,0.15000000000000002,19,9,0.6785714285714286,0.48717948717948717,0.5671641791044776,0.12666666666666668,4,0.0,0.5,0.6499999999999999
R4,10,0.15000000000000002,19,8,0.7037037037037037,0.48717948717948717,0.5757575757575758,0.12666666666666668,4,0.0,0.6,0.6499999999999999
R4,10,0.15000000000000002,19,8,0.7037037037037037,0.48717948717948717,0.5757575757575758,0.12666666666666668,4,0.0,0.7,0.6499999999999999
R4,10,0.15000000000000002,19,8,0.7037037037037037,0.48717948717948717,0.5757575757575758,0.12666666666666668,4,0.0,0.8,0.6499999999999999
R4,10,0.15000000000000002,19,8,0.7037037037037037,0.48717948717948717,0.5757575757575758,0.12666666666666668,4,0.0,0.9,0.6499999999999999
R4,10,0.15000000000000002,19,8,0.7037037037037037,0.48717948717948717,0.5757575757575758,0.12666666666666668,4,0.0,1.0,0.6499999999999999
R4,10,0.15000000000000002,19,9,0.6785714285714286,0.48717948717948717,0.5671641791044776,0.12666666666666668,4,0.05,0.5,0.6499999999999999
R4,10,0.15000000000000002,19,8,0.7037037037037037,0.48717948717948717,0.5757575757575758,0.12666666666666668,4,0.05,0.6,0.6499999999999999
R4,10,0.15000000000000002,19,8,0.7037037037037037,0.48717948717948717,0.5757575757575758,0.12666666666666668,4,0.05,0.7,0.6499999999999999
R4,10,0.15000000000000002,19,8,0.7037037037037037,0.48717948717948717,0.5757575757575758,0.12666666666666668,4,0.05,0.8,0.6499999999999999
R4,10,0.15000000000000002,19,8,0.7037037037037037,0.48717948717948717,0.5757575757575758,0.12666666666666668,4,0.05,0.9,0.6499999999999999
R4,10,0.15000000000000002,19,8,0.7037037037037037,0.48717948717948717,0.5757575757575758,0.12666666666666668,4,0.05,1.0,0.6499999999999999
R4,10,0.15000000000000002,19,9,0.6785714285714286,0.48717948717948717,0.5671641791044776,0.12666666666666668,4,0.1,0.5,0.6499999999999999
R4,10,0.15000000000000002,19,8,0.7037037037037037,0.48717948717948717,0.5757575757575758,0.12666666666666668,4,0.1,0.6,0.6499999999999999
R4,10,0.15000000000000002,19,8,0.7037037037037037,0.48717948717948717,0.5757575757575758,0.12666666666666668,4,0.1,0.7,0.6499999999999999
R4,10,0.15000000000000002,19,8,0.7037037037037037,0.48717948717948717,0.5757575757575758,0.12666666666666668,4,0.1,0.8,0.6499999999999999
R4,10,0.15000000000000002,19,8,0.7037037037037037,0.48717948717948717,0.5757575757575758,0.12666666666666668,4,0.1,0.9,0.6499999999999999
R4,10,0.15000000000000002,19,8,0.7037037037037037,0.48717948717948717,0.5757575757575758,0.12666666666666668,4,0.1,1.0,0.6499999999999999
R4,10,0.15000000000000002,19,8,0.7037037037037037,0.48717948717948717,0.5757575757575758,0.12666666666666668,4,0.0,0.5,0.7
R4,10,0.15000000000000002,19,7,0.7307692307692307,0.48717948717948717,0.5846153846153846,0.12666666666666668,4,0.0,0.6,0.7
R4,10,0.15000000000000002,19,7,0.7307692307692307,0.48717948717948717,0.5846153846153846,0.12666666666666668,4,0.0,0.7,0.7
R4,10,0.15000000000000002,19,7,0.7307692307692307,0.48717948717948717,0.5846153846153846,0.12666666666666668,4,0.0,0.8,0.7
R4,10,0.15000000000000002,19,7,0.7307692307692307,0.48717948717948717,0.5846153846153846,0.12666666666666668,4,0.0,0.9,0.7
R4,10,0.15000000000000002,19,7,0.7307692307692307,0.48717948717948717,0.5846153846153846,0.12666666666666668,4,0.0,1.0,0.7
R4,10,0.15000000000000002,19,8,0.7037037037037037,0.48717948717948717,0.5757575757575758,0.12666666666666668,4,0.05,0.5,0.7
R4,10,0.15000000000000002,19,7,0.7307692307692307,0.48717948717948717,0.5846153846153846,0.12666666666666668,4,0.05,0.6,0.7
R4,10,0.15000000000000002,19,7,0.7307692307692307,0.48717948717948717,0.5846153846153846,0.12666666666666668,4,0.05,0.7,0.7
R4,10,0.15000000000000002,19,7,0.7307692307692307,0.48717948717948717,0.5846153846153846,0.12666666666666668,4,0.05,0.8,0.7
R4,10,0.15000000000000002,19,7,0.7307692307692307,0.48717948717948717,0.5846153846153846,0.12666666666666668,4,0.05,0.9,0.7
R4,10,0.15000000000000002,19,7,0.7307692307692307,0.48717948717948717,0.5846153846153846,0.12666666666666668,4,0.05,1.0,0.7
R4,10,0.15000000000000002,19,8,0.7037037037037037,0.48717948717948717,0.5757575757575758,0.12666666666666668,4,0.1,0.5,0.7
R4,10,0.15000000000000002,19,7,0.7307692307692307,0.48717948717948717,0.5846153846153846,0.12666666666666668,4,0.1,0.6,0.7
R4,10,0.15000000000000002,19,7,0.7307692307692307,0.48717948717948717,0.5846153846153846,0.12666666666666668,4,0.1,0.7,0.7
R4,10,0.15000000000000002,19,7,0.7307692307692307,0.48717948717948717,0.5846153846153846,0.12666666666666668,4,0.1,0.8,0.7
R4,10,0.15000000000000002,19,7,0.7307692307692307,0.48717948717948717,0.5846153846153846,0.12666666666666668,4,0.1,0.9,0.7
R4,10,0.15000000000000002,19,7,0.7307692307692307,0.48717948717948717,0.5846153846153846,0.12666666666666668,4,0.1,1.0,0.7
R4,10,0.175,29,33,0.46774193548387094,0.7435897435897436,0.5742574257425742,0.19333333333333333,4,0.0,0.5,0.4
R4,10,0.175,29,30,0.4915254237288136,0.7435897435897436,0.5918367346938775,0.19333333333333333,4,0.0,0.6,0.4
R4,10,0.175,29,29,0.5,0.7435897435897436,0.5979381443298969,0.19333333333333333,4,0.0,0.7,0.4
R4,10,0.175,28,28,0.5,0.717948717948718,0.5894736842105263,0.18666666666666668,4,0.0,0.8,0.4
R4,10,0.175,27,28,0.4909090909090909,0.6923076923076923,0.5744680851063829,0.18,4,0.0,0.9,0.4
R4,10,0.175,27,28,0.4909090909090909,0.6923076923076923,0.5744680851063829,0.18,4,0.0,1.0,0.4
R4,10,0.175,29,33,0.46774193548387094,0.7435897435897436,0.5742574257425742,0.19333333333333333,4,0.05,0.5,0.4
R4,10,0.175,29,30,0.4915254237288136,0.7435897435897436,0.5918367346938775,0.19333333333333333,4,0.05,0.6,0.4
R4,10,0.175,29,29,0.5,0.7435897435897436,0.5979381443298969,0.19333333333333333,4,0.05,0.7,0.4
R4,10,0.175,28,28,0.5,0.717948717948718,0.5894736842105263,0.18666666666666668,4,0.05,0.8,0.4
R4,10,0.175,27,28,0.4909090909090909,0.6923076923076923,0.5744680851063829,0.18,4,0.05,0.9,0.4
R4,10,0.175,27,28,0.4909090909090909,0.6923076923076923,0.5744680851063829,0.18,4,0.05,1.0,0.4
R4,10,0.175,29,33,0.46774193548387094,0.7435897435897436,0.5742574257425742,0.19333333333333333,4,0.1,0.5,0.4
R4,10,0.175,29,30,0.4915254237288136,0.7435897435897436,0.5918367346938775,0.19333333333333333,4,0.1,0.6,0.4
R4,10,0.175,29,29,0.5,0.7435897435897436,0.5979381443298969,0.19333333333333333,4,0.1,0.7,0.4
R4,10,0.175,28,28,0.5,0.717948717948718,0.5894736842105263,0.18666666666666668,4,0.1,0.8,0.4
R4,10,0.175,27,28,0.4909090909090909,0.6923076923076923,0.5744680851063829,0.18,4,0.1,0.9,0.4
R4,10,0.175,27,28,0.4909090909090909,0.6923076923076923,0.5744680851063829,0.18,4,0.1,1.0,0.4
R4,10,0.175,26,31,0.45614035087719296,0.6666666666666666,0.5416666666666666,0.17333333333333334,4,0.0,0.5,0.45
R4,10,0.175,26,28,0.48148148148148145,0.6666666666666666,0.5591397849462365,0.17333333333333334,4,0.0,0.6,0.45
R4,10,0.175,26,27,0.49056603773584906,0.6666666666666666,0.5652173913043478,0.17333333333333334,4,0.0,0.7,0.45
R4,10,0.175,26,26,0.5,0.6666666666666666,0.5714285714285715,0.17333333333333334,4,0.0,0.8,0.45
R4,10,0.175,26,26,0.5,0.6666666666666666,0.5714285714285715,0.17333333333333334,4,0.0,0.9,0.45
R4,10,0.175,26,26,0.5,0.6666666666666666,0.5714285714285715,0.17333333333333334,4,0.0,1.0,0.45
R4,10,0.175,26,31,0.45614035087719296,0.6666666666666666,0.5416666666666666,0.17333333333333334,4,0.05,0.5,0.45
R4,10,0.175,26,28,0.48148148148148145,0.6666666666666666,0.5591397849462365,0.17333333333333334,4,0.05,0.6,0.45
R4,10,0.175,26,27,0.49056603773584906,0.6666666666666666,0.5652173913043478,0.17333333333333334,4,0.05,0.7,0.45
R4,10,0.175,26,26,0.5,0.6666666666666666,0.5714285714285715,0.17333333333333334,4,0.05,0.8,0.45
R4,10,0.175,26,26,0.5,0.6666666666666666,0.5714285714285715,0.17333333333333334,4,0.05,0.9,0.45
R4,10,0.175,26,26,0.5,0.6666666666666666,0.5714285714285715,0.17333333333333334,4,0.05,1.0,0.45
R4,10,0.175,26,31,0.45614035087719296,0.6666666666666666,0.5416666666666666,0.17333333333333334,4,0.1,0.5,0.45
R4,10,0.175,26,28,0.48148148148148145,0.6666666666666666,0.5591397849462365,0.17333333333333334,4,0.1,0.6,0.45
R4,10,0.175,26,27,0.49056603773584906,0.6666666666666666,0.5652173913043478,0.17333333333333334,4,0.1,0.7,0.45
R4,10,0.175,26,26,0.5,0.6666666666666666,0.5714285714285715,0.17333333333333334,4,0.1,0.8,0.45
R4,10,0.175,26,26,0.5,0.6666666666666666,0.5714285714285715,0.17333333333333334,4,0.1,0.9,0.45
R4,10,0.175,26,26,0.5,0.6666666666666666,0.5714285714285715,0.17333333333333334,4,0.1,1.0,0.45
R4,10,0.175,24,25,0.4897959183673469,0.6153846153846154,0.5454545454545454,0.16,4,0.0,0.5,0.5
R4,10,0.175,24,22,0.5217391304347826,0.6153846153846154,0.5647058823529412,0.16,4,0.0,0.6,0.5
R4,10,0.175,24,21,0.5333333333333333,0.6153846153846154,0.5714285714285715,0.16,4,0.0,0.7,0.5
R4,10,0.175,24,20,0.5454545454545454,0.6153846153846154,0.5783132530120482,0.16,4,0.0,0.8,0.5
R4,10,0.175,24,20,0.5454545454545454,0.6153846153846154,0.5783132530120482,0.16,4,0.0,0.9,0.5
R4,10,0.175,24,20,0.5454545454545454,0.6153846153846154,0.5783132530120482,0.16,4,0.0,1.0,0.5
R4,10,0.175,24,25,0.4897959183673469,0.6153846153846154,0.5454545454545454,0.16,4,0.05,0.5,0.5
R4,10,0.175,24,22,0.5217391304347826,0.6153846153846154,0.5647058823529412,0.16,4,0.05,0.6,0.5
R4,10,0.175,24,21,0.5333333333333333,0.6153846153846154,0.5714285714285715,0.16,4,0.05,0.7,0.5
R4,10,0.175,24,20,0.5454545454545454,0.6153846153846154,0.5783132530120482,0.16,4,0.05,0.8,0.5
R4,10,0.175,24,20,0.5454545454545454,0.6153846153846154,0.5783132530120482,0.16,4,0.05,0.9,0.5
R4,10,0.175,24,20,0.5454545454545454,0.6153846153846154,0.5783132530120482,0.16,4,0.05,1.0,0.5
R4,10,0.175,24,25,0.4897959183673469,0.6153846153846154,0.5454545454545454,0.16,4,0.1,0.5,0.5
R4,10,0.175,24,22,0.5217391304347826,0.6153846153846154,0.5647058823529412,0.16,4,0.1,0.6,0.5
R4,10,0.175,24,21,0.5333333333333333,0.6153846153846154,0.5714285714285715,0.16,4,0.1,0.7,0.5
R4,10,0.175,24,20,0.5454545454545454,0.6153846153846154,0.5783132530120482,0.16,4,0.1,0.8,0.5
R4,10,0.175,24,20,0.5454545454545454,0.6153846153846154,0.5783132530120482,0.16,4,0.1,0.9,0.5
R4,10,0.175,24,20,0.5454545454545454,0.6153846153846154,0.5783132530120482,0.16,4,0.1,1.0,0.5
R4,10,0.175,23,18,0.5609756097560976,0.5897435897435898,0.575,0.15333333333333332,4,0.0,0.5,0.55
R4,10,0.175,23,15,0.6052631578947368,0.5897435897435898,0.5974025974025974,0.15333333333333332,4,0.0,0.6,0.55
R4,10,0.175,23,14,0.6216216216216216,0.5897435897435898,0.6052631578947368,0.15333333333333332,4,0.0,0.7,0.55
R4,10,0.175,23,14,0.6216216216216216,0.5897435897435898,0.6052631578947368,0.15333333333333332,4,0.0,0.8,0.55
R4,10,0.175,23,14,0.6216216216216216,0.5897435897435898,0.6052631578947368,0.15333333333333332,4,0.0,0.9,0.55
R4,10,0.175,23,14,0.6216216216216216,0.5897435897435898,0.6052631578947368,0.15333333333333332,4,0.0,1.0,0.55
R4,10,0.175,23,18,0.5609756097560976,0.5897435897435898,0.575,0.15333333333333332,4,0.05,0.5,0.55
R4,10,0.175,23,15,0.6052631578947368,0.5897435897435898,0.5974025974025974,0.15333333333333332,4,0.05,0.6,0.55
R4,10,0.175,23,14,0.6216216216216216,0.5897435897435898,0.6052631578947368,0.15333333333333332,4,0.05,0.7,0.55
R4,10,0.175,23,14,0.6216216216216216,0.5897435897435898,0.6052631578947368,0.15333333333333332,4,0.05,0.8,0.55
R4,10,0.175,23,14,0.6216216216216216,0.5897435897435898,0.6052631578947368,0.15333333333333332,4,0.05,0.9,0.55
R4,10,0.175,23,14,0.6216216216216216,0.5897435897435898,0.6052631578947368,0.15333333333333332,4,0.05,1.0,0.55
R4,10,0.175,23,18,0.5609756097560976,0.5897435897435898,0.575,0.15333333333333332,4,0.1,0.5,0.55
R4,10,0.175,23,15,0.6052631578947368,0.5897435897435898,0.5974025974025974,0.15333333333333332,4,0.1,0.6,0.55
R4,10,0.175,23,14,0.6216216216216216,0.5897435897435898,0.6052631578947368,0.15333333333333332,4,0.1,0.7,0.55
R4,10,0.175,23,14,0.6216216216216216,0.5897435897435898,0.6052631578947368,0.15333333333333332,4,0.1,0.8,0.55
R4,10,0.175,23,14,0.6216216216216216,0.5897435897435898,0.6052631578947368,0.15333333333333332,4,0.1,0.9,0.55
R4,10,0.175,23,14,0.6216216216216216,0.5897435897435898,0.6052631578947368,0.15333333333333332,4,0.1,1.0,0.55
R4,10,0.175,20,12,0.625,0.5128205128205128,0.5633802816901409,0.13333333333333333,4,0.0,0.5,0.6
R4,10,0.175,20,10,0.6666666666666666,0.5128205128205128,0.5797101449275363,0.13333333333333333,4,0.0,0.6,0.6
R4,10,0.175,20,10,0.6666666666666666,0.5128205128205128,0.5797101449275363,0.13333333333333333,4,0.0,0.7,0.6
R4,10,0.175,20,10,0.6666666666666666,0.5128205128205128,0.5797101449275363,0.13333333333333333,4,0.0,0.8,0.6
R4,10,0.175,20,10,0.6666666666666666,0.5128205128205128,0.5797101449275363,0.13333333333333333,4,0.0,0.9,0.6
R4,10,0.175,20,10,0.6666666666666666,0.5128205128205128,0.5797101449275363,0.13333333333333333,4,0.0,1.0,0.6
R4,10,0.175,20,12,0.625,0.5128205128205128,0.5633802816901409,0.13333333333333333,4,0.05,0.5,0.6
R4,10,0.175,20,10,0.6666666666666666,0.5128205128205128,0.5797101449275363,0.13333333333333333,4,0.05,0.6,0.6
R4,10,0.175,20,10,0.6666666666666666,0.5128205128205128,0.5797101449275363,0.13333333333333333,4,0.05,0.7,0.6
R4,10,0.175,20,10,0.6666666666666666,0.5128205128205128,0.5797101449275363,0.13333333333333333,4,0.05,0.8,0.6
R4,10,0.175,20,10,0.6666666666666666,0.5128205128205128,0.5797101449275363,0.13333333333333333,4,0.05,0.9,0.6
R4,10,0.175,20,10,0.6666666666666666,0.5128205128205128,0.5797101449275363,0.13333333333333333,4,0.05,1.0,0.6
R4,10,0.175,20,12,0.625,0.5128205128205128,0.5633802816901409,0.13333333333333333,4,0.1,0.5,0.6
R4,10,0.175,20,10,0.6666666666666666,0.5128205128205128,0.5797101449275363,0.13333333333333333,4,0.1,0.6,0.6
R4,10,0.175,20,10,0.6666666666666666,0.5128205128205128,0.5797101449275363,0.13333333333333333,4,0.1,0.7,0.6
R4,10,0.175,20,10,0.6666666666666666,0.5128205128205128,0.5797101449275363,0.13333333333333333,4,0.1,0.8,0.6
R4,10,0.175,20,10,0.6666666666666666,0.5128205128205128,0.5797101449275363,0.13333333333333333,4,0.1,0.9,0.6
R4,10,0.175,20,10,0.6666666666666666,0.5128205128205128,0.5797101449275363,0.13333333333333333,4,0.1,1.0,0.6
R4,10,0.175,20,9,0.6896551724137931,0.5128205128205128,0.5882352941176471,0.13333333333333333,4,0.0,0.5,0.6499999999999999
R4,10,0.175,20,8,0.7142857142857143,0.5128205128205128,0.5970149253731343,0.13333333333333333,4,0.0,0.6,0.6499999999999999
R4,10,0.175,20,8,0.7142857142857143,0.5128205128205128,0.5970149253731343,0.13333333333333333,4,0.0,0.7,0.6499999999999999
R4,10,0.175,20,8,0.7142857142857143,0.5128205128205128,0.5970149253731343,0.13333333333333333,4,0.0,0.8,0.6499999999999999
R4,10,0.175,20,8,0.7142857142857143,0.5128205128205128,0.5970149253731343,0.13333333333333333,4,0.0,0.9,0.6499999999999999
R4,10,0.175,20,8,0.7142857142857143,0.5128205128205128,0.5970149253731343,0.13333333333333333,4,0.0,1.0,0.6499999999999999
R4,10,0.175,20,9,0.6896551724137931,0.5128205128205128,0.5882352941176471,0.13333333333333333,4,0.05,0.5,0.6499999999999999
R4,10,0.175,20,8,0.7142857142857143,0.5128205128205128,0.5970149253731343,0.13333333333333333,4,0.05,0.6,0.6499999999999999
R4,10,0.175,20,8,0.7142857142857143,0.5128205128205128,0.5970149253731343,0.13333333333333333,4,0.05,0.7,0.6499999999999999
R4,10,0.175,20,8,0.7142857142857143,0.5128205128205128,0.5970149253731343,0.13333333333333333,4,0.05,0.8,0.6499999999999999
R4,10,0.175,20,8,0.7142857142857143,0.5128205128205128,0.5970149253731343,0.13333333333333333,4,0.05,0.9,0.6499999999999999
R4,10,0.175,20,8,0.7142857142857143,0.5128205128205128,0.5970149253731343,0.13333333333333333,4,0.05,1.0,0.6499999999999999
R4,10,0.175,20,9,0.6896551724137931,0.5128205128205128,0.5882352941176471,0.13333333333333333,4,0.1,0.5,0.6499999999999999
R4,10,0.175,20,8,0.7142857142857143,0.5128205128205128,0.5970149253731343,0.13333333333333333,4,0.1,0.6,0.6499999999999999
R4,10,0.175,20,8,0.7142857142857143,0.5128205128205128,0.5970149253731343,0.13333333333333333,4,0.1,0.7,0.6499999999999999
R4,10,0.175,20,8,0.7142857142857143,0.5128205128205128,0.5970149253731343,0.13333333333333333,4,0.1,0.8,0.6499999999999999
R4,10,0.175,20,8,0.7142857142857143,0.5128205128205128,0.5970149253731343,0.13333333333333333,4,0.1,0.9,0.6499999999999999
R4,10,0.175,20,8,0.7142857142857143,0.5128205128205128,0.5970149253731343,0.13333333333333333,4,0.1,1.0,0.6499999999999999
R4,10,0.175,20,8,0.7142857142857143,0.5128205128205128,0.5970149253731343,0.13333333333333333,4,0.0,0.5,0.7
R4,10,0.175,20,7,0.7407407407407407,0.5128205128205128,0.6060606060606061,0.13333333333333333,4,0.0,0.6,0.7
R4,10,0.175,20,7,0.7407407407407407,0.5128205128205128,0.6060606060606061,0.13333333333333333,4,0.0,0.7,0.7
R4,10,0.175,20,7,0.7407407407407407,0.5128205128205128,0.6060606060606061,0.13333333333333333,4,0.0,0.8,0.7
R4,10,0.175,20,7,0.7407407407407407,0.5128205128205128,0.6060606060606061,0.13333333333333333,4,0.0,0.9,0.7
R4,10,0.175,20,7,0.7407407407407407,0.5128205128205128,0.6060606060606061,0.13333333333333333,4,0.0,1.0,0.7
R4,10,0.175,20,8,0.7142857142857143,0.5128205128205128,0.5970149253731343,0.13333333333333333,4,0.05,0.5,0.7
R4,10,0.175,20,7,0.7407407407407407,0.5128205128205128,0.6060606060606061,0.13333333333333333,4,0.05,0.6,0.7
R4,10,0.175,20,7,0.7407407407407407,0.5128205128205128,0.6060606060606061,0.13333333333333333,4,0.05,0.7,0.7
R4,10,0.175,20,7,0.7407407407407407,0.5128205128205128,0.6060606060606061,0.13333333333333333,4,0.05,0.8,0.7
R4,10,0.175,20,7,0.7407407407407407,0.5128205128205128,0.6060606060606061,0.13333333333333333,4,0.05,0.9,0.7
R4,10,0.175,20,7,0.7407407407407407,0.5128205128205128,0.6060606060606061,0.13333333333333333,4,0.05,1.0,0.7
R4,10,0.175,20,8,0.7142857142857143,0.5128205128205128,0.5970149253731343,0.13333333333333333,4,0.1,0.5,0.7
R4,10,0.175,20,7,0.7407407407407407,0.5128205128205128,0.6060606060606061,0.13333333333333333,4,0.1,0.6,0.7
R4,10,0.175,20,7,0.7407407407407407,0.5128205128205128,0.6060606060606061,0.13333333333333333,4,0.1,0.7,0.7
R4,10,0.175,20,7,0.7407407407407407,0.5128205128205128,0.6060606060606061,0.13333333333333333,4,0.1,0.8,0.7
R4,10,0.175,20,7,0.7407407407407407,0.5128205128205128,0.6060606060606061,0.13333333333333333,4,0.1,0.9,0.7
R4,10,0.175,20,7,0.7407407407407407,0.5128205128205128,0.6060606060606061,0.13333333333333333,4,0.1,1.0,0.7
R4,10,0.2,29,33,0.46774193548387094,0.7435897435897436,0.5742574257425742,0.19333333333333333,4,0.0,0.5,0.4
R4,10,0.2,29,30,0.4915254237288136,0.7435897435897436,0.5918367346938775,0.19333333333333333,4,0.0,0.6,0.4
R4,10,0.2,29,29,0.5,0.7435897435897436,0.5979381443298969,0.19333333333333333,4,0.0,0.7,0.4
R4,10,0.2,28,28,0.5,0.717948717948718,0.5894736842105263,0.18666666666666668,4,0.0,0.8,0.4
R4,10,0.2,27,28,0.4909090909090909,0.6923076923076923,0.5744680851063829,0.18,4,0.0,0.9,0.4
R4,10,0.2,27,28,0.4909090909090909,0.6923076923076923,0.5744680851063829,0.18,4,0.0,1.0,0.4
R4,10,0.2,29,33,0.46774193548387094,0.7435897435897436,0.5742574257425742,0.19333333333333333,4,0.05,0.5,0.4
R4,10,0.2,29,30,0.4915254237288136,0.7435897435897436,0.5918367346938775,0.19333333333333333,4,0.05,0.6,0.4
R4,10,0.2,29,29,0.5,0.7435897435897436,0.5979381443298969,0.19333333333333333,4,0.05,0.7,0.4
R4,10,0.2,28,28,0.5,0.717948717948718,0.5894736842105263,0.18666666666666668,4,0.05,0.8,0.4
R4,10,0.2,27,28,0.4909090909090909,0.6923076923076923,0.5744680851063829,0.18,4,0.05,0.9,0.4
R4,10,0.2,27,28,0.4909090909090909,0.6923076923076923,0.5744680851063829,0.18,4,0.05,1.0,0.4
R4,10,0.2,29,33,0.46774193548387094,0.7435897435897436,0.5742574257425742,0.19333333333333333,4,0.1,0.5,0.4
R4,10,0.2,29,30,0.4915254237288136,0.7435897435897436,0.5918367346938775,0.19333333333333333,4,0.1,0.6,0.4
R4,10,0.2,29,29,0.5,0.7435897435897436,0.5979381443298969,0.19333333333333333,4,0.1,0.7,0.4
R4,10,0.2,28,28,0.5,0.717948717948718,0.5894736842105263,0.18666666666666668,4,0.1,0.8,0.4
R4,10,0.2,27,28,0.4909090909090909,0.6923076923076923,0.5744680851063829,0.18,4,0.1,0.9,0.4
R4,10,0.2,27,28,0.4909090909090909,0.6923076923076923,0.5744680851063829,0.18,4,0.1,1.0,0.4
R4,10,0.2,26,31,0.45614035087719296,0.6666666666666666,0.5416666666666666,0.17333333333333334,4,0.0,0.5,0.45
R4,10,0.2,26,28,0.48148148148148145,0.6666666666666666,0.5591397849462365,0.17333333333333334,4,0.0,0.6,0.45
R4,10,0.2,26,27,0.49056603773584906,0.6666666666666666,0.5652173913043478,0.17333333333333334,4,0.0,0.7,0.45
R4,10,0.2,26,26,0.5,0.6666666666666666,0.5714285714285715,0.17333333333333334,4,0.0,0.8,0.45
R4,10,0.2,26,26,0.5,0.6666666666666666,0.5714285714285715,0.17333333333333334,4,0.0,0.9,0.45
R4,10,0.2,26,26,0.5,0.6666666666666666,0.5714285714285715,0.17333333333333334,4,0.0,1.0,0.45
R4,10,0.2,26,31,0.45614035087719296,0.6666666666666666,0.5416666666666666,0.17333333333333334,4,0.05,0.5,0.45
R4,10,0.2,26,28,0.48148148148148145,0.6666666666666666,0.5591397849462365,0.17333333333333334,4,0.05,0.6,0.45
R4,10,0.2,26,27,0.49056603773584906,0.6666666666666666,0.5652173913043478,0.17333333333333334,4,0.05,0.7,0.45
R4,10,0.2,26,26,0.5,0.6666666666666666,0.5714285714285715,0.17333333333333334,4,0.05,0.8,0.45
R4,10,0.2,26,26,0.5,0.6666666666666666,0.5714285714285715,0.17333333333333334,4,0.05,0.9,0.45
R4,10,0.2,26,26,0.5,0.6666666666666666,0.5714285714285715,0.17333333333333334,4,0.05,1.0,0.45
R4,10,0.2,26,31,0.45614035087719296,0.6666666666666666,0.5416666666666666,0.17333333333333334,4,0.1,0.5,0.45
R4,10,0.2,26,28,0.48148148148148145,0.6666666666666666,0.5591397849462365,0.17333333333333334,4,0.1,0.6,0.45
R4,10,0.2,26,27,0.49056603773584906,0.6666666666666666,0.5652173913043478,0.17333333333333334,4,0.1,0.7,0.45
R4,10,0.2,26,26,0.5,0.6666666666666666,0.5714285714285715,0.17333333333333334,4,0.1,0.8,0.45
R4,10,0.2,26,26,0.5,0.6666666666666666,0.5714285714285715,0.17333333333333334,4,0.1,0.9,0.45
R4,10,0.2,26,26,0.5,0.6666666666666666,0.5714285714285715,0.17333333333333334,4,0.1,1.0,0.45
R4,10,0.2,24,25,0.4897959183673469,0.6153846153846154,0.5454545454545454,0.16,4,0.0,0.5,0.5
R4,10,0.2,24,22,0.5217391304347826,0.6153846153846154,0.5647058823529412,0.16,4,0.0,0.6,0.5
R4,10,0.2,24,21,0.5333333333333333,0.6153846153846154,0.5714285714285715,0.16,4,0.0,0.7,0.5
R4,10,0.2,24,20,0.5454545454545454,0.6153846153846154,0.5783132530120482,0.16,4,0.0,0.8,0.5
R4,10,0.2,24,20,0.5454545454545454,0.6153846153846154,0.5783132530120482,0.16,4,0.0,0.9,0.5
R4,10,0.2,24,20,0.5454545454545454,0.6153846153846154,0.5783132530120482,0.16,4,0.0,1.0,0.5
R4,10,0.2,24,25,0.4897959183673469,0.6153846153846154,0.5454545454545454,0.16,4,0.05,0.5,0.5
R4,10,0.2,24,22,0.5217391304347826,0.6153846153846154,0.5647058823529412,0.16,4,0.05,0.6,0.5
R4,10,0.2,24,21,0.5333333333333333,0.6153846153846154,0.5714285714285715,0.16,4,0.05,0.7,0.5
R4,10,0.2,24,20,0.5454545454545454,0.6153846153846154,0.5783132530120482,0.16,4,0.05,0.8,0.5
R4,10,0.2,24,20,0.5454545454545454,0.6153846153846154,0.5783132530120482,0.16,4,0.05,0.9,0.5
R4,10,0.2,24,20,0.5454545454545454,0.6153846153846154,0.5783132530120482,0.16,4,0.05,1.0,0.5
R4,10,0.2,24,25,0.4897959183673469,0.6153846153846154,0.5454545454545454,0.16,4,0.1,0.5,0.5
R4,10,0.2,24,22,0.5217391304347826,0.6153846153846154,0.5647058823529412,0.16,4,0.1,0.6,0.5
R4,10,0.2,24,21,0.5333333333333333,0.6153846153846154,0.5714285714285715,0.16,4,0.1,0.7,0.5
R4,10,0.2,24,20,0.5454545454545454,0.6153846153846154,0.5783132530120482,0.16,4,0.1,0.8,0.5
R4,10,0.2,24,20,0.5454545454545454,0.6153846153846154,0.5783132530120482,0.16,4,0.1,0.9,0.5
R4,10,0.2,24,20,0.5454545454545454,0.6153846153846154,0.5783132530120482,0.16,4,0.1,1.0,0.5
R4,10,0.2,23,18,0.5609756097560976,0.5897435897435898,0.575,0.15333333333333332,4,0.0,0.5,0.55
R4,10,0.2,23,15,0.6052631578947368,0.5897435897435898,0.5974025974025974,0.15333333333333332,4,0.0,0.6,0.55
R4,10,0.2,23,14,0.6216216216216216,0.5897435897435898,0.6052631578947368,0.15333333333333332,4,0.0,0.7,0.55
R4,10,0.2,23,14,0.6216216216216216,0.5897435897435898,0.6052631578947368,0.15333333333333332,4,0.0,0.8,0.55
R4,10,0.2,23,14,0.6216216216216216,0.5897435897435898,0.6052631578947368,0.15333333333333332,4,0.0,0.9,0.55
R4,10,0.2,23,14,0.6216216216216216,0.5897435897435898,0.6052631578947368,0.15333333333333332,4,0.0,1.0,0.55
R4,10,0.2,23,18,0.5609756097560976,0.5897435897435898,0.575,0.15333333333333332,4,0.05,0.5,0.55
R4,10,0.2,23,15,0.6052631578947368,0.5897435897435898,0.5974025974025974,0.15333333333333332,4,0.05,0.6,0.55
R4,10,0.2,23,14,0.6216216216216216,0.5897435897435898,0.6052631578947368,0.15333333333333332,4,0.05,0.7,0.55
R4,10,0.2,23,14,0.6216216216216216,0.5897435897435898,0.6052631578947368,0.15333333333333332,4,0.05,0.8,0.55
R4,10,0.2,23,14,0.6216216216216216,0.5897435897435898,0.6052631578947368,0.15333333333333332,4,0.05,0.9,0.55
R4,10,0.2,23,14,0.6216216216216216,0.5897435897435898,0.6052631578947368,0.15333333333333332,4,0.05,1.0,0.55
R4,10,0.2,23,18,0.5609756097560976,0.5897435897435898,0.575,0.15333333333333332,4,0.1,0.5,0.55
R4,10,0.2,23,15,0.6052631578947368,0.5897435897435898,0.5974025974025974,0.15333333333333332,4,0.1,0.6,0.55
R4,10,0.2,23,14,0.6216216216216216,0.5897435897435898,0.6052631578947368,0.15333333333333332,4,0.1,0.7,0.55
R4,10,0.2,23,14,0.6216216216216216,0.5897435897435898,0.6052631578947368,0.15333333333333332,4,0.1,0.8,0.55
R4,10,0.2,23,14,0.6216216216216216,0.5897435897435898,0.6052631578947368,0.15333333333333332,4,0.1,0.9,0.55
R4,10,0.2,23,14,0.6216216216216216,0.5897435897435898,0.6052631578947368,0.15333333333333332,4,0.1,1.0,0.55
R4,10,0.2,20,12,0.625,0.5128205128205128,0.5633802816901409,0.13333333333333333,4,0.0,0.5,0.6
R4,10,0.2,20,10,0.6666666666666666,0.5128205128205128,0.5797101449275363,0.13333333333333333,4,0.0,0.6,0.6
R4,10,0.2,20,10,0.6666666666666666,0.5128205128205128,0.5797101449275363,0.13333333333333333,4,0.0,0.7,0.6
R4,10,0.2,20,10,0.6666666666666666,0.5128205128205128,0.5797101449275363,0.13333333333333333,4,0.0,0.8,0.6
R4,10,0.2,20,10,0.6666666666666666,0.5128205128205128,0.5797101449275363,0.13333333333333333,4,0.0,0.9,0.6
R4,10,0.2,20,10,0.6666666666666666,0.5128205128205128,0.5797101449275363,0.13333333333333333,4,0.0,1.0,0.6
R4,10,0.2,20,12,0.625,0.5128205128205128,0.5633802816901409,0.13333333333333333,4,0.05,0.5,0.6
R4,10,0.2,20,10,0.6666666666666666,0.5128205128205128,0.5797101449275363,0.13333333333333333,4,0.05,0.6,0.6
R4,10,0.2,20,10,0.6666666666666666,0.5128205128205128,0.5797101449275363,0.13333333333333333,4,0.05,0.7,0.6
R4,10,0.2,20,10,0.6666666666666666,0.5128205128205128,0.5797101449275363,0.13333333333333333,4,0.05,0.8,0.6
R4,10,0.2,20,10,0.6666666666666666,0.5128205128205128,0.5797101449275363,0.13333333333333333,4,0.05,0.9,0.6
R4,10,0.2,20,10,0.6666666666666666,0.5128205128205128,0.5797101449275363,0.13333333333333333,4,0.05,1.0,0.6
R4,10,0.2,20,12,0.625,0.5128205128205128,0.5633802816901409,0.13333333333333333,4,0.1,0.5,0.6
R4,10,0.2,20,10,0.6666666666666666,0.5128205128205128,0.5797101449275363,0.13333333333333333,4,0.1,0.6,0.6
R4,10,0.2,20,10,0.6666666666666666,0.5128205128205128,0.5797101449275363,0.13333333333333333,4,0.1,0.7,0.6
R4,10,0.2,20,10,0.6666666666666666,0.5128205128205128,0.5797101449275363,0.13333333333333333,4,0.1,0.8,0.6
R4,10,0.2,20,10,0.6666666666666666,0.5128205128205128,0.5797101449275363,0.13333333333333333,4,0.1,0.9,0.6
R4,10,0.2,20,10,0.6666666666666666,0.5128205128205128,0.5797101449275363,0.13333333333333333,4,0.1,1.0,0.6
R4,10,0.2,20,9,0.6896551724137931,0.5128205128205128,0.5882352941176471,0.13333333333333333,4,0.0,0.5,0.6499999999999999
R4,10,0.2,20,8,0.7142857142857143,0.5128205128205128,0.5970149253731343,0.13333333333333333,4,0.0,0.6,0.6499999999999999
R4,10,0.2,20,8,0.7142857142857143,0.5128205128205128,0.5970149253731343,0.13333333333333333,4,0.0,0.7,0.6499999999999999
R4,10,0.2,20,8,0.7142857142857143,0.5128205128205128,0.5970149253731343,0.13333333333333333,4,0.0,0.8,0.6499999999999999
R4,10,0.2,20,8,0.7142857142857143,0.5128205128205128,0.5970149253731343,0.13333333333333333,4,0.0,0.9,0.6499999999999999
R4,10,0.2,20,8,0.7142857142857143,0.5128205128205128,0.5970149253731343,0.13333333333333333,4,0.0,1.0,0.6499999999999999
R4,10,0.2,20,9,0.6896551724137931,0.5128205128205128,0.5882352941176471,0.13333333333333333,4,0.05,0.5,0.6499999999999999
R4,10,0.2,20,8,0.7142857142857143,0.5128205128205128,0.5970149253731343,0.13333333333333333,4,0.05,0.6,0.6499999999999999
R4,10,0.2,20,8,0.7142857142857143,0.5128205128205128,0.5970149253731343,0.13333333333333333,4,0.05,0.7,0.6499999999999999
R4,10,0.2,20,8,0.7142857142857143,0.5128205128205128,0.5970149253731343,0.13333333333333333,4,0.05,0.8,0.6499999999999999
R4,10,0.2,20,8,0.7142857142857143,0.5128205128205128,0.5970149253731343,0.13333333333333333,4,0.05,0.9,0.6499999999999999
R4,10,0.2,20,8,0.7142857142857143,0.5128205128205128,0.5970149253731343,0.13333333333333333,4,0.05,1.0,0.6499999999999999
R4,10,0.2,20,9,0.6896551724137931,0.5128205128205128,0.5882352941176471,0.13333333333333333,4,0.1,0.5,0.6499999999999999
R4,10,0.2,20,8,0.7142857142857143,0.5128205128205128,0.5970149253731343,0.13333333333333333,4,0.1,0.6,0.6499999999999999
R4,10,0.2,20,8,0.7142857142857143,0.5128205128205128,0.5970149253731343,0.13333333333333333,4,0.1,0.7,0.6499999999999999
R4,10,0.2,20,8,0.7142857142857143,0.5128205128205128,0.5970149253731343,0.13333333333333333,4,0.1,0.8,0.6499999999999999
R4,10,0.2,20,8,0.7142857142857143,0.5128205128205128,0.5970149253731343,0.13333333333333333,4,0.1,0.9,0.6499999999999999
R4,10,0.2,20,8,0.7142857142857143,0.5128205128205128,0.5970149253731343,0.13333333333333333,4,0.1,1.0,0.6499999999999999
R4,10,0.2,20,8,0.7142857142857143,0.5128205128205128,0.5970149253731343,0.13333333333333333,4,0.0,0.5,0.7
R4,10,0.2,20,7,0.7407407407407407,0.5128205128205128,0.6060606060606061,0.13333333333333333,4,0.0,0.6,0.7
R4,10,0.2,20,7,0.7407407407407407,0.5128205128205128,0.6060606060606061,0.13333333333333333,4,0.0,0.7,0.7
R4,10,0.2,20,7,0.7407407407407407,0.5128205128205128,0.6060606060606061,0.13333333333333333,4,0.0,0.8,0.7
R4,10,0.2,20,7,0.7407407407407407,0.5128205128205128,0.6060606060606061,0.13333333333333333,4,0.0,0.9,0.7
R4,10,0.2,20,7,0.7407407407407407,0.5128205128205128,0.6060606060606061,0.13333333333333333,4,0.0,1.0,0.7
R4,10,0.2,20,8,0.7142857142857143,0.5128205128205128,0.5970149253731343,0.13333333333333333,4,0.05,0.5,0.7
R4,10,0.2,20,7,0.7407407407407407,0.5128205128205128,0.6060606060606061,0.13333333333333333,4,0.05,0.6,0.7
R4,10,0.2,20,7,0.7407407407407407,0.5128205128205128,0.6060606060606061,0.13333333333333333,4,0.05,0.7,0.7
R4,10,0.2,20,7,0.7407407407407407,0.5128205128205128,0.6060606060606061,0.13333333333333333,4,0.05,0.8,0.7
R4,10,0.2,20,7,0.7407407407407407,0.5128205128205128,0.6060606060606061,0.13333333333333333,4,0.05,0.9,0.7
R4,10,0.2,20,7,0.7407407407407407,0.5128205128205128,0.6060606060606061,0.13333333333333333,4,0.05,1.0,0.7
R4,10,0.2,20,8,0.7142857142857143,0.5128205128205128,0.5970149253731343,0.13333333333333333,4,0.1,0.5,0.7
R4,10,0.2,20,7,0.7407407407407407,0.5128205128205128,0.6060606060606061,0.13333333333333333,4,0.1,0.6,0.7
R4,10,0.2,20,7,0.7407407407407407,0.5128205128205128,0.6060606060606061,0.13333333333333333,4,0.1,0.7,0.7
R4,10,0.2,20,7,0.7407407407407407,0.5128205128205128,0.6060606060606061,0.13333333333333333,4,0.1,0.8,0.7
R4,10,0.2,20,7,0.7407407407407407,0.5128205128205128,0.6060606060606061,0.13333333333333333,4,0.1,0.9,0.7
R4,10,0.2,20,7,0.7407407407407407,0.5128205128205128,0.6060606060606061,0.13333333333333333,4,0.1,1.0,0.7
R4,10,0.22500000000000003,32,35,0.47761194029850745,0.8205128205128205,0.6037735849056602,0.21333333333333335,4,0.0,0.5,0.4
R4,10,0.22500000000000003,32,32,0.5,0.8205128205128205,0.6213592233009708,0.21333333333333335,4,0.0,0.6,0.4
R4,10,0.22500000000000003,32,31,0.5079365079365079,0.8205128205128205,0.6274509803921569,0.21333333333333335,4,0.0,0.7,0.4
R4,10,0.22500000000000003,31,30,0.5081967213114754,0.7948717948717948,0.62,0.20666666666666667,4,0.0,0.8,0.4
R4,10,0.22500000000000003,30,30,0.5,0.7692307692307693,0.6060606060606061,0.2,4,0.0,0.9,0.4
R4,10,0.22500000000000003,30,30,0.5,0.7692307692307693,0.6060606060606061,0.2,4,0.0,1.0,0.4
R4,10,0.22500000000000003,32,35,0.47761194029850745,0.8205128205128205,0.6037735849056602,0.21333333333333335,4,0.05,0.5,0.4
R4,10,0.22500000000000003,32,32,0.5,0.8205128205128205,0.6213592233009708,0.21333333333333335,4,0.05,0.6,0.4
R4,10,0.22500000000000003,32,31,0.5079365079365079,0.8205128205128205,0.6274509803921569,0.21333333333333335,4,0.05,0.7,0.4
R4,10,0.22500000000000003,31,30,0.5081967213114754,0.7948717948717948,0.62,0.20666666666666667,4,0.05,0.8,0.4
R4,10,0.22500000000000003,30,30,0.5,0.7692307692307693,0.6060606060606061,0.2,4,0.05,0.9,0.4
R4,10,0.22500000000000003,30,30,0.5,0.7692307692307693,0.6060606060606061,0.2,4,0.05,1.0,0.4
R4,10,0.22500000000000003,32,35,0.47761194029850745,0.8205128205128205,0.6037735849056602,0.21333333333333335,4,0.1,0.5,0.4
R4,10,0.22500000000000003,32,32,0.5,0.8205128205128205,0.6213592233009708,0.21333333333333335,4,0.1,0.6,0.4
R4,10,0.22500000000000003,32,31,0.5079365079365079,0.8205128205128205,0.6274509803921569,0.21333333333333335,4,0.1,0.7,0.4
R4,10,0.22500000000000003,31,30,0.5081967213114754,0.7948717948717948,0.62,0.20666666666666667,4,0.1,0.8,0.4
R4,10,0.22500000000000003,30,30,0.5,0.7692307692307693,0.6060606060606061,0.2,4,0.1,0.9,0.4
R4,10,0.22500000000000003,30,30,0.5,0.7692307692307693,0.6060606060606061,0.2,4,0.1,1.0,0.4
R4,10,0.22500000000000003,29,33,0.46774193548387094,0.7435897435897436,0.5742574257425742,0.19333333333333333,4,0.0,0.5,0.45
R4,10,0.22500000000000003,29,30,0.4915254237288136,0.7435897435897436,0.5918367346938775,0.19333333333333333,4,0.0,0.6,0.45
R4,10,0.22500000000000003,29,29,0.5,0.7435897435897436,0.5979381443298969,0.19333333333333333,4,0.0,0.7,0.45
R4,10,0.22500000000000003,29,28,0.5087719298245614,0.7435897435897436,0.6041666666666666,0.19333333333333333,4,0.0,0.8,0.45
R4,10,0.22500000000000003,29,28,0.5087719298245614,0.7435897435897436,0.6041666666666666,0.19333333333333333,4,0.0,0.9,0.45
R4,10,0.22500000000000003,29,28,0.5087719298245614,0.7435897435897436,0.6041666666666666,0.19333333333333333,4,0.0,1.0,0.45
R4,10,0.22500000000000003,29,33,0.46774193548387094,0.7435897435897436,0.5742574257425742,0.19333333333333333,4,0.05,0.5,0.45
R4,10,0.22500000000000003,29,30,0.4915254237288136,0.7435897435897436,0.5918367346938775,0.19333333333333333,4,0.05,0.6,0.45
R4,10,0.22500000000000003,29,29,0.5,0.7435897435897436,0.5979381443298969,0.19333333333333333,4,0.05,0.7,0.45
R4,10,0.22500000000000003,29,28,0.5087719298245614,0.7435897435897436,0.6041666666666666,0.19333333333333333,4,0.05,0.8,0.45
R4,10,0.22500000000000003,29,28,0.5087719298245614,0.7435897435897436,0.6041666666666666,0.19333333333333333,4,0.05,0.9,0.45
R4,10,0.22500000000000003,29,28,0.5087719298245614,0.7435897435897436,0.6041666666666666,0.19333333333333333,4,0.05,1.0,0.45
R4,10,0.22500000000000003,29,33,0.46774193548387094,0.7435897435897436,0.5742574257425742,0.19333333333333333,4,0.1,0.5,0.45
R4,10,0.22500000000000003,29,30,0.4915254237288136,0.7435897435897436,0.5918367346938775,0.19333333333333333,4,0.1,0.6,0.45
R4,10,0.22500000000000003,29,29,0.5,0.7435897435897436,0.5979381443298969,0.19333333333333333,4,0.1,0.7,0.45
R4,10,0.22500000000000003,29,28,0.5087719298245614,0.7435897435897436,0.6041666666666666,0.19333333333333333,4,0.1,0.8,0.45
R4,10,0.22500000000000003,29,28,0.5087719298245614,0.7435897435897436,0.6041666666666666,0.19333333333333333,4,0.1,0.9,0.45
R4,10,0.22500000000000003,29,28,0.5087719298245614,0.7435897435897436,0.6041666666666666,0.19333333333333333,4,0.1,1.0,0.45
R4,10,0.22500000000000003,27,27,0.5,0.6923076923076923,0.5806451612903226,0.18,4,0.0,0.5,0.5
R4,10,0.22500000000000003,27,24,0.5294117647058824,0.6923076923076923,0.5999999999999999,0.18,4,0.0,0.6,0.5
R4,10,0.22500000000000003,27,23,0.54,0.6923076923076923,0.6067415730337079,0.18,4,0.0,0.7,0.5
R4,10,0.22500000000000003,27,22,0.5510204081632653,0.6923076923076923,0.6136363636363635,0.18,4,0.0,0.8,0.5
R4,10,0.22500000000000003,27,22,0.5510204081632653,0.6923076923076923,0.6136363636363635,0.18,4,0.0,0.9,0.5
R4,10,0.22500000000000003,27,22,0.5510204081632653,0.6923076923076923,0.6136363636363635,0.18,4,0.0,1.0,0.5
R4,10,0.22500000000000003,27,27,0.5,0.6923076923076923,0.5806451612903226,0.18,4,0.05,0.5,0.5
R4,10,0.22500000000000003,27,24,0.5294117647058824,0.6923076923076923,0.5999999999999999,0.18,4,0.05,0.6,0.5
R4,10,0.22500000000000003,27,23,0.54,0.6923076923076923,0.6067415730337079,0.18,4,0.05,0.7,0.5
R4,10,0.22500000000000003,27,22,0.5510204081632653,0.6923076923076923,0.6136363636363635,0.18,4,0.05,0.8,0.5
R4,10,0.22500000000000003,27,22,0.5510204081632653,0.6923076923076923,0.6136363636363635,0.18,4,0.05,0.9,0.5
R4,10,0.22500000000000003,27,22,0.5510204081632653,0.6923076923076923,0.6136363636363635,0.18,4,0.05,1.0,0.5
R4,10,0.22500000000000003,27,27,0.5,0.6923076923076923,0.5806451612903226,0.18,4,0.1,0.5,0.5
R4,10,0.22500000000000003,27,24,0.5294117647058824,0.6923076923076923,0.5999999999999999,0.18,4,0.1,0.6,0.5
R4,10,0.22500000000000003,27,23,0.54,0.6923076923076923,0.6067415730337079,0.18,4,0.1,0.7,0.5
R4,10,0.22500000000000003,27,22,0.5510204081632653,0.6923076923076923,0.6136363636363635,0.18,4,0.1,0.8,0.5
R4,10,0.22500000000000003,27,22,0.5510204081632653,0.6923076923076923,0.6136363636363635,0.18,4,0.1,0.9,0.5
R4,10,0.22500000000000003,27,22,0.5510204081632653,0.6923076923076923,0.6136363636363635,0.18,4,0.1,1.0,0.5
R4,10,0.22500000000000003,26,20,0.5652173913043478,0.6666666666666666,0.6117647058823529,0.17333333333333334,4,0.0,0.5,0.55
R4,10,0.22500000000000003,26,17,0.6046511627906976,0.6666666666666666,0.6341463414634145,0.17333333333333334,4,0.0,0.6,0.55
R4,10,0.22500000000000003,26,16,0.6190476190476191,0.6666666666666666,0.6419753086419754,0.17333333333333334,4,0.0,0.7,0.55
R4,10,0.22500000000000003,26,16,0.6190476190476191,0.6666666666666666,0.6419753086419754,0.17333333333333334,4,0.0,0.8,0.55
R4,10,0.22500000000000003,26,16,0.6190476190476191,0.6666666666666666,0.6419753086419754,0.17333333333333334,4,0.0,0.9,0.55
R4,10,0.22500000000000003,26,16,0.6190476190476191,0.6666666666666666,0.6419753086419754,0.17333333333333334,4,0.0,1.0,0.55
R4,10,0.22500000000000003,26,20,0.5652173913043478,0.6666666666666666,0.6117647058823529,0.17333333333333334,4,0.05,0.5,0.55
R4,10,0.22500000000000003,26,17,0.6046511627906976,0.6666666666666666,0.6341463414634145,0.17333333333333334,4,0.05,0.6,0.55
R4,10,0.22500000000000003,26,16,0.6190476190476191,0.6666666666666666,0.6419753086419754,0.17333333333333334,4,0.05,0.7,0.55
R4,10,0.22500000000000003,26,16,0.6190476190476191,0.6666666666666666,0.6419753086419754,0.17333333333333334,4,0.05,0.8,0.55
R4,10,0.22500000000000003,26,16,0.6190476190476191,0.6666666666666666,0.6419753086419754,0.17333333333333334,4,0.05,0.9,0.55
R4,10,0.22500000000000003,26,16,0.6190476190476191,0.6666666666666666,0.6419753086419754,0.17333333333333334,4,0.05,1.0,0.55
R4,10,0.22500000000000003,26,20,0.5652173913043478,0.6666666666666666,0.6117647058823529,0.17333333333333334,4,0.1,0.5,0.55
R4,10,0.22500000000000003,26,17,0.6046511627906976,0.6666666666666666,0.6341463414634145,0.17333333333333334,4,0.1,0.6,0.55
R4,10,0.22500000000000003,26,16,0.6190476190476191,0.6666666666666666,0.6419753086419754,0.17333333333333334,4,0.1,0.7,0.55
R4,10,0.22500000000000003,26,16,0.6190476190476191,0.6666666666666666,0.6419753086419754,0.17333333333333334,4,0.1,0.8,0.55
R4,10,0.22500000000000003,26,16,0.6190476190476191,0.6666666666666666,0.6419753086419754,0.17333333333333334,4,0.1,0.9,0.55
R4,10,0.22500000000000003,26,16,0.6190476190476191,0.6666666666666666,0.6419753086419754,0.17333333333333334,4,0.1,1.0,0.55
R4,10,0.22500000000000003,23,14,0.6216216216216216,0.5897435897435898,0.6052631578947368,0.15333333333333332,4,0.0,0.5,0.6
R4,10,0.22500000000000003,23,12,0.6571428571428571,0.5897435897435898,0.6216216216216216,0.15333333333333332,4,0.0,0.6,0.6
R4,10,0.22500000000000003,23,12,0.6571428571428571,0.5897435897435898,0.6216216216216216,0.15333333333333332,4,0.0,0.7,0.6
R4,10,0.22500000000000003,23,12,0.6571428571428571,0.5897435897435898,0.6216216216216216,0.15333333333333332,4,0.0,0.8,0.6
R4,10,0.22500000000000003,23,12,0.6571428571428571,0.5897435897435898,0.6216216216216216,0.15333333333333332,4,0.0,0.9,0.6
R4,10,0.22500000000000003,23,12,0.6571428571428571,0.5897435897435898,0.6216216216216216,0.15333333333333332,4,0.0,1.0,0.6
R4,10,0.22500000000000003,23,14,0.6216216216216216,0.5897435897435898,0.6052631578947368,0.15333333333333332,4,0.05,0.5,0.6
R4,10,0.22500000000000003,23,12,0.6571428571428571,0.5897435897435898,0.6216216216216216,0.15333333333333332,4,0.05,0.6,0.6
R4,10,0.22500000000000003,23,12,0.6571428571428571,0.5897435897435898,0.6216216216216216,0.15333333333333332,4,0.05,0.7,0.6
R4,10,0.22500000000000003,23,12,0.6571428571428571,0.5897435897435898,0.6216216216216216,0.15333333333333332,4,0.05,0.8,0.6
R4,10,0.22500000000000003,23,12,0.6571428571428571,0.5897435897435898,0.6216216216216216,0.15333333333333332,4,0.05,0.9,0.6
R4,10,0.22500000000000003,23,12,0.6571428571428571,0.5897435897435898,0.6216216216216216,0.15333333333333332,4,0.05,1.0,0.6
R4,10,0.22500000000000003,23,14,0.6216216216216216,0.5897435897435898,0.6052631578947368,0.15333333333333332,4,0.1,0.5,0.6
R4,10,0.22500000000000003,23,12,0.6571428571428571,0.5897435897435898,0.6216216216216216,0.15333333333333332,4,0.1,0.6,0.6
R4,10,0.22500000000000003,23,12,0.6571428571428571,0.5897435897435898,0.6216216216216216,0.15333333333333332,4,0.1,0.7,0.6
R4,10,0.22500000000000003,23,12,0.6571428571428571,0.5897435897435898,0.6216216216216216,0.15333333333333332,4,0.1,0.8,0.6
R4,10,0.22500000000000003,23,12,0.6571428571428571,0.5897435897435898,0.6216216216216216,0.15333333333333332,4,0.1,0.9,0.6
R4,10,0.22500000000000003,23,12,0.6571428571428571,0.5897435897435898,0.6216216216216216,0.15333333333333332,4,0.1,1.0,0.6
R4,10,0.22500000000000003,23,11,0.6764705882352942,0.5897435897435898,0.6301369863013699,0.15333333333333332,4,0.0,0.5,0.6499999999999999
R4,10,0.22500000000000003,23,10,0.696969696969697,0.5897435897435898,0.638888888888889,0.15333333333333332,4,0.0,0.6,0.6499999999999999
R4,10,0.22500000000000003,23,10,0.696969696969697,0.5897435897435898,0.638888888888889,0.15333333333333332,4,0.0,0.7,0.6499999999999999
R4,10,0.22500000000000003,23,10,0.696969696969697,0.5897435897435898,0.638888888888889,0.15333333333333332,4,0.0,0.8,0.6499999999999999
R4,10,0.22500000000000003,23,10,0.696969696969697,0.5897435897435898,0.638888888888889,0.15333333333333332,4,0.0,0.9,0.6499999999999999
R4,10,0.22500000000000003,23,10,0.696969696969697,0.5897435897435898,0.638888888888889,0.15333333333333332,4,0.0,1.0,0.6499999999999999
R4,10,0.22500000000000003,23,11,0.6764705882352942,0.5897435897435898,0.6301369863013699,0.15333333333333332,4,0.05,0.5,0.6499999999999999
R4,10,0.22500000000000003,23,10,0.696969696969697,0.5897435897435898,0.638888888888889,0.15333333333333332,4,0.05,0.6,0.6499999999999999
R4,10,0.22500000000000003,23,10,0.696969696969697,0.5897435897435898,0.638888888888889,0.15333333333333332,4,0.05,0.7,0.6499999999999999
R4,10,0.22500000000000003,23,10,0.696969696969697,0.5897435897435898,0.638888888888889,0.15333333333333332,4,0.05,0.8,0.6499999999999999
R4,10,0.22500000000000003,23,10,0.696969696969697,0.5897435897435898,0.638888888888889,0.15333333333333332,4,0.05,0.9,0.6499999999999999
R4,10,0.22500000000000003,23,10,0.696969696969697,0.5897435897435898,0.638888888888889,0.15333333333333332,4,0.05,1.0,0.6499999999999999
R4,10,0.22500000000000003,23,11,0.6764705882352942,0.5897435897435898,0.6301369863013699,0.15333333333333332,4,0.1,0.5,0.6499999999999999
R4,10,0.22500000000000003,23,10,0.696969696969697,0.5897435897435898,0.638888888888889,0.15333333333333332,4,0.1,0.6,0.6499999999999999
R4,10,0.22500000000000003,23,10,0.696969696969697,0.5897435897435898,0.638888888888889,0.15333333333333332,4,0.1,0.7,0.6499999999999999
R4,10,0.22500000000000003,23,10,0.696969696969697,0.5897435897435898,0.638888888888889,0.15333333333333332,4,0.1,0.8,0.6499999999999999
R4,10,0.22500000000000003,23,10,0.696969696969697,0.5897435897435898,0.638888888888889,0.15333333333333332,4,0.1,0.9,0.6499999999999999
R4,10,0.22500000000000003,23,10,0.696969696969697,0.5897435897435898,0.638888888888889,0.15333333333333332,4,0.1,1.0,0.6499999999999999
R4,10,0.22500000000000003,23,10,0.696969696969697,0.5897435897435898,0.638888888888889,0.15333333333333332,4,0.0,0.5,0.7
R4,10,0.22500000000000003,23,9,0.71875,0.5897435897435898,0.6478873239436619,0.15333333333333332,4,0.0,0.6,0.7
R4,10,0.22500000000000003,23,9,0.71875,0.5897435897435898,0.6478873239436619,0.15333333333333332,4,0.0,0.7,0.7
R4,10,0.22500000000000003,23,9,0.71875,0.5897435897435898,0.6478873239436619,0.15333333333333332,4,0.0,0.8,0.7
R4,10,0.22500000000000003,23,9,0.71875,0.5897435897435898,0.6478873239436619,0.15333333333333332,4,0.0,0.9,0.7
R4,10,0.22500000000000003,23,9,0.71875,0.5897435897435898,0.6478873239436619,0.15333333333333332,4,0.0,1.0,0.7
R4,10,0.22500000000000003,23,10,0.696969696969697,0.5897435897435898,0.638888888888889,0.15333333333333332,4,0.05,0.5,0.7
R4,10,0.22500000000000003,23,9,0.71875,0.5897435897435898,0.6478873239436619,0.15333333333333332,4,0.05,0.6,0.7
R4,10,0.22500000000000003,23,9,0.71875,0.5897435897435898,0.6478873239436619,0.15333333333333332,4,0.05,0.7,0.7
R4,10,0.22500000000000003,23,9,0.71875,0.5897435897435898,0.6478873239436619,0.15333333333333332,4,0.05,0.8,0.7
R4,10,0.22500000000000003,23,9,0.71875,0.5897435897435898,0.6478873239436619,0.15333333333333332,4,0.05,0.9,0.7
R4,10,0.22500000000000003,23,9,0.71875,0.5897435897435898,0.6478873239436619,0.15333333333333332,4,0.05,1.0,0.7
R4,10,0.22500000000000003,23,10,0.696969696969697,0.5897435897435898,0.638888888888889,0.15333333333333332,4,0.1,0.5,0.7
R4,10,0.22500000000000003,23,9,0.71875,0.5897435897435898,0.6478873239436619,0.15333333333333332,4,0.1,0.6,0.7
R4,10,0.22500000000000003,23,9,0.71875,0.5897435897435898,0.6478873239436619,0.15333333333333332,4,0.1,0.7,0.7
R4,10,0.22500000000000003,23,9,0.71875,0.5897435897435898,0.6478873239436619,0.15333333333333332,4,0.1,0.8,0.7
R4,10,0.22500000000000003,23,9,0.71875,0.5897435897435898,0.6478873239436619,0.15333333333333332,4,0.1,0.9,0.7
R4,10,0.22500000000000003,23,9,0.71875,0.5897435897435898,0.6478873239436619,0.15333333333333332,4,0.1,1.0,0.7
R4,10,0.25,33,36,0.4782608695652174,0.8461538461538461,0.6111111111111112,0.22,4,0.0,0.5,0.4
R4,10,0.25,33,33,0.5,0.8461538461538461,0.6285714285714286,0.22,4,0.0,0.6,0.4
R4,10,0.25,33,32,0.5076923076923077,0.8461538461538461,0.6346153846153845,0.22,4,0.0,0.7,0.4
R4,10,0.25,32,31,0.5079365079365079,0.8205128205128205,0.6274509803921569,0.21333333333333335,4,0.0,0.8,0.4
R4,10,0.25,31,31,0.5,0.7948717948717948,0.6138613861386139,0.20666666666666667,4,0.0,0.9,0.4
R4,10,0.25,31,31,0.5,0.7948717948717948,0.6138613861386139,0.20666666666666667,4,0.0,1.0,0.4
R4,10,0.25,33,36,0.4782608695652174,0.8461538461538461,0.6111111111111112,0.22,4,0.05,0.5,0.4
R4,10,0.25,33,33,0.5,0.8461538461538461,0.6285714285714286,0.22,4,0.05,0.6,0.4
R4,10,0.25,33,32,0.5076923076923077,0.8461538461538461,0.6346153846153845,0.22,4,0.05,0.7,0.4
R4,10,0.25,32,31,0.5079365079365079,0.8205128205128205,0.6274509803921569,0.21333333333333335,4,0.05,0.8,0.4
R4,10,0.25,31,31,0.5,0.7948717948717948,0.6138613861386139,0.20666666666666667,4,0.05,0.9,0.4
R4,10,0.25,31,31,0.5,0.7948717948717948,0.6138613861386139,0.20666666666666667,4,0.05,1.0,0.4
R4,10,0.25,33,36,0.4782608695652174,0.8461538461538461,0.6111111111111112,0.22,4,0.1,0.5,0.4
R4,10,0.25,33,33,0.5,0.8461538461538461,0.6285714285714286,0.22,4,0.1,0.6,0.4
R4,10,0.25,33,32,0.5076923076923077,0.8461538461538461,0.6346153846153845,0.22,4,0.1,0.7,0.4
R4,10,0.25,32,31,0.5079365079365079,0.8205128205128205,0.6274509803921569,0.21333333333333335,4,0.1,0.8,0.4
R4,10,0.25,31,31,0.5,0.7948717948717948,0.6138613861386139,0.20666666666666667,4,0.1,0.9,0.4
R4,10,0.25,31,31,0.5,0.7948717948717948,0.6138613861386139,0.20666666666666667,4,0.1,1.0,0.4
R4,10,0.25,30,34,0.46875,0.7692307692307693,0.5825242718446603,0.2,4,0.0,0.5,0.45
R4,10,0.25,30,31,0.4918032786885246,0.7692307692307693,0.6,0.2,4,0.0,0.6,0.45
R4,10,0.25,30,30,0.5,0.7692307692307693,0.6060606060606061,0.2,4,0.0,0.7,0.45
R4,10,0.25,30,29,0.5084745762711864,0.7692307692307693,0.6122448979591837,0.2,4,0.0,0.8,0.45
R4,10,0.25,30,29,0.5084745762711864,0.7692307692307693,0.6122448979591837,0.2,4,0.0,0.9,0.45
R4,10,0.25,30,29,0.5084745762711864,0.7692307692307693,0.6122448979591837,0.2,4,0.0,1.0,0.45
R4,10,0.25,30,34,0.46875,0.7692307692307693,0.5825242718446603,0.2,4,0.05,0.5,0.45
R4,10,0.25,30,31,0.4918032786885246,0.7692307692307693,0.6,0.2,4,0.05,0.6,0.45
R4,10,0.25,30,30,0.5,0.7692307692307693,0.6060606060606061,0.2,4,0.05,0.7,0.45
R4,10,0.25,30,29,0.5084745762711864,0.7692307692307693,0.6122448979591837,0.2,4,0.05,0.8,0.45
R4,10,0.25,30,29,0.5084745762711864,0.7692307692307693,0.6122448979591837,0.2,4,0.05,0.9,0.45
R4,10,0.25,30,29,0.5084745762711864,0.7692307692307693,0.6122448979591837,0.2,4,0.05,1.0,0.45
R4,10,0.25,30,34,0.46875,0.7692307692307693,0.5825242718446603,0.2,4,0.1,0.5,0.45
R4,10,0.25,30,31,0.4918032786885246,0.7692307692307693,0.6,0.2,4,0.1,0.6,0.45
R4,10,0.25,30,30,0.5,0.7692307692307693,0.6060606060606061,0.2,4,0.1,0.7,0.45
R4,10,0.25,30,29,0.5084745762711864,0.7692307692307693,0.6122448979591837,0.2,4,0.1,0.8,0.45
R4,10,0.25,30,29,0.5084745762711864,0.7692307692307693,0.6122448979591837,0.2,4,0.1,0.9,0.45
R4,10,0.25,30,29,0.5084745762711864,0.7692307692307693,0.6122448979591837,0.2,4,0.1,1.0,0.45
R4,10,0.25,28,28,0.5,0.717948717948718,0.5894736842105263,0.18666666666666668,4,0.0,0.5,0.5
R4,10,0.25,28,25,0.5283018867924528,0.717948717948718,0.6086956521739131,0.18666666666666668,4,0.0,0.6,0.5
R4,10,0.25,28,24,0.5384615384615384,0.717948717948718,0.6153846153846153,0.18666666666666668,4,0.0,0.7,0.5
R4,10,0.25,28,23,0.5490196078431373,0.717948717948718,0.6222222222222223,0.18666666666666668,4,0.0,0.8,0.5
R4,10,0.25,28,23,0.5490196078431373,0.717948717948718,0.6222222222222223,0.18666666666666668,4,0.0,0.9,0.5
R4,10,0.25,28,23,0.5490196078431373,0.717948717948718,0.6222222222222223,0.18666666666666668,4,0.0,1.0,0.5
R4,10,0.25,28,28,0.5,0.717948717948718,0.5894736842105263,0.18666666666666668,4,0.05,0.5,0.5
R4,10,0.25,28,25,0.5283018867924528,0.717948717948718,0.6086956521739131,0.18666666666666668,4,0.05,0.6,0.5
R4,10,0.25,28,24,0.5384615384615384,0.717948717948718,0.6153846153846153,0.18666666666666668,4,0.05,0.7,0.5
R4,10,0.25,28,23,0.5490196078431373,0.717948717948718,0.6222222222222223,0.18666666666666668,4,0.05,0.8,0.5
R4,10,0.25,28,23,0.5490196078431373,0.717948717948718,0.6222222222222223,0.18666666666666668,4,0.05,0.9,0.5
R4,10,0.25,28,23,0.5490196078431373,0.717948717948718,0.6222222222222223,0.18666666666666668,4,0.05,1.0,0.5
R4,10,0.25,28,28,0.5,0.717948717948718,0.5894736842105263,0.18666666666666668,4,0.1,0.5,0.5
R4,10,0.25,28,25,0.5283018867924528,0.717948717948718,0.6086956521739131,0.18666666666666668,4,0.1,0.6,0.5
R4,10,0.25,28,24,0.5384615384615384,0.717948717948718,0.6153846153846153,0.18666666666666668,4,0.1,0.7,0.5
R4,10,0.25,28,23,0.5490196078431373,0.717948717948718,0.6222222222222223,0.18666666666666668,4,0.1,0.8,0.5
R4,10,0.25,28,23,0.5490196078431373,0.717948717948718,0.6222222222222223,0.18666666666666668,4,0.1,0.9,0.5
R4,10,0.25,28,23,0.5490196078431373,0.717948717948718,0.6222222222222223,0.18666666666666668,4,0.1,1.0,0.5
R4,10,0.25,27,21,0.5625,0.6923076923076923,0.6206896551724138,0.18,4,0.0,0.5,0.55
R4,10,0.25,27,18,0.6,0.6923076923076923,0.6428571428571429,0.18,4,0.0,0.6,0.55
R4,10,0.25,27,17,0.6136363636363636,0.6923076923076923,0.6506024096385543,0.18,4,0.0,0.7,0.55
R4,10,0.25,27,17,0.6136363636363636,0.6923076923076923,0.6506024096385543,0.18,4,0.0,0.8,0.55
R4,10,0.25,27,17,0.6136363636363636,0.6923076923076923,0.6506024096385543,0.18,4,0.0,0.9,0.55
R4,10,0.25,27,17,0.6136363636363636,0.6923076923076923,0.6506024096385543,0.18,4,0.0,1.0,0.55
R4,10,0.25,27,21,0.5625,0.6923076923076923,0.6206896551724138,0.18,4,0.05,0.5,0.55
R4,10,0.25,27,18,0.6,0.6923076923076923,0.6428571428571429,0.18,4,0.05,0.6,0.55
R4,10,0.25,27,17,0.6136363636363636,0.6923076923076923,0.6506024096385543,0.18,4,0.05,0.7,0.55
R4,10,0.25,27,17,0.6136363636363636,0.6923076923076923,0.6506024096385543,0.18,4,0.05,0.8,0.55
R4,10,0.25,27,17,0.6136363636363636,0.6923076923076923,0.6506024096385543,0.18,4,0.05,0.9,0.55
R4,10,0.25,27,17,0.6136363636363636,0.6923076923076923,0.6506024096385543,0.18,4,0.05,1.0,0.55
R4,10,0.25,27,21,0.5625,0.6923076923076923,0.6206896551724138,0.18,4,0.1,0.5,0.55
R4,10,0.25,27,18,0.6,0.6923076923076923,0.6428571428571429,0.18,4,0.1,0.6,0.55
R4,10,0.25,27,17,0.6136363636363636,0.6923076923076923,0.6506024096385543,0.18,4,0.1,0.7,0.55
R4,10,0.25,27,17,0.6136363636363636,0.6923076923076923,0.6506024096385543,0.18,4,0.1,0.8,0.55
R4,10,0.25,27,17,0.6136363636363636,0.6923076923076923,0.6506024096385543,0.18,4,0.1,0.9,0.55
R4,10,0.25,27,17,0.6136363636363636,0.6923076923076923,0.6506024096385543,0.18,4,0.1,1.0,0.55
R4,10,0.25,24,15,0.6153846153846154,0.6153846153846154,0.6153846153846154,0.16,4,0.0,0.5,0.6
R4,10,0.25,24,13,0.6486486486486487,0.6153846153846154,0.631578947368421,0.16,4,0.0,0.6,0.6
R4,10,0.25,24,13,0.6486486486486487,0.6153846153846154,0.631578947368421,0.16,4,0.0,0.7,0.6
R4,10,0.25,24,13,0.6486486486486487,0.6153846153846154,0.631578947368421,0.16,4,0.0,0.8,0.6
R4,10,0.25,24,13,0.6486486486486487,0.6153846153846154,0.631578947368421,0.16,4,0.0,0.9,0.6
R4,10,0.25,24,13,0.6486486486486487,0.6153846153846154,0.631578947368421,0.16,4,0.0,1.0,0.6
R4,10,0.25,24,15,0.6153846153846154,0.6153846153846154,0.6153846153846154,0.16,4,0.05,0.5,0.6
R4,10,0.25,24,13,0.6486486486486487,0.6153846153846154,0.631578947368421,0.16,4,0.05,0.6,0.6
R4,10,0.25,24,13,0.6486486486486487,0.6153846153846154,0.631578947368421,0.16,4,0.05,0.7,0.6
R4,10,0.25,24,13,0.6486486486486487,0.6153846153846154,0.631578947368421,0.16,4,0.05,0.8,0.6
R4,10,0.25,24,13,0.6486486486486487,0.6153846153846154,0.631578947368421,0.16,4,0.05,0.9,0.6
R4,10,0.25,24,13,0.6486486486486487,0.6153846153846154,0.631578947368421,0.16,4,0.05,1.0,0.6
R4,10,0.25,24,15,0.6153846153846154,0.6153846153846154,0.6153846153846154,0.16,4,0.1,0.5,0.6
R4,10,0.25,24,13,0.6486486486486487,0.6153846153846154,0.631578947368421,0.16,4,0.1,0.6,0.6
R4,10,0.25,24,13,0.6486486486486487,0.6153846153846154,0.631578947368421,0.16,4,0.1,0.7,0.6
R4,10,0.25,24,13,0.6486486486486487,0.6153846153846154,0.631578947368421,0.16,4,0.1,0.8,0.6
R4,10,0.25,24,13,0.6486486486486487,0.6153846153846154,0.631578947368421,0.16,4,0.1,0.9,0.6
R4,10,0.25,24,13,0.6486486486486487,0.6153846153846154,0.631578947368421,0.16,4,0.1,1.0,0.6
R4,10,0.25,24,12,0.6666666666666666,0.6153846153846154,0.64,0.16,4,0.0,0.5,0.6499999999999999
R4,10,0.25,24,11,0.6857142857142857,0.6153846153846154,0.6486486486486486,0.16,4,0.0,0.6,0.6499999999999999
R4,10,0.25,24,11,0.6857142857142857,0.6153846153846154,0.6486486486486486,0.16,4,0.0,0.7,0.6499999999999999
R4,10,0.25,24,11,0.6857142857142857,0.6153846153846154,0.6486486486486486,0.16,4,0.0,0.8,0.6499999999999999
R4,10,0.25,24,11,0.6857142857142857,0.6153846153846154,0.6486486486486486,0.16,4,0.0,0.9,0.6499999999999999
R4,10,0.25,24,11,0.6857142857142857,0.6153846153846154,0.6486486486486486,0.16,4,0.0,1.0,0.6499999999999999
R4,10,0.25,24,12,0.6666666666666666,0.6153846153846154,0.64,0.16,4,0.05,0.5,0.6499999999999999
R4,10,0.25,24,11,0.6857142857142857,0.6153846153846154,0.6486486486486486,0.16,4,0.05,0.6,0.6499999999999999
R4,10,0.25,24,11,0.6857142857142857,0.6153846153846154,0.6486486486486486,0.16,4,0.05,0.7,0.6499999999999999
R4,10,0.25,24,11,0.6857142857142857,0.6153846153846154,0.6486486486486486,0.16,4,0.05,0.8,0.6499999999999999
R4,10,0.25,24,11,0.6857142857142857,0.6153846153846154,0.6486486486486486,0.16,4,0.05,0.9,0.6499999999999999
R4,10,0.25,24,11,0.6857142857142857,0.6153846153846154,0.6486486486486486,0.16,4,0.05,1.0,0.6499999999999999
R4,10,0.25,24,12,0.6666666666666666,0.6153846153846154,0.64,0.16,4,0.1,0.5,0.6499999999999999
R4,10,0.25,24,11,0.6857142857142857,0.6153846153846154,0.6486486486486486,0.16,4,0.1,0.6,0.6499999999999999
R4,10,0.25,24,11,0.6857142857142857,0.6153846153846154,0.6486486486486486,0.16,4,0.1,0.7,0.6499999999999999
R4,10,0.25,24,11,0.6857142857142857,0.6153846153846154,0.6486486486486486,0.16,4,0.1,0.8,0.6499999999999999
R4,10,0.25,24,11,0.6857142857142857,0.6153846153846154,0.6486486486486486,0.16,4,0.1,0.9,0.6499999999999999
R4,10,0.25,24,11,0.6857142857142857,0.6153846153846154,0.6486486486486486,0.16,4,0.1,1.0,0.6499999999999999
R4,10,0.25,24,11,0.6857142857142857,0.6153846153846154,0.6486486486486486,0.16,4,0.0,0.5,0.7
R4,10,0.25,24,10,0.7058823529411765,0.6153846153846154,0.6575342465753424,0.16,4,0.0,0.6,0.7
R4,10,0.25,24,10,0.7058823529411765,0.6153846153846154,0.6575342465753424,0.16,4,0.0,0.7,0.7
R4,10,0.25,24,10,0.7058823529411765,0.6153846153846154,0.6575342465753424,0.16,4,0.0,0.8,0.7
R4,10,0.25,24,10,0.7058823529411765,0.6153846153846154,0.6575342465753424,0.16,4,0.0,0.9,0.7
R4,10,0.25,24,10,0.7058823529411765,0.6153846153846154,0.6575342465753424,0.16,4,0.0,1.0,0.7
R4,10,0.25,24,11,0.6857142857142857,0.6153846153846154,0.6486486486486486,0.16,4,0.05,0.5,0.7
R4,10,0.25,24,10,0.7058823529411765,0.6153846153846154,0.6575342465753424,0.16,4,0.05,0.6,0.7
R4,10,0.25,24,10,0.7058823529411765,0.6153846153846154,0.6575342465753424,0.16,4,0.05,0.7,0.7
R4,10,0.25,24,10,0.7058823529411765,0.6153846153846154,0.6575342465753424,0.16,4,0.05,0.8,0.7
R4,10,0.25,24,10,0.7058823529411765,0.6153846153846154,0.6575342465753424,0.16,4,0.05,0.9,0.7
R4,10,0.25,24,10,0.7058823529411765,0.6153846153846154,0.6575342465753424,0.16,4,0.05,1.0,0.7
R4,10,0.25,24,11,0.6857142857142857,0.6153846153846154,0.6486486486486486,0.16,4,0.1,0.5,0.7
R4,10,0.25,24,10,0.7058823529411765,0.6153846153846154,0.6575342465753424,0.16,4,0.1,0.6,0.7
R4,10,0.25,24,10,0.7058823529411765,0.6153846153846154,0.6575342465753424,0.16,4,0.1,0.7,0.7
R4,10,0.25,24,10,0.7058823529411765,0.6153846153846154,0.6575342465753424,0.16,4,0.1,0.8,0.7
R4,10,0.25,24,10,0.7058823529411765,0.6153846153846154,0.6575342465753424,0.16,4,0.1,0.9,0.7
R4,10,0.25,24,10,0.7058823529411765,0.6153846153846154,0.6575342465753424,0.16,4,0.1,1.0,0.7
R1,15,0.02,5,1,0.8333333333333334,0.1282051282051282,0.2222222222222222,0.025,1,,,
R1,15,0.03,5,1,0.8333333333333334,0.1282051282051282,0.2222222222222222,0.025,1,,,
R1,15,0.04,8,1,0.8888888888888888,0.20512820512820512,0.3333333333333333,0.04,1,,,
R1,15,0.05,8,1,0.8888888888888888,0.20512820512820512,0.3333333333333333,0.04,1,,,
R1,15,0.06,8,1,0.8888888888888888,0.20512820512820512,0.3333333333333333,0.04,1,,,
R1,15,0.07,8,2,0.8,0.20512820512820512,0.326530612244898,0.04,1,,,
R1,15,0.08,9,2,0.8181818181818182,0.23076923076923078,0.36000000000000004,0.045,1,,,
R1,15,0.09000000000000001,9,2,0.8181818181818182,0.23076923076923078,0.36000000000000004,0.045,1,,,
R1,15,0.1,10,2,0.8333333333333334,0.2564102564102564,0.392156862745098,0.05,1,,,
R1,15,0.11,12,2,0.8571428571428571,0.3076923076923077,0.45283018867924535,0.06,1,,,
R1,15,0.12000000000000001,12,2,0.8571428571428571,0.3076923076923077,0.45283018867924535,0.06,1,,,
R1,15,0.13,14,3,0.8235294117647058,0.358974358974359,0.5,0.07,1,,,
R1,15,0.13999999999999999,15,4,0.7894736842105263,0.38461538461538464,0.5172413793103449,0.075,1,,,
R1,15,0.15,15,4,0.7894736842105263,0.38461538461538464,0.5172413793103449,0.075,1,,,
R1,15,0.16,15,4,0.7894736842105263,0.38461538461538464,0.5172413793103449,0.075,1,,,
R1,15,0.16999999999999998,17,4,0.8095238095238095,0.4358974358974359,0.5666666666666667,0.085,1,,,
R1,15,0.18,17,4,0.8095238095238095,0.4358974358974359,0.5666666666666667,0.085,1,,,
R1,15,0.19,18,4,0.8181818181818182,0.46153846153846156,0.5901639344262295,0.09,1,,,
R1,15,0.19999999999999998,18,4,0.8181818181818182,0.46153846153846156,0.5901639344262295,0.09,1,,,
R1,15,0.21,19,5,0.7916666666666666,0.48717948717948717,0.6031746031746031,0.095,1,,,
R1,15,0.22,19,5,0.7916666666666666,0.48717948717948717,0.6031746031746031,0.095,1,,,
R1,15,0.22999999999999998,20,5,0.8,0.5128205128205128,0.625,0.1,1,,,
R1,15,0.24,21,5,0.8076923076923077,0.5384615384615384,0.6461538461538461,0.105,1,,,
R1,15,0.25,21,5,0.8076923076923077,0.5384615384615384,0.6461538461538461,0.105,1,,,
R1,15,0.26,23,7,0.7666666666666667,0.5897435897435898,0.6666666666666667,0.115,1,,,
R1,15,0.27,23,7,0.7666666666666667,0.5897435897435898,0.6666666666666667,0.115,1,,,
R1,15,0.28,23,8,0.7419354838709677,0.5897435897435898,0.6571428571428573,0.115,1,,,
R1,15,0.29000000000000004,25,10,0.7142857142857143,0.6410256410256411,0.6756756756756757,0.125,1,,,
R1,15,0.30000000000000004,25,12,0.6756756756756757,0.6410256410256411,0.6578947368421052,0.125,1,,,
R1,15,0.31,25,12,0.6756756756756757,0.6410256410256411,0.6578947368421052,0.125,1,,,
R1,15,0.32,27,13,0.675,0.6923076923076923,0.6835443037974683,0.135,1,,,
R1,15,0.33,27,14,0.6585365853658537,0.6923076923076923,0.675,0.135,1,,,
R1,15,0.34,27,15,0.6428571428571429,0.6923076923076923,0.6666666666666666,0.135,1,,,
R1,15,0.35000000000000003,28,15,0.6511627906976745,0.717948717948718,0.6829268292682927,0.14,1,,,
R1,15,0.36000000000000004,28,15,0.6511627906976745,0.717948717948718,0.6829268292682927,0.14,1,,,
R1,15,0.37000000000000005,29,16,0.6444444444444445,0.7435897435897436,0.6904761904761906,0.145,1,,,
R1,15,0.38,30,18,0.625,0.7692307692307693,0.6896551724137931,0.15,1,,,
R1,15,0.39,30,19,0.6122448979591837,0.7692307692307693,0.6818181818181818,0.15,1,,,
R1,15,0.4,30,19,0.6122448979591837,0.7692307692307693,0.6818181818181818,0.15,1,,,
R2,15,,38,37,0.5066666666666667,0.9743589743589743,0.6666666666666667,0.19,2,0.0,0.5,
R2,15,,38,33,0.5352112676056338,0.9743589743589743,0.6909090909090908,0.19,2,0.0,0.55,
R2,15,,38,33,0.5352112676056338,0.9743589743589743,0.6909090909090908,0.19,2,0.0,0.6,
R2,15,,38,29,0.5671641791044776,0.9743589743589743,0.7169811320754718,0.19,2,0.0,0.65,
R2,15,,38,29,0.5671641791044776,0.9743589743589743,0.7169811320754718,0.19,2,0.0,0.7,
R2,15,,38,29,0.5671641791044776,0.9743589743589743,0.7169811320754718,0.19,2,0.0,0.75,
R2,15,,38,28,0.5757575757575758,0.9743589743589743,0.7238095238095238,0.19,2,0.0,0.8,
R2,15,,38,28,0.5757575757575758,0.9743589743589743,0.7238095238095238,0.19,2,0.0,0.8500000000000001,
R2,15,,38,22,0.6333333333333333,0.9743589743589743,0.7676767676767675,0.19,2,0.0,0.9,
R2,15,,38,22,0.6333333333333333,0.9743589743589743,0.7676767676767675,0.19,2,0.0,0.95,
R2,15,,38,22,0.6333333333333333,0.9743589743589743,0.7676767676767675,0.19,2,0.0,1.0,
R2,15,,38,37,0.5066666666666667,0.9743589743589743,0.6666666666666667,0.19,2,0.05,0.5,
R2,15,,38,33,0.5352112676056338,0.9743589743589743,0.6909090909090908,0.19,2,0.05,0.55,
R2,15,,38,33,0.5352112676056338,0.9743589743589743,0.6909090909090908,0.19,2,0.05,0.6,
R2,15,,38,29,0.5671641791044776,0.9743589743589743,0.7169811320754718,0.19,2,0.05,0.65,
R2,15,,38,29,0.5671641791044776,0.9743589743589743,0.7169811320754718,0.19,2,0.05,0.7,
R2,15,,38,29,0.5671641791044776,0.9743589743589743,0.7169811320754718,0.19,2,0.05,0.75,
R2,15,,38,28,0.5757575757575758,0.9743589743589743,0.7238095238095238,0.19,2,0.05,0.8,
R2,15,,38,28,0.5757575757575758,0.9743589743589743,0.7238095238095238,0.19,2,0.05,0.8500000000000001,
R2,15,,38,22,0.6333333333333333,0.9743589743589743,0.7676767676767675,0.19,2,0.05,0.9,
R2,15,,38,22,0.6333333333333333,0.9743589743589743,0.7676767676767675,0.19,2,0.05,0.95,
R2,15,,38,22,0.6333333333333333,0.9743589743589743,0.7676767676767675,0.19,2,0.05,1.0,
R2,15,,38,37,0.5066666666666667,0.9743589743589743,0.6666666666666667,0.19,2,0.1,0.5,
R2,15,,38,33,0.5352112676056338,0.9743589743589743,0.6909090909090908,0.19,2,0.1,0.55,
R2,15,,38,33,0.5352112676056338,0.9743589743589743,0.6909090909090908,0.19,2,0.1,0.6,
R2,15,,38,29,0.5671641791044776,0.9743589743589743,0.7169811320754718,0.19,2,0.1,0.65,
R2,15,,38,29,0.5671641791044776,0.9743589743589743,0.7169811320754718,0.19,2,0.1,0.7,
R2,15,,38,29,0.5671641791044776,0.9743589743589743,0.7169811320754718,0.19,2,0.1,0.75,
R2,15,,38,28,0.5757575757575758,0.9743589743589743,0.7238095238095238,0.19,2,0.1,0.8,
R2,15,,38,28,0.5757575757575758,0.9743589743589743,0.7238095238095238,0.19,2,0.1,0.8500000000000001,
R2,15,,38,22,0.6333333333333333,0.9743589743589743,0.7676767676767675,0.19,2,0.1,0.9,
R2,15,,38,22,0.6333333333333333,0.9743589743589743,0.7676767676767675,0.19,2,0.1,0.95,
R2,15,,38,22,0.6333333333333333,0.9743589743589743,0.7676767676767675,0.19,2,0.1,1.0,
R2,15,,38,51,0.42696629213483145,0.9743589743589743,0.59375,0.19,2,0.15000000000000002,0.5,
R2,15,,38,47,0.4470588235294118,0.9743589743589743,0.6129032258064516,0.19,2,0.15000000000000002,0.55,
R2,15,,38,47,0.4470588235294118,0.9743589743589743,0.6129032258064516,0.19,2,0.15000000000000002,0.6,
R2,15,,38,43,0.4691358024691358,0.9743589743589743,0.6333333333333333,0.19,2,0.15000000000000002,0.65,
R2,15,,38,43,0.4691358024691358,0.9743589743589743,0.6333333333333333,0.19,2,0.15000000000000002,0.7,
R2,15,,38,43,0.4691358024691358,0.9743589743589743,0.6333333333333333,0.19,2,0.15000000000000002,0.75,
R2,15,,38,42,0.475,0.9743589743589743,0.6386554621848739,0.19,2,0.15000000000000002,0.8,
R2,15,,38,42,0.475,0.9743589743589743,0.6386554621848739,0.19,2,0.15000000000000002,0.8500000000000001,
R2,15,,38,36,0.5135135135135135,0.9743589743589743,0.6725663716814159,0.19,2,0.15000000000000002,0.9,
R2,15,,38,36,0.5135135135135135,0.9743589743589743,0.6725663716814159,0.19,2,0.15000000000000002,0.95,
R2,15,,38,36,0.5135135135135135,0.9743589743589743,0.6725663716814159,0.19,2,0.15000000000000002,1.0,
R2,15,,38,51,0.42696629213483145,0.9743589743589743,0.59375,0.19,2,0.2,0.5,
R2,15,,38,47,0.4470588235294118,0.9743589743589743,0.6129032258064516,0.19,2,0.2,0.55,
R2,15,,38,47,0.4470588235294118,0.9743589743589743,0.6129032258064516,0.19,2,0.2,0.6,
R2,15,,38,43,0.4691358024691358,0.9743589743589743,0.6333333333333333,0.19,2,0.2,0.65,
R2,15,,38,43,0.4691358024691358,0.9743589743589743,0.6333333333333333,0.19,2,0.2,0.7,
R2,15,,38,43,0.4691358024691358,0.9743589743589743,0.6333333333333333,0.19,2,0.2,0.75,
R2,15,,38,42,0.475,0.9743589743589743,0.6386554621848739,0.19,2,0.2,0.8,
R2,15,,38,42,0.475,0.9743589743589743,0.6386554621848739,0.19,2,0.2,0.8500000000000001,
R2,15,,38,36,0.5135135135135135,0.9743589743589743,0.6725663716814159,0.19,2,0.2,0.9,
R2,15,,38,36,0.5135135135135135,0.9743589743589743,0.6725663716814159,0.19,2,0.2,0.95,
R2,15,,38,36,0.5135135135135135,0.9743589743589743,0.6725663716814159,0.19,2,0.2,1.0,
R3,15,0.02,13,16,0.4482758620689655,0.3333333333333333,0.38235294117647056,0.065,2,,0.5,
R3,15,0.02,13,12,0.52,0.3333333333333333,0.40625000000000006,0.065,2,,0.55,
R3,15,0.02,13,12,0.52,0.3333333333333333,0.40625000000000006,0.065,2,,0.6,
R3,15,0.02,13,8,0.6190476190476191,0.3333333333333333,0.43333333333333335,0.065,2,,0.65,
R3,15,0.02,13,8,0.6190476190476191,0.3333333333333333,0.43333333333333335,0.065,2,,0.7,
R3,15,0.02,13,8,0.6190476190476191,0.3333333333333333,0.43333333333333335,0.065,2,,0.75,
R3,15,0.02,13,7,0.65,0.3333333333333333,0.4406779661016949,0.065,2,,0.8,
R3,15,0.02,13,7,0.65,0.3333333333333333,0.4406779661016949,0.065,2,,0.8500000000000001,
R3,15,0.02,13,1,0.9285714285714286,0.3333333333333333,0.4905660377358491,0.065,2,,0.9,
R3,15,0.02,13,1,0.9285714285714286,0.3333333333333333,0.4905660377358491,0.065,2,,0.95,
R3,15,0.02,13,1,0.9285714285714286,0.3333333333333333,0.4905660377358491,0.065,2,,1.0,
R3,15,0.039999999999999994,14,16,0.4666666666666667,0.358974358974359,0.40579710144927544,0.07,2,,0.5,
R3,15,0.039999999999999994,14,12,0.5384615384615384,0.358974358974359,0.4307692307692308,0.07,2,,0.55,
R3,15,0.039999999999999994,14,12,0.5384615384615384,0.358974358974359,0.4307692307692308,0.07,2,,0.6,
R3,15,0.039999999999999994,14,8,0.6363636363636364,0.358974358974359,0.459016393442623,0.07,2,,0.65,
R3,15,0.039999999999999994,14,8,0.6363636363636364,0.358974358974359,0.459016393442623,0.07,2,,0.7,
R3,15,0.039999999999999994,14,8,0.6363636363636364,0.358974358974359,0.459016393442623,0.07,2,,0.75,
R3,15,0.039999999999999994,14,7,0.6666666666666666,0.358974358974359,0.4666666666666667,0.07,2,,0.8,
R3,15,0.039999999999999994,14,7,0.6666666666666666,0.358974358974359,0.4666666666666667,0.07,2,,0.8500000000000001,
R3,15,0.039999999999999994,14,1,0.9333333333333333,0.358974358974359,0.5185185185185185,0.07,2,,0.9,
R3,15,0.039999999999999994,14,1,0.9333333333333333,0.358974358974359,0.5185185185185185,0.07,2,,0.95,
R3,15,0.039999999999999994,14,1,0.9333333333333333,0.358974358974359,0.5185185185185185,0.07,2,,1.0,
R3,15,0.06,14,16,0.4666666666666667,0.358974358974359,0.40579710144927544,0.07,2,,0.5,
R3,15,0.06,14,12,0.5384615384615384,0.358974358974359,0.4307692307692308,0.07,2,,0.55,
R3,15,0.06,14,12,0.5384615384615384,0.358974358974359,0.4307692307692308,0.07,2,,0.6,
R3,15,0.06,14,8,0.6363636363636364,0.358974358974359,0.459016393442623,0.07,2,,0.65,
R3,15,0.06,14,8,0.6363636363636364,0.358974358974359,0.459016393442623,0.07,2,,0.7,
R3,15,0.06,14,8,0.6363636363636364,0.358974358974359,0.459016393442623,0.07,2,,0.75,
R3,15,0.06,14,7,0.6666666666666666,0.358974358974359,0.4666666666666667,0.07,2,,0.8,
R3,15,0.06,14,7,0.6666666666666666,0.358974358974359,0.4666666666666667,0.07,2,,0.8500000000000001,
R3,15,0.06,14,1,0.9333333333333333,0.358974358974359,0.5185185185185185,0.07,2,,0.9,
R3,15,0.06,14,1,0.9333333333333333,0.358974358974359,0.5185185185185185,0.07,2,,0.95,
R3,15,0.06,14,1,0.9333333333333333,0.358974358974359,0.5185185185185185,0.07,2,,1.0,
R3,15,0.07999999999999999,15,16,0.4838709677419355,0.38461538461538464,0.4285714285714286,0.075,2,,0.5,
R3,15,0.07999999999999999,15,12,0.5555555555555556,0.38461538461538464,0.4545454545454546,0.075,2,,0.55,
R3,15,0.07999999999999999,15,12,0.5555555555555556,0.38461538461538464,0.4545454545454546,0.075,2,,0.6,
R3,15,0.07999999999999999,15,8,0.6521739130434783,0.38461538461538464,0.4838709677419355,0.075,2,,0.65,
R3,15,0.07999999999999999,15,8,0.6521739130434783,0.38461538461538464,0.4838709677419355,0.075,2,,0.7,
R3,15,0.07999999999999999,15,8,0.6521739130434783,0.38461538461538464,0.4838709677419355,0.075,2,,0.75,
R3,15,0.07999999999999999,15,7,0.6818181818181818,0.38461538461538464,0.4918032786885246,0.075,2,,0.8,
R3,15,0.07999999999999999,15,7,0.6818181818181818,0.38461538461538464,0.4918032786885246,0.075,2,,0.8500000000000001,
R3,15,0.07999999999999999,15,2,0.8823529411764706,0.38461538461538464,0.5357142857142858,0.075,2,,0.9,
R3,15,0.07999999999999999,15,2,0.8823529411764706,0.38461538461538464,0.5357142857142858,0.075,2,,0.95,
R3,15,0.07999999999999999,15,2,0.8823529411764706,0.38461538461538464,0.5357142857142858,0.075,2,,1.0,
R3,15,0.09999999999999999,16,16,0.5,0.41025641025641024,0.4507042253521127,0.08,2,,0.5,
R3,15,0.09999999999999999,16,12,0.5714285714285714,0.41025641025641024,0.47761194029850745,0.08,2,,0.55,
R3,15,0.09999999999999999,16,12,0.5714285714285714,0.41025641025641024,0.47761194029850745,0.08,2,,0.6,
R3,15,0.09999999999999999,16,8,0.6666666666666666,0.41025641025641024,0.5079365079365079,0.08,2,,0.65,
R3,15,0.09999999999999999,16,8,0.6666666666666666,0.41025641025641024,0.5079365079365079,0.08,2,,0.7,
R3,15,0.09999999999999999,16,8,0.6666666666666666,0.41025641025641024,0.5079365079365079,0.08,2,,0.75,
R3,15,0.09999999999999999,16,7,0.6956521739130435,0.41025641025641024,0.5161290322580646,0.08,2,,0.8,
R3,15,0.09999999999999999,16,7,0.6956521739130435,0.41025641025641024,0.5161290322580646,0.08,2,,0.8500000000000001,
R3,15,0.09999999999999999,16,2,0.8888888888888888,0.41025641025641024,0.5614035087719298,0.08,2,,0.9,
R3,15,0.09999999999999999,16,2,0.8888888888888888,0.41025641025641024,0.5614035087719298,0.08,2,,0.95,
R3,15,0.09999999999999999,16,2,0.8888888888888888,0.41025641025641024,0.5614035087719298,0.08,2,,1.0,
R3,15,0.11999999999999998,18,16,0.5294117647058824,0.46153846153846156,0.4931506849315069,0.09,2,,0.5,
R3,15,0.11999999999999998,18,12,0.6,0.46153846153846156,0.5217391304347826,0.09,2,,0.55,
R3,15,0.11999999999999998,18,12,0.6,0.46153846153846156,0.5217391304347826,0.09,2,,0.6,
R3,15,0.11999999999999998,18,8,0.6923076923076923,0.46153846153846156,0.553846153846154,0.09,2,,0.65,
R3,15,0.11999999999999998,18,8,0.6923076923076923,0.46153846153846156,0.553846153846154,0.09,2,,0.7,
R3,15,0.11999999999999998,18,8,0.6923076923076923,0.46153846153846156,0.553846153846154,0.09,2,,0.75,
R3,15,0.11999999999999998,18,7,0.72,0.46153846153846156,0.5625,0.09,2,,0.8,
R3,15,0.11999999999999998,18,7,0.72,0.46153846153846156,0.5625,0.09,2,,0.8500000000000001,
R3,15,0.11999999999999998,18,2,0.9,0.46153846153846156,0.6101694915254238,0.09,2,,0.9,
R3,15,0.11999999999999998,18,2,0.9,0.46153846153846156,0.6101694915254238,0.09,2,,0.95,
R3,15,0.11999999999999998,18,2,0.9,0.46153846153846156,0.6101694915254238,0.09,2,,1.0,
R3,15,0.13999999999999999,21,18,0.5384615384615384,0.5384615384615384,0.5384615384615384,0.105,2,,0.5,
R3,15,0.13999999999999999,21,14,0.6,0.5384615384615384,0.5675675675675675,0.105,2,,0.55,
R3,15,0.13999999999999999,21,14,0.6,0.5384615384615384,0.5675675675675675,0.105,2,,0.6,
R3,15,0.13999999999999999,21,10,0.6774193548387096,0.5384615384615384,0.6,0.105,2,,0.65,
R3,15,0.13999999999999999,21,10,0.6774193548387096,0.5384615384615384,0.6,0.105,2,,0.7,
R3,15,0.13999999999999999,21,10,0.6774193548387096,0.5384615384615384,0.6,0.105,2,,0.75,
R3,15,0.13999999999999999,21,9,0.7,0.5384615384615384,0.608695652173913,0.105,2,,0.8,
R3,15,0.13999999999999999,21,9,0.7,0.5384615384615384,0.608695652173913,0.105,2,,0.8500000000000001,
R3,15,0.13999999999999999,21,4,0.84,0.5384615384615384,0.6562499999999999,0.105,2,,0.9,
R3,15,0.13999999999999999,21,4,0.84,0.5384615384615384,0.6562499999999999,0.105,2,,0.95,
R3,15,0.13999999999999999,21,4,0.84,0.5384615384615384,0.6562499999999999,0.105,2,,1.0,
R3,15,0.15999999999999998,21,18,0.5384615384615384,0.5384615384615384,0.5384615384615384,0.105,2,,0.5,
R3,15,0.15999999999999998,21,14,0.6,0.5384615384615384,0.5675675675675675,0.105,2,,0.55,
R3,15,0.15999999999999998,21,14,0.6,0.5384615384615384,0.5675675675675675,0.105,2,,0.6,
R3,15,0.15999999999999998,21,10,0.6774193548387096,0.5384615384615384,0.6,0.105,2,,0.65,
R3,15,0.15999999999999998,21,10,0.6774193548387096,0.5384615384615384,0.6,0.105,2,,0.7,
R3,15,0.15999999999999998,21,10,0.6774193548387096,0.5384615384615384,0.6,0.105,2,,0.75,
R3,15,0.15999999999999998,21,9,0.7,0.5384615384615384,0.608695652173913,0.105,2,,0.8,
R3,15,0.15999999999999998,21,9,0.7,0.5384615384615384,0.608695652173913,0.105,2,,0.8500000000000001,
R3,15,0.15999999999999998,21,4,0.84,0.5384615384615384,0.6562499999999999,0.105,2,,0.9,
R3,15,0.15999999999999998,21,4,0.84,0.5384615384615384,0.6562499999999999,0.105,2,,0.95,
R3,15,0.15999999999999998,21,4,0.84,0.5384615384615384,0.6562499999999999,0.105,2,,1.0,
R3,15,0.17999999999999997,23,18,0.5609756097560976,0.5897435897435898,0.575,0.115,2,,0.5,
R3,15,0.17999999999999997,23,14,0.6216216216216216,0.5897435897435898,0.6052631578947368,0.115,2,,0.55,
R3,15,0.17999999999999997,23,14,0.6216216216216216,0.5897435897435898,0.6052631578947368,0.115,2,,0.6,
R3,15,0.17999999999999997,23,10,0.696969696969697,0.5897435897435898,0.638888888888889,0.115,2,,0.65,
R3,15,0.17999999999999997,23,10,0.696969696969697,0.5897435897435898,0.638888888888889,0.115,2,,0.7,
R3,15,0.17999999999999997,23,10,0.696969696969697,0.5897435897435898,0.638888888888889,0.115,2,,0.75,
R3,15,0.17999999999999997,23,9,0.71875,0.5897435897435898,0.6478873239436619,0.115,2,,0.8,
R3,15,0.17999999999999997,23,9,0.71875,0.5897435897435898,0.6478873239436619,0.115,2,,0.8500000000000001,
R3,15,0.17999999999999997,23,4,0.8518518518518519,0.5897435897435898,0.6969696969696971,0.115,2,,0.9,
R3,15,0.17999999999999997,23,4,0.8518518518518519,0.5897435897435898,0.6969696969696971,0.115,2,,0.95,
R3,15,0.17999999999999997,23,4,0.8518518518518519,0.5897435897435898,0.6969696969696971,0.115,2,,1.0,
R3,15,0.19999999999999996,23,18,0.5609756097560976,0.5897435897435898,0.575,0.115,2,,0.5,
R3,15,0.19999999999999996,23,14,0.6216216216216216,0.5897435897435898,0.6052631578947368,0.115,2,,0.55,
R3,15,0.19999999999999996,23,14,0.6216216216216216,0.5897435897435898,0.6052631578947368,0.115,2,,0.6,
R3,15,0.19999999999999996,23,10,0.696969696969697,0.5897435897435898,0.638888888888889,0.115,2,,0.65,
R3,15,0.19999999999999996,23,10,0.696969696969697,0.5897435897435898,0.638888888888889,0.115,2,,0.7,
R3,15,0.19999999999999996,23,10,0.696969696969697,0.5897435897435898,0.638888888888889,0.115,2,,0.75,
R3,15,0.19999999999999996,23,9,0.71875,0.5897435897435898,0.6478873239436619,0.115,2,,0.8,
R3,15,0.19999999999999996,23,9,0.71875,0.5897435897435898,0.6478873239436619,0.115,2,,0.8500000000000001,
R3,15,0.19999999999999996,23,4,0.8518518518518519,0.5897435897435898,0.6969696969696971,0.115,2,,0.9,
R3,15,0.19999999999999996,23,4,0.8518518518518519,0.5897435897435898,0.6969696969696971,0.115,2,,0.95,
R3,15,0.19999999999999996,23,4,0.8518518518518519,0.5897435897435898,0.6969696969696971,0.115,2,,1.0,
R3,15,0.21999999999999995,24,19,0.5581395348837209,0.6153846153846154,0.5853658536585366,0.12,2,,0.5,
R3,15,0.21999999999999995,24,15,0.6153846153846154,0.6153846153846154,0.6153846153846154,0.12,2,,0.55,
R3,15,0.21999999999999995,24,15,0.6153846153846154,0.6153846153846154,0.6153846153846154,0.12,2,,0.6,
R3,15,0.21999999999999995,24,11,0.6857142857142857,0.6153846153846154,0.6486486486486486,0.12,2,,0.65,
R3,15,0.21999999999999995,24,11,0.6857142857142857,0.6153846153846154,0.6486486486486486,0.12,2,,0.7,
R3,15,0.21999999999999995,24,11,0.6857142857142857,0.6153846153846154,0.6486486486486486,0.12,2,,0.75,
R3,15,0.21999999999999995,24,10,0.7058823529411765,0.6153846153846154,0.6575342465753424,0.12,2,,0.8,
R3,15,0.21999999999999995,24,10,0.7058823529411765,0.6153846153846154,0.6575342465753424,0.12,2,,0.8500000000000001,
R3,15,0.21999999999999995,24,5,0.8275862068965517,0.6153846153846154,0.7058823529411765,0.12,2,,0.9,
R3,15,0.21999999999999995,24,5,0.8275862068965517,0.6153846153846154,0.7058823529411765,0.12,2,,0.95,
R3,15,0.21999999999999995,24,5,0.8275862068965517,0.6153846153846154,0.7058823529411765,0.12,2,,1.0,
R3,15,0.23999999999999996,25,19,0.5681818181818182,0.6410256410256411,0.6024096385542169,0.125,2,,0.5,
R3,15,0.23999999999999996,25,15,0.625,0.6410256410256411,0.6329113924050633,0.125,2,,0.55,
R3,15,0.23999999999999996,25,15,0.625,0.6410256410256411,0.6329113924050633,0.125,2,,0.6,
R3,15,0.23999999999999996,25,11,0.6944444444444444,0.6410256410256411,0.6666666666666666,0.125,2,,0.65,
R3,15,0.23999999999999996,25,11,0.6944444444444444,0.6410256410256411,0.6666666666666666,0.125,2,,0.7,
R3,15,0.23999999999999996,25,11,0.6944444444444444,0.6410256410256411,0.6666666666666666,0.125,2,,0.75,
R3,15,0.23999999999999996,25,10,0.7142857142857143,0.6410256410256411,0.6756756756756757,0.125,2,,0.8,
R3,15,0.23999999999999996,25,10,0.7142857142857143,0.6410256410256411,0.6756756756756757,0.125,2,,0.8500000000000001,
R3,15,0.23999999999999996,25,5,0.8333333333333334,0.6410256410256411,0.7246376811594204,0.125,2,,0.9,
R3,15,0.23999999999999996,25,5,0.8333333333333334,0.6410256410256411,0.7246376811594204,0.125,2,,0.95,
R3,15,0.23999999999999996,25,5,0.8333333333333334,0.6410256410256411,0.7246376811594204,0.125,2,,1.0,
R3,15,0.25999999999999995,26,21,0.5531914893617021,0.6666666666666666,0.6046511627906976,0.13,2,,0.5,
R3,15,0.25999999999999995,26,17,0.6046511627906976,0.6666666666666666,0.6341463414634145,0.13,2,,0.55,
R3,15,0.25999999999999995,26,17,0.6046511627906976,0.6666666666666666,0.6341463414634145,0.13,2,,0.6,
R3,15,0.25999999999999995,26,13,0.6666666666666666,0.6666666666666666,0.6666666666666666,0.13,2,,0.65,
R3,15,0.25999999999999995,26,13,0.6666666666666666,0.6666666666666666,0.6666666666666666,0.13,2,,0.7,
R3,15,0.25999999999999995,26,13,0.6666666666666666,0.6666666666666666,0.6666666666666666,0.13,2,,0.75,
R3,15,0.25999999999999995,26,12,0.6842105263157895,0.6666666666666666,0.6753246753246753,0.13,2,,0.8,
R3,15,0.25999999999999995,26,12,0.6842105263157895,0.6666666666666666,0.6753246753246753,0.13,2,,0.8500000000000001,
R3,15,0.25999999999999995,26,7,0.7878787878787878,0.6666666666666666,0.7222222222222221,0.13,2,,0.9,
R3,15,0.25999999999999995,26,7,0.7878787878787878,0.6666666666666666,0.7222222222222221,0.13,2,,0.95,
R3,15,0.25999999999999995,26,7,0.7878787878787878,0.6666666666666666,0.7222222222222221,0.13,2,,1.0,
R3,15,0.27999999999999997,26,21,0.5531914893617021,0.6666666666666666,0.6046511627906976,0.13,2,,0.5,
R3,15,0.27999999999999997,26,17,0.6046511627906976,0.6666666666666666,0.6341463414634145,0.13,2,,0.55,
R3,15,0.27999999999999997,26,17,0.6046511627906976,0.6666666666666666,0.6341463414634145,0.13,2,,0.6,
R3,15,0.27999999999999997,26,13,0.6666666666666666,0.6666666666666666,0.6666666666666666,0.13,2,,0.65,
R3,15,0.27999999999999997,26,13,0.6666666666666666,0.6666666666666666,0.6666666666666666,0.13,2,,0.7,
R3,15,0.27999999999999997,26,13,0.6666666666666666,0.6666666666666666,0.6666666666666666,0.13,2,,0.75,
R3,15,0.27999999999999997,26,12,0.6842105263157895,0.6666666666666666,0.6753246753246753,0.13,2,,0.8,
R3,15,0.27999999999999997,26,12,0.6842105263157895,0.6666666666666666,0.6753246753246753,0.13,2,,0.8500000000000001,
R3,15,0.27999999999999997,26,8,0.7647058823529411,0.6666666666666666,0.7123287671232877,0.13,2,,0.9,
R3,15,0.27999999999999997,26,8,0.7647058823529411,0.6666666666666666,0.7123287671232877,0.13,2,,0.95,
R3,15,0.27999999999999997,26,8,0.7647058823529411,0.6666666666666666,0.7123287671232877,0.13,2,,1.0,
R3,15,0.3,27,24,0.5294117647058824,0.6923076923076923,0.5999999999999999,0.135,2,,0.5,
R3,15,0.3,27,20,0.574468085106383,0.6923076923076923,0.627906976744186,0.135,2,,0.55,
R3,15,0.3,27,20,0.574468085106383,0.6923076923076923,0.627906976744186,0.135,2,,0.6,
R3,15,0.3,27,16,0.627906976744186,0.6923076923076923,0.6585365853658537,0.135,2,,0.65,
R3,15,0.3,27,16,0.627906976744186,0.6923076923076923,0.6585365853658537,0.135,2,,0.7,
R3,15,0.3,27,16,0.627906976744186,0.6923076923076923,0.6585365853658537,0.135,2,,0.75,
R3,15,0.3,27,15,0.6428571428571429,0.6923076923076923,0.6666666666666666,0.135,2,,0.8,
R3,15,0.3,27,15,0.6428571428571429,0.6923076923076923,0.6666666666666666,0.135,2,,0.8500000000000001,
R3,15,0.3,27,12,0.6923076923076923,0.6923076923076923,0.6923076923076923,0.135,2,,0.9,
R3,15,0.3,27,12,0.6923076923076923,0.6923076923076923,0.6923076923076923,0.135,2,,0.95,
R3,15,0.3,27,12,0.6923076923076923,0.6923076923076923,0.6923076923076923,0.135,2,,1.0,
R3b,15,0.02,30,22,0.5769230769230769,0.7692307692307693,0.6593406593406593,0.15,2,0.0,,
R3b,15,0.02,30,22,0.5769230769230769,0.7692307692307693,0.6593406593406593,0.15,2,0.05,,
R3b,15,0.02,30,22,0.5769230769230769,0.7692307692307693,0.6593406593406593,0.15,2,0.1,,
R3b,15,0.02,30,36,0.45454545454545453,0.7692307692307693,0.5714285714285714,0.15,2,0.15,,
R3b,15,0.039999999999999994,32,22,0.5925925925925926,0.8205128205128205,0.6881720430107526,0.16,2,0.0,,
R3b,15,0.039999999999999994,32,22,0.5925925925925926,0.8205128205128205,0.6881720430107526,0.16,2,0.05,,
R3b,15,0.039999999999999994,32,22,0.5925925925925926,0.8205128205128205,0.6881720430107526,0.16,2,0.1,,
R3b,15,0.039999999999999994,32,36,0.47058823529411764,0.8205128205128205,0.5981308411214953,0.16,2,0.15,,
R3b,15,0.06,32,22,0.5925925925925926,0.8205128205128205,0.6881720430107526,0.16,2,0.0,,
R3b,15,0.06,32,22,0.5925925925925926,0.8205128205128205,0.6881720430107526,0.16,2,0.05,,
R3b,15,0.06,32,22,0.5925925925925926,0.8205128205128205,0.6881720430107526,0.16,2,0.1,,
R3b,15,0.06,32,36,0.47058823529411764,0.8205128205128205,0.5981308411214953,0.16,2,0.15,,
R3b,15,0.07999999999999999,32,23,0.5818181818181818,0.8205128205128205,0.6808510638297872,0.16,2,0.0,,
R3b,15,0.07999999999999999,32,23,0.5818181818181818,0.8205128205128205,0.6808510638297872,0.16,2,0.05,,
R3b,15,0.07999999999999999,32,23,0.5818181818181818,0.8205128205128205,0.6808510638297872,0.16,2,0.1,,
R3b,15,0.07999999999999999,32,37,0.463768115942029,0.8205128205128205,0.5925925925925926,0.16,2,0.15,,
R3b,15,0.09999999999999999,32,23,0.5818181818181818,0.8205128205128205,0.6808510638297872,0.16,2,0.0,,
R3b,15,0.09999999999999999,32,23,0.5818181818181818,0.8205128205128205,0.6808510638297872,0.16,2,0.05,,
R3b,15,0.09999999999999999,32,23,0.5818181818181818,0.8205128205128205,0.6808510638297872,0.16,2,0.1,,
R3b,15,0.09999999999999999,32,37,0.463768115942029,0.8205128205128205,0.5925925925925926,0.16,2,0.15,,
R3b,15,0.11999999999999998,32,23,0.5818181818181818,0.8205128205128205,0.6808510638297872,0.16,2,0.0,,
R3b,15,0.11999999999999998,32,23,0.5818181818181818,0.8205128205128205,0.6808510638297872,0.16,2,0.05,,
R3b,15,0.11999999999999998,32,23,0.5818181818181818,0.8205128205128205,0.6808510638297872,0.16,2,0.1,,
R3b,15,0.11999999999999998,32,37,0.463768115942029,0.8205128205128205,0.5925925925925926,0.16,2,0.15,,
R3b,15,0.13999999999999999,32,23,0.5818181818181818,0.8205128205128205,0.6808510638297872,0.16,2,0.0,,
R3b,15,0.13999999999999999,32,23,0.5818181818181818,0.8205128205128205,0.6808510638297872,0.16,2,0.05,,
R3b,15,0.13999999999999999,32,23,0.5818181818181818,0.8205128205128205,0.6808510638297872,0.16,2,0.1,,
R3b,15,0.13999999999999999,32,37,0.463768115942029,0.8205128205128205,0.5925925925925926,0.16,2,0.15,,
R3b,15,0.15999999999999998,32,23,0.5818181818181818,0.8205128205128205,0.6808510638297872,0.16,2,0.0,,
R3b,15,0.15999999999999998,32,23,0.5818181818181818,0.8205128205128205,0.6808510638297872,0.16,2,0.05,,
R3b,15,0.15999999999999998,32,23,0.5818181818181818,0.8205128205128205,0.6808510638297872,0.16,2,0.1,,
R3b,15,0.15999999999999998,32,37,0.463768115942029,0.8205128205128205,0.5925925925925926,0.16,2,0.15,,
R3b,15,0.17999999999999997,32,23,0.5818181818181818,0.8205128205128205,0.6808510638297872,0.16,2,0.0,,
R3b,15,0.17999999999999997,32,23,0.5818181818181818,0.8205128205128205,0.6808510638297872,0.16,2,0.05,,
R3b,15,0.17999999999999997,32,23,0.5818181818181818,0.8205128205128205,0.6808510638297872,0.16,2,0.1,,
R3b,15,0.17999999999999997,32,37,0.463768115942029,0.8205128205128205,0.5925925925925926,0.16,2,0.15,,
R3b,15,0.19999999999999996,33,23,0.5892857142857143,0.8461538461538461,0.6947368421052632,0.165,2,0.0,,
R3b,15,0.19999999999999996,33,23,0.5892857142857143,0.8461538461538461,0.6947368421052632,0.165,2,0.05,,
R3b,15,0.19999999999999996,33,23,0.5892857142857143,0.8461538461538461,0.6947368421052632,0.165,2,0.1,,
R3b,15,0.19999999999999996,33,37,0.4714285714285714,0.8461538461538461,0.6055045871559632,0.165,2,0.15,,
R3b,15,0.21999999999999995,33,23,0.5892857142857143,0.8461538461538461,0.6947368421052632,0.165,2,0.0,,
R3b,15,0.21999999999999995,33,23,0.5892857142857143,0.8461538461538461,0.6947368421052632,0.165,2,0.05,,
R3b,15,0.21999999999999995,33,23,0.5892857142857143,0.8461538461538461,0.6947368421052632,0.165,2,0.1,,
R3b,15,0.21999999999999995,33,37,0.4714285714285714,0.8461538461538461,0.6055045871559632,0.165,2,0.15,,
R3b,15,0.23999999999999996,34,23,0.5964912280701754,0.8717948717948718,0.7083333333333334,0.17,2,0.0,,
R3b,15,0.23999999999999996,34,23,0.5964912280701754,0.8717948717948718,0.7083333333333334,0.17,2,0.05,,
R3b,15,0.23999999999999996,34,23,0.5964912280701754,0.8717948717948718,0.7083333333333334,0.17,2,0.1,,
R3b,15,0.23999999999999996,34,37,0.4788732394366197,0.8717948717948718,0.6181818181818182,0.17,2,0.15,,
R3b,15,0.25999999999999995,35,24,0.5932203389830508,0.8974358974358975,0.7142857142857142,0.175,2,0.0,,
R3b,15,0.25999999999999995,35,24,0.5932203389830508,0.8974358974358975,0.7142857142857142,0.175,2,0.05,,
R3b,15,0.25999999999999995,35,24,0.5932203389830508,0.8974358974358975,0.7142857142857142,0.175,2,0.1,,
R3b,15,0.25999999999999995,35,37,0.4861111111111111,0.8974358974358975,0.6306306306306306,0.175,2,0.15,,
R3b,15,0.27999999999999997,35,25,0.5833333333333334,0.8974358974358975,0.7070707070707071,0.175,2,0.0,,
R3b,15,0.27999999999999997,35,25,0.5833333333333334,0.8974358974358975,0.7070707070707071,0.175,2,0.05,,
R3b,15,0.27999999999999997,35,25,0.5833333333333334,0.8974358974358975,0.7070707070707071,0.175,2,0.1,,
R3b,15,0.27999999999999997,35,38,0.4794520547945205,0.8974358974358975,0.625,0.175,2,0.15,,
R3b,15,0.3,36,26,0.5806451612903226,0.9230769230769231,0.7128712871287128,0.18,2,0.0,,
R3b,15,0.3,36,26,0.5806451612903226,0.9230769230769231,0.7128712871287128,0.18,2,0.05,,
R3b,15,0.3,36,26,0.5806451612903226,0.9230769230769231,0.7128712871287128,0.18,2,0.1,,
R3b,15,0.3,36,39,0.48,0.9230769230769231,0.631578947368421,0.18,2,0.15,,
R4,15,0.05,16,22,0.42105263157894735,0.41025641025641024,0.4155844155844156,0.08,4,0.0,0.5,0.4
R4,15,0.05,16,18,0.47058823529411764,0.41025641025641024,0.4383561643835616,0.08,4,0.0,0.6,0.4
R4,15,0.05,16,15,0.5161290322580645,0.41025641025641024,0.4571428571428572,0.08,4,0.0,0.7,0.4
R4,15,0.05,16,14,0.5333333333333333,0.41025641025641024,0.463768115942029,0.08,4,0.0,0.8,0.4
R4,15,0.05,16,13,0.5517241379310345,0.41025641025641024,0.47058823529411764,0.08,4,0.0,0.9,0.4
R4,15,0.05,16,13,0.5517241379310345,0.41025641025641024,0.47058823529411764,0.08,4,0.0,1.0,0.4
R4,15,0.05,16,22,0.42105263157894735,0.41025641025641024,0.4155844155844156,0.08,4,0.05,0.5,0.4
R4,15,0.05,16,18,0.47058823529411764,0.41025641025641024,0.4383561643835616,0.08,4,0.05,0.6,0.4
R4,15,0.05,16,15,0.5161290322580645,0.41025641025641024,0.4571428571428572,0.08,4,0.05,0.7,0.4
R4,15,0.05,16,14,0.5333333333333333,0.41025641025641024,0.463768115942029,0.08,4,0.05,0.8,0.4
R4,15,0.05,16,13,0.5517241379310345,0.41025641025641024,0.47058823529411764,0.08,4,0.05,0.9,0.4
R4,15,0.05,16,13,0.5517241379310345,0.41025641025641024,0.47058823529411764,0.08,4,0.05,1.0,0.4
R4,15,0.05,16,22,0.42105263157894735,0.41025641025641024,0.4155844155844156,0.08,4,0.1,0.5,0.4
R4,15,0.05,16,18,0.47058823529411764,0.41025641025641024,0.4383561643835616,0.08,4,0.1,0.6,0.4
R4,15,0.05,16,15,0.5161290322580645,0.41025641025641024,0.4571428571428572,0.08,4,0.1,0.7,0.4
R4,15,0.05,16,14,0.5333333333333333,0.41025641025641024,0.463768115942029,0.08,4,0.1,0.8,0.4
R4,15,0.05,16,13,0.5517241379310345,0.41025641025641024,0.47058823529411764,0.08,4,0.1,0.9,0.4
R4,15,0.05,16,13,0.5517241379310345,0.41025641025641024,0.47058823529411764,0.08,4,0.1,1.0,0.4
R4,15,0.05,15,16,0.4838709677419355,0.38461538461538464,0.4285714285714286,0.075,4,0.0,0.5,0.45
R4,15,0.05,15,12,0.5555555555555556,0.38461538461538464,0.4545454545454546,0.075,4,0.0,0.6,0.45
R4,15,0.05,15,10,0.6,0.38461538461538464,0.46875,0.075,4,0.0,0.7,0.45
R4,15,0.05,15,9,0.625,0.38461538461538464,0.4761904761904762,0.075,4,0.0,0.8,0.45
R4,15,0.05,15,9,0.625,0.38461538461538464,0.4761904761904762,0.075,4,0.0,0.9,0.45
R4,15,0.05,15,9,0.625,0.38461538461538464,0.4761904761904762,0.075,4,0.0,1.0,0.45
R4,15,0.05,15,16,0.4838709677419355,0.38461538461538464,0.4285714285714286,0.075,4,0.05,0.5,0.45
R4,15,0.05,15,12,0.5555555555555556,0.38461538461538464,0.4545454545454546,0.075,4,0.05,0.6,0.45
R4,15,0.05,15,10,0.6,0.38461538461538464,0.46875,0.075,4,0.05,0.7,0.45
R4,15,0.05,15,9,0.625,0.38461538461538464,0.4761904761904762,0.075,4,0.05,0.8,0.45
R4,15,0.05,15,9,0.625,0.38461538461538464,0.4761904761904762,0.075,4,0.05,0.9,0.45
R4,15,0.05,15,9,0.625,0.38461538461538464,0.4761904761904762,0.075,4,0.05,1.0,0.45
R4,15,0.05,15,16,0.4838709677419355,0.38461538461538464,0.4285714285714286,0.075,4,0.1,0.5,0.45
R4,15,0.05,15,12,0.5555555555555556,0.38461538461538464,0.4545454545454546,0.075,4,0.1,0.6,0.45
R4,15,0.05,15,10,0.6,0.38461538461538464,0.46875,0.075,4,0.1,0.7,0.45
R4,15,0.05,15,9,0.625,0.38461538461538464,0.4761904761904762,0.075,4,0.1,0.8,0.45
R4,15,0.05,15,9,0.625,0.38461538461538464,0.4761904761904762,0.075,4,0.1,0.9,0.45
R4,15,0.05,15,9,0.625,0.38461538461538464,0.4761904761904762,0.075,4,0.1,1.0,0.45
R4,15,0.05,15,14,0.5172413793103449,0.38461538461538464,0.4411764705882353,0.075,4,0.0,0.5,0.5
R4,15,0.05,15,10,0.6,0.38461538461538464,0.46875,0.075,4,0.0,0.6,0.5
R4,15,0.05,15,8,0.6521739130434783,0.38461538461538464,0.4838709677419355,0.075,4,0.0,0.7,0.5
R4,15,0.05,15,7,0.6818181818181818,0.38461538461538464,0.4918032786885246,0.075,4,0.0,0.8,0.5
R4,15,0.05,15,7,0.6818181818181818,0.38461538461538464,0.4918032786885246,0.075,4,0.0,0.9,0.5
R4,15,0.05,15,7,0.6818181818181818,0.38461538461538464,0.4918032786885246,0.075,4,0.0,1.0,0.5
R4,15,0.05,15,14,0.5172413793103449,0.38461538461538464,0.4411764705882353,0.075,4,0.05,0.5,0.5
R4,15,0.05,15,10,0.6,0.38461538461538464,0.46875,0.075,4,0.05,0.6,0.5
R4,15,0.05,15,8,0.6521739130434783,0.38461538461538464,0.4838709677419355,0.075,4,0.05,0.7,0.5
R4,15,0.05,15,7,0.6818181818181818,0.38461538461538464,0.4918032786885246,0.075,4,0.05,0.8,0.5
R4,15,0.05,15,7,0.6818181818181818,0.38461538461538464,0.4918032786885246,0.075,4,0.05,0.9,0.5
R4,15,0.05,15,7,0.6818181818181818,0.38461538461538464,0.4918032786885246,0.075,4,0.05,1.0,0.5
R4,15,0.05,15,14,0.5172413793103449,0.38461538461538464,0.4411764705882353,0.075,4,0.1,0.5,0.5
R4,15,0.05,15,10,0.6,0.38461538461538464,0.46875,0.075,4,0.1,0.6,0.5
R4,15,0.05,15,8,0.6521739130434783,0.38461538461538464,0.4838709677419355,0.075,4,0.1,0.7,0.5
R4,15,0.05,15,7,0.6818181818181818,0.38461538461538464,0.4918032786885246,0.075,4,0.1,0.8,0.5
R4,15,0.05,15,7,0.6818181818181818,0.38461538461538464,0.4918032786885246,0.075,4,0.1,0.9,0.5
R4,15,0.05,15,7,0.6818181818181818,0.38461538461538464,0.4918032786885246,0.075,4,0.1,1.0,0.5
R4,15,0.05,15,12,0.5555555555555556,0.38461538461538464,0.4545454545454546,0.075,4,0.0,0.5,0.55
R4,15,0.05,15,8,0.6521739130434783,0.38461538461538464,0.4838709677419355,0.075,4,0.0,0.6,0.55
R4,15,0.05,15,6,0.7142857142857143,0.38461538461538464,0.5,0.075,4,0.0,0.7,0.55
R4,15,0.05,15,5,0.75,0.38461538461538464,0.5084745762711865,0.075,4,0.0,0.8,0.55
R4,15,0.05,15,5,0.75,0.38461538461538464,0.5084745762711865,0.075,4,0.0,0.9,0.55
R4,15,0.05,15,5,0.75,0.38461538461538464,0.5084745762711865,0.075,4,0.0,1.0,0.55
R4,15,0.05,15,12,0.5555555555555556,0.38461538461538464,0.4545454545454546,0.075,4,0.05,0.5,0.55
R4,15,0.05,15,8,0.6521739130434783,0.38461538461538464,0.4838709677419355,0.075,4,0.05,0.6,0.55
R4,15,0.05,15,6,0.7142857142857143,0.38461538461538464,0.5,0.075,4,0.05,0.7,0.55
R4,15,0.05,15,5,0.75,0.38461538461538464,0.5084745762711865,0.075,4,0.05,0.8,0.55
R4,15,0.05,15,5,0.75,0.38461538461538464,0.5084745762711865,0.075,4,0.05,0.9,0.55
R4,15,0.05,15,5,0.75,0.38461538461538464,0.5084745762711865,0.075,4,0.05,1.0,0.55
R4,15,0.05,15,12,0.5555555555555556,0.38461538461538464,0.4545454545454546,0.075,4,0.1,0.5,0.55
R4,15,0.05,15,8,0.6521739130434783,0.38461538461538464,0.4838709677419355,0.075,4,0.1,0.6,0.55
R4,15,0.05,15,6,0.7142857142857143,0.38461538461538464,0.5,0.075,4,0.1,0.7,0.55
R4,15,0.05,15,5,0.75,0.38461538461538464,0.5084745762711865,0.075,4,0.1,0.8,0.55
R4,15,0.05,15,5,0.75,0.38461538461538464,0.5084745762711865,0.075,4,0.1,0.9,0.55
R4,15,0.05,15,5,0.75,0.38461538461538464,0.5084745762711865,0.075,4,0.1,1.0,0.55
R4,15,0.05,14,8,0.6363636363636364,0.358974358974359,0.459016393442623,0.07,4,0.0,0.5,0.6
R4,15,0.05,14,4,0.7777777777777778,0.358974358974359,0.49122807017543857,0.07,4,0.0,0.6,0.6
R4,15,0.05,14,4,0.7777777777777778,0.358974358974359,0.49122807017543857,0.07,4,0.0,0.7,0.6
R4,15,0.05,14,4,0.7777777777777778,0.358974358974359,0.49122807017543857,0.07,4,0.0,0.8,0.6
R4,15,0.05,14,4,0.7777777777777778,0.358974358974359,0.49122807017543857,0.07,4,0.0,0.9,0.6
R4,15,0.05,14,4,0.7777777777777778,0.358974358974359,0.49122807017543857,0.07,4,0.0,1.0,0.6
R4,15,0.05,14,8,0.6363636363636364,0.358974358974359,0.459016393442623,0.07,4,0.05,0.5,0.6
R4,15,0.05,14,4,0.7777777777777778,0.358974358974359,0.49122807017543857,0.07,4,0.05,0.6,0.6
R4,15,0.05,14,4,0.7777777777777778,0.358974358974359,0.49122807017543857,0.07,4,0.05,0.7,0.6
R4,15,0.05,14,4,0.7777777777777778,0.358974358974359,0.49122807017543857,0.07,4,0.05,0.8,0.6
R4,15,0.05,14,4,0.7777777777777778,0.358974358974359,0.49122807017543857,0.07,4,0.05,0.9,0.6
R4,15,0.05,14,4,0.7777777777777778,0.358974358974359,0.49122807017543857,0.07,4,0.05,1.0,0.6
R4,15,0.05,14,8,0.6363636363636364,0.358974358974359,0.459016393442623,0.07,4,0.1,0.5,0.6
R4,15,0.05,14,4,0.7777777777777778,0.358974358974359,0.49122807017543857,0.07,4,0.1,0.6,0.6
R4,15,0.05,14,4,0.7777777777777778,0.358974358974359,0.49122807017543857,0.07,4,0.1,0.7,0.6
R4,15,0.05,14,4,0.7777777777777778,0.358974358974359,0.49122807017543857,0.07,4,0.1,0.8,0.6
R4,15,0.05,14,4,0.7777777777777778,0.358974358974359,0.49122807017543857,0.07,4,0.1,0.9,0.6
R4,15,0.05,14,4,0.7777777777777778,0.358974358974359,0.49122807017543857,0.07,4,0.1,1.0,0.6
R4,15,0.05,10,4,0.7142857142857143,0.2564102564102564,0.3773584905660377,0.05,4,0.0,0.5,0.6499999999999999
R4,15,0.05,10,1,0.9090909090909091,0.2564102564102564,0.3999999999999999,0.05,4,0.0,0.6,0.6499999999999999
R4,15,0.05,10,1,0.9090909090909091,0.2564102564102564,0.3999999999999999,0.05,4,0.0,0.7,0.6499999999999999
R4,15,0.05,10,1,0.9090909090909091,0.2564102564102564,0.3999999999999999,0.05,4,0.0,0.8,0.6499999999999999
R4,15,0.05,10,1,0.9090909090909091,0.2564102564102564,0.3999999999999999,0.05,4,0.0,0.9,0.6499999999999999
R4,15,0.05,10,1,0.9090909090909091,0.2564102564102564,0.3999999999999999,0.05,4,0.0,1.0,0.6499999999999999
R4,15,0.05,10,4,0.7142857142857143,0.2564102564102564,0.3773584905660377,0.05,4,0.05,0.5,0.6499999999999999
R4,15,0.05,10,1,0.9090909090909091,0.2564102564102564,0.3999999999999999,0.05,4,0.05,0.6,0.6499999999999999
R4,15,0.05,10,1,0.9090909090909091,0.2564102564102564,0.3999999999999999,0.05,4,0.05,0.7,0.6499999999999999
R4,15,0.05,10,1,0.9090909090909091,0.2564102564102564,0.3999999999999999,0.05,4,0.05,0.8,0.6499999999999999
R4,15,0.05,10,1,0.9090909090909091,0.2564102564102564,0.3999999999999999,0.05,4,0.05,0.9,0.6499999999999999
R4,15,0.05,10,1,0.9090909090909091,0.2564102564102564,0.3999999999999999,0.05,4,0.05,1.0,0.6499999999999999
R4,15,0.05,10,4,0.7142857142857143,0.2564102564102564,0.3773584905660377,0.05,4,0.1,0.5,0.6499999999999999
R4,15,0.05,10,1,0.9090909090909091,0.2564102564102564,0.3999999999999999,0.05,4,0.1,0.6,0.6499999999999999
R4,15,0.05,10,1,0.9090909090909091,0.2564102564102564,0.3999999999999999,0.05,4,0.1,0.7,0.6499999999999999
R4,15,0.05,10,1,0.9090909090909091,0.2564102564102564,0.3999999999999999,0.05,4,0.1,0.8,0.6499999999999999
R4,15,0.05,10,1,0.9090909090909091,0.2564102564102564,0.3999999999999999,0.05,4,0.1,0.9,0.6499999999999999
R4,15,0.05,10,1,0.9090909090909091,0.2564102564102564,0.3999999999999999,0.05,4,0.1,1.0,0.6499999999999999
R4,15,0.05,9,3,0.75,0.23076923076923078,0.3529411764705882,0.045,4,0.0,0.5,0.7
R4,15,0.05,9,1,0.9,0.23076923076923078,0.3673469387755102,0.045,4,0.0,0.6,0.7
R4,15,0.05,9,1,0.9,0.23076923076923078,0.3673469387755102,0.045,4,0.0,0.7,0.7
R4,15,0.05,9,1,0.9,0.23076923076923078,0.3673469387755102,0.045,4,0.0,0.8,0.7
R4,15,0.05,9,1,0.9,0.23076923076923078,0.3673469387755102,0.045,4,0.0,0.9,0.7
R4,15,0.05,9,1,0.9,0.23076923076923078,0.3673469387755102,0.045,4,0.0,1.0,0.7
R4,15,0.05,9,3,0.75,0.23076923076923078,0.3529411764705882,0.045,4,0.05,0.5,0.7
R4,15,0.05,9,1,0.9,0.23076923076923078,0.3673469387755102,0.045,4,0.05,0.6,0.7
R4,15,0.05,9,1,0.9,0.23076923076923078,0.3673469387755102,0.045,4,0.05,0.7,0.7
R4,15,0.05,9,1,0.9,0.23076923076923078,0.3673469387755102,0.045,4,0.05,0.8,0.7
R4,15,0.05,9,1,0.9,0.23076923076923078,0.3673469387755102,0.045,4,0.05,0.9,0.7
R4,15,0.05,9,1,0.9,0.23076923076923078,0.3673469387755102,0.045,4,0.05,1.0,0.7
R4,15,0.05,9,3,0.75,0.23076923076923078,0.3529411764705882,0.045,4,0.1,0.5,0.7
R4,15,0.05,9,1,0.9,0.23076923076923078,0.3673469387755102,0.045,4,0.1,0.6,0.7
R4,15,0.05,9,1,0.9,0.23076923076923078,0.3673469387755102,0.045,4,0.1,0.7,0.7
R4,15,0.05,9,1,0.9,0.23076923076923078,0.3673469387755102,0.045,4,0.1,0.8,0.7
R4,15,0.05,9,1,0.9,0.23076923076923078,0.3673469387755102,0.045,4,0.1,0.9,0.7
R4,15,0.05,9,1,0.9,0.23076923076923078,0.3673469387755102,0.045,4,0.1,1.0,0.7
R4,15,0.07500000000000001,16,23,0.41025641025641024,0.41025641025641024,0.41025641025641024,0.08,4,0.0,0.5,0.4
R4,15,0.07500000000000001,16,19,0.45714285714285713,0.41025641025641024,0.4324324324324324,0.08,4,0.0,0.6,0.4
R4,15,0.07500000000000001,16,16,0.5,0.41025641025641024,0.4507042253521127,0.08,4,0.0,0.7,0.4
R4,15,0.07500000000000001,16,15,0.5161290322580645,0.41025641025641024,0.4571428571428572,0.08,4,0.0,0.8,0.4
R4,15,0.07500000000000001,16,14,0.5333333333333333,0.41025641025641024,0.463768115942029,0.08,4,0.0,0.9,0.4
R4,15,0.07500000000000001,16,14,0.5333333333333333,0.41025641025641024,0.463768115942029,0.08,4,0.0,1.0,0.4
R4,15,0.07500000000000001,16,23,0.41025641025641024,0.41025641025641024,0.41025641025641024,0.08,4,0.05,0.5,0.4
R4,15,0.07500000000000001,16,19,0.45714285714285713,0.41025641025641024,0.4324324324324324,0.08,4,0.05,0.6,0.4
R4,15,0.07500000000000001,16,16,0.5,0.41025641025641024,0.4507042253521127,0.08,4,0.05,0.7,0.4
R4,15,0.07500000000000001,16,15,0.5161290322580645,0.41025641025641024,0.4571428571428572,0.08,4,0.05,0.8,0.4
R4,15,0.07500000000000001,16,14,0.5333333333333333,0.41025641025641024,0.463768115942029,0.08,4,0.05,0.9,0.4
R4,15,0.07500000000000001,16,14,0.5333333333333333,0.41025641025641024,0.463768115942029,0.08,4,0.05,1.0,0.4
R4,15,0.07500000000000001,16,23,0.41025641025641024,0.41025641025641024,0.41025641025641024,0.08,4,0.1,0.5,0.4
R4,15,0.07500000000000001,16,19,0.45714285714285713,0.41025641025641024,0.4324324324324324,0.08,4,0.1,0.6,0.4
R4,15,0.07500000000000001,16,16,0.5,0.41025641025641024,0.4507042253521127,0.08,4,0.1,0.7,0.4
R4,15,0.07500000000000001,16,15,0.5161290322580645,0.41025641025641024,0.4571428571428572,0.08,4,0.1,0.8,0.4
R4,15,0.07500000000000001,16,14,0.5333333333333333,0.41025641025641024,0.463768115942029,0.08,4,0.1,0.9,0.4
R4,15,0.07500000000000001,16,14,0.5333333333333333,0.41025641025641024,0.463768115942029,0.08,4,0.1,1.0,0.4
R4,15,0.07500000000000001,15,17,0.46875,0.38461538461538464,0.4225352112676056,0.075,4,0.0,0.5,0.45
R4,15,0.07500000000000001,15,13,0.5357142857142857,0.38461538461538464,0.44776119402985076,0.075,4,0.0,0.6,0.45
R4,15,0.07500000000000001,15,11,0.5769230769230769,0.38461538461538464,0.46153846153846156,0.075,4,0.0,0.7,0.45
R4,15,0.07500000000000001,15,10,0.6,0.38461538461538464,0.46875,0.075,4,0.0,0.8,0.45
R4,15,0.07500000000000001,15,10,0.6,0.38461538461538464,0.46875,0.075,4,0.0,0.9,0.45
R4,15,0.07500000000000001,15,10,0.6,0.38461538461538464,0.46875,0.075,4,0.0,1.0,0.45
R4,15,0.07500000000000001,15,17,0.46875,0.38461538461538464,0.4225352112676056,0.075,4,0.05,0.5,0.45
R4,15,0.07500000000000001,15,13,0.5357142857142857,0.38461538461538464,0.44776119402985076,0.075,4,0.05,0.6,0.45
R4,15,0.07500000000000001,15,11,0.5769230769230769,0.38461538461538464,0.46153846153846156,0.075,4,0.05,0.7,0.45
R4,15,0.07500000000000001,15,10,0.6,0.38461538461538464,0.46875,0.075,4,0.05,0.8,0.45
R4,15,0.07500000000000001,15,10,0.6,0.38461538461538464,0.46875,0.075,4,0.05,0.9,0.45
R4,15,0.07500000000000001,15,10,0.6,0.38461538461538464,0.46875,0.075,4,0.05,1.0,0.45
R4,15,0.07500000000000001,15,17,0.46875,0.38461538461538464,0.4225352112676056,0.075,4,0.1,0.5,0.45
R4,15,0.07500000000000001,15,13,0.5357142857142857,0.38461538461538464,0.44776119402985076,0.075,4,0.1,0.6,0.45
R4,15,0.07500000000000001,15,11,0.5769230769230769,0.38461538461538464,0.46153846153846156,0.075,4,0.1,0.7,0.45
R4,15,0.07500000000000001,15,10,0.6,0.38461538461538464,0.46875,0.075,4,0.1,0.8,0.45
R4,15,0.07500000000000001,15,10,0.6,0.38461538461538464,0.46875,0.075,4,0.1,0.9,0.45
R4,15,0.07500000000000001,15,10,0.6,0.38461538461538464,0.46875,0.075,4,0.1,1.0,0.45
R4,15,0.07500000000000001,15,15,0.5,0.38461538461538464,0.4347826086956522,0.075,4,0.0,0.5,0.5
R4,15,0.07500000000000001,15,11,0.5769230769230769,0.38461538461538464,0.46153846153846156,0.075,4,0.0,0.6,0.5
R4,15,0.07500000000000001,15,9,0.625,0.38461538461538464,0.4761904761904762,0.075,4,0.0,0.7,0.5
R4,15,0.07500000000000001,15,8,0.6521739130434783,0.38461538461538464,0.4838709677419355,0.075,4,0.0,0.8,0.5
R4,15,0.07500000000000001,15,8,0.6521739130434783,0.38461538461538464,0.4838709677419355,0.075,4,0.0,0.9,0.5
R4,15,0.07500000000000001,15,8,0.6521739130434783,0.38461538461538464,0.4838709677419355,0.075,4,0.0,1.0,0.5
R4,15,0.07500000000000001,15,15,0.5,0.38461538461538464,0.4347826086956522,0.075,4,0.05,0.5,0.5
R4,15,0.07500000000000001,15,11,0.5769230769230769,0.38461538461538464,0.46153846153846156,0.075,4,0.05,0.6,0.5
R4,15,0.07500000000000001,15,9,0.625,0.38461538461538464,0.4761904761904762,0.075,4,0.05,0.7,0.5
R4,15,0.07500000000000001,15,8,0.6521739130434783,0.38461538461538464,0.4838709677419355,0.075,4,0.05,0.8,0.5
R4,15,0.07500000000000001,15,8,0.6521739130434783,0.38461538461538464,0.4838709677419355,0.075,4,0.05,0.9,0.5
R4,15,0.07500000000000001,15,8,0.6521739130434783,0.38461538461538464,0.4838709677419355,0.075,4,0.05,1.0,0.5
R4,15,0.07500000000000001,15,15,0.5,0.38461538461538464,0.4347826086956522,0.075,4,0.1,0.5,0.5
R4,15,0.07500000000000001,15,11,0.5769230769230769,0.38461538461538464,0.46153846153846156,0.075,4,0.1,0.6,0.5
R4,15,0.07500000000000001,15,9,0.625,0.38461538461538464,0.4761904761904762,0.075,4,0.1,0.7,0.5
R4,15,0.07500000000000001,15,8,0.6521739130434783,0.38461538461538464,0.4838709677419355,0.075,4,0.1,0.8,0.5
R4,15,0.07500000000000001,15,8,0.6521739130434783,0.38461538461538464,0.4838709677419355,0.075,4,0.1,0.9,0.5
R4,15,0.07500000000000001,15,8,0.6521739130434783,0.38461538461538464,0.4838709677419355,0.075,4,0.1,1.0,0.5
R4,15,0.07500000000000001,15,13,0.5357142857142857,0.38461538461538464,0.44776119402985076,0.075,4,0.0,0.5,0.55
R4,15,0.07500000000000001,15,9,0.625,0.38461538461538464,0.4761904761904762,0.075,4,0.0,0.6,0.55
R4,15,0.07500000000000001,15,7,0.6818181818181818,0.38461538461538464,0.4918032786885246,0.075,4,0.0,0.7,0.55
R4,15,0.07500000000000001,15,6,0.7142857142857143,0.38461538461538464,0.5,0.075,4,0.0,0.8,0.55
R4,15,0.07500000000000001,15,6,0.7142857142857143,0.38461538461538464,0.5,0.075,4,0.0,0.9,0.55
R4,15,0.07500000000000001,15,6,0.7142857142857143,0.38461538461538464,0.5,0.075,4,0.0,1.0,0.55
R4,15,0.07500000000000001,15,13,0.5357142857142857,0.38461538461538464,0.44776119402985076,0.075,4,0.05,0.5,0.55
R4,15,0.07500000000000001,15,9,0.625,0.38461538461538464,0.4761904761904762,0.075,4,0.05,0.6,0.55
R4,15,0.07500000000000001,15,7,0.6818181818181818,0.38461538461538464,0.4918032786885246,0.075,4,0.05,0.7,0.55
R4,15,0.07500000000000001,15,6,0.7142857142857143,0.38461538461538464,0.5,0.075,4,0.05,0.8,0.55
R4,15,0.07500000000000001,15,6,0.7142857142857143,0.38461538461538464,0.5,0.075,4,0.05,0.9,0.55
R4,15,0.07500000000000001,15,6,0.7142857142857143,0.38461538461538464,0.5,0.075,4,0.05,1.0,0.55
R4,15,0.07500000000000001,15,13,0.5357142857142857,0.38461538461538464,0.44776119402985076,0.075,4,0.1,0.5,0.55
R4,15,0.07500000000000001,15,9,0.625,0.38461538461538464,0.4761904761904762,0.075,4,0.1,0.6,0.55
R4,15,0.07500000000000001,15,7,0.6818181818181818,0.38461538461538464,0.4918032786885246,0.075,4,0.1,0.7,0.55
R4,15,0.07500000000000001,15,6,0.7142857142857143,0.38461538461538464,0.5,0.075,4,0.1,0.8,0.55
R4,15,0.07500000000000001,15,6,0.7142857142857143,0.38461538461538464,0.5,0.075,4,0.1,0.9,0.55
R4,15,0.07500000000000001,15,6,0.7142857142857143,0.38461538461538464,0.5,0.075,4,0.1,1.0,0.55
R4,15,0.07500000000000001,14,9,0.6086956521739131,0.358974358974359,0.45161290322580644,0.07,4,0.0,0.5,0.6
R4,15,0.07500000000000001,14,5,0.7368421052631579,0.358974358974359,0.4827586206896552,0.07,4,0.0,0.6,0.6
R4,15,0.07500000000000001,14,5,0.7368421052631579,0.358974358974359,0.4827586206896552,0.07,4,0.0,0.7,0.6
R4,15,0.07500000000000001,14,5,0.7368421052631579,0.358974358974359,0.4827586206896552,0.07,4,0.0,0.8,0.6
R4,15,0.07500000000000001,14,5,0.7368421052631579,0.358974358974359,0.4827586206896552,0.07,4,0.0,0.9,0.6
R4,15,0.07500000000000001,14,5,0.7368421052631579,0.358974358974359,0.4827586206896552,0.07,4,0.0,1.0,0.6
R4,15,0.07500000000000001,14,9,0.6086956521739131,0.358974358974359,0.45161290322580644,0.07,4,0.05,0.5,0.6
R4,15,0.07500000000000001,14,5,0.7368421052631579,0.358974358974359,0.4827586206896552,0.07,4,0.05,0.6,0.6
R4,15,0.07500000000000001,14,5,0.7368421052631579,0.358974358974359,0.4827586206896552,0.07,4,0.05,0.7,0.6
R4,15,0.07500000000000001,14,5,0.7368421052631579,0.358974358974359,0.4827586206896552,0.07,4,0.05,0.8,0.6
R4,15,0.07500000000000001,14,5,0.7368421052631579,0.358974358974359,0.4827586206896552,0.07,4,0.05,0.9,0.6
R4,15,0.07500000000000001,14,5,0.7368421052631579,0.358974358974359,0.4827586206896552,0.07,4,0.05,1.0,0.6
R4,15,0.07500000000000001,14,9,0.6086956521739131,0.358974358974359,0.45161290322580644,0.07,4,0.1,0.5,0.6
R4,15,0.07500000000000001,14,5,0.7368421052631579,0.358974358974359,0.4827586206896552,0.07,4,0.1,0.6,0.6
R4,15,0.07500000000000001,14,5,0.7368421052631579,0.358974358974359,0.4827586206896552,0.07,4,0.1,0.7,0.6
R4,15,0.07500000000000001,14,5,0.7368421052631579,0.358974358974359,0.4827586206896552,0.07,4,0.1,0.8,0.6
R4,15,0.07500000000000001,14,5,0.7368421052631579,0.358974358974359,0.4827586206896552,0.07,4,0.1,0.9,0.6
R4,15,0.07500000000000001,14,5,0.7368421052631579,0.358974358974359,0.4827586206896552,0.07,4,0.1,1.0,0.6
R4,15,0.07500000000000001,10,5,0.6666666666666666,0.2564102564102564,0.37037037037037035,0.05,4,0.0,0.5,0.6499999999999999
R4,15,0.07500000000000001,10,2,0.8333333333333334,0.2564102564102564,0.392156862745098,0.05,4,0.0,0.6,0.6499999999999999
R4,15,0.07500000000000001,10,2,0.8333333333333334,0.2564102564102564,0.392156862745098,0.05,4,0.0,0.7,0.6499999999999999
R4,15,0.07500000000000001,10,2,0.8333333333333334,0.2564102564102564,0.392156862745098,0.05,4,0.0,0.8,0.6499999999999999
R4,15,0.07500000000000001,10,2,0.8333333333333334,0.2564102564102564,0.392156862745098,0.05,4,0.0,0.9,0.6499999999999999
R4,15,0.07500000000000001,10,2,0.8333333333333334,0.2564102564102564,0.392156862745098,0.05,4,0.0,1.0,0.6499999999999999
R4,15,0.07500000000000001,10,5,0.6666666666666666,0.2564102564102564,0.37037037037037035,0.05,4,0.05,0.5,0.6499999999999999
R4,15,0.07500000000000001,10,2,0.8333333333333334,0.2564102564102564,0.392156862745098,0.05,4,0.05,0.6,0.6499999999999999
R4,15,0.07500000000000001,10,2,0.8333333333333334,0.2564102564102564,0.392156862745098,0.05,4,0.05,0.7,0.6499999999999999
R4,15,0.07500000000000001,10,2,0.8333333333333334,0.2564102564102564,0.392156862745098,0.05,4,0.05,0.8,0.6499999999999999
R4,15,0.07500000000000001,10,2,0.8333333333333334,0.2564102564102564,0.392156862745098,0.05,4,0.05,0.9,0.6499999999999999
R4,15,0.07500000000000001,10,2,0.8333333333333334,0.2564102564102564,0.392156862745098,0.05,4,0.05,1.0,0.6499999999999999
R4,15,0.07500000000000001,10,5,0.6666666666666666,0.2564102564102564,0.37037037037037035,0.05,4,0.1,0.5,0.6499999999999999
R4,15,0.07500000000000001,10,2,0.8333333333333334,0.2564102564102564,0.392156862745098,0.05,4,0.1,0.6,0.6499999999999999
R4,15,0.07500000000000001,10,2,0.8333333333333334,0.2564102564102564,0.392156862745098,0.05,4,0.1,0.7,0.6499999999999999
R4,15,0.07500000000000001,10,2,0.8333333333333334,0.2564102564102564,0.392156862745098,0.05,4,0.1,0.8,0.6499999999999999
R4,15,0.07500000000000001,10,2,0.8333333333333334,0.2564102564102564,0.392156862745098,0.05,4,0.1,0.9,0.6499999999999999
R4,15,0.07500000000000001,10,2,0.8333333333333334,0.2564102564102564,0.392156862745098,0.05,4,0.1,1.0,0.6499999999999999
R4,15,0.07500000000000001,9,4,0.6923076923076923,0.23076923076923078,0.34615384615384615,0.045,4,0.0,0.5,0.7
R4,15,0.07500000000000001,9,2,0.8181818181818182,0.23076923076923078,0.36000000000000004,0.045,4,0.0,0.6,0.7
R4,15,0.07500000000000001,9,2,0.8181818181818182,0.23076923076923078,0.36000000000000004,0.045,4,0.0,0.7,0.7
R4,15,0.07500000000000001,9,2,0.8181818181818182,0.23076923076923078,0.36000000000000004,0.045,4,0.0,0.8,0.7
R4,15,0.07500000000000001,9,2,0.8181818181818182,0.23076923076923078,0.36000000000000004,0.045,4,0.0,0.9,0.7
R4,15,0.07500000000000001,9,2,0.8181818181818182,0.23076923076923078,0.36000000000000004,0.045,4,0.0,1.0,0.7
R4,15,0.07500000000000001,9,4,0.6923076923076923,0.23076923076923078,0.34615384615384615,0.045,4,0.05,0.5,0.7
R4,15,0.07500000000000001,9,2,0.8181818181818182,0.23076923076923078,0.36000000000000004,0.045,4,0.05,0.6,0.7
R4,15,0.07500000000000001,9,2,0.8181818181818182,0.23076923076923078,0.36000000000000004,0.045,4,0.05,0.7,0.7
R4,15,0.07500000000000001,9,2,0.8181818181818182,0.23076923076923078,0.36000000000000004,0.045,4,0.05,0.8,0.7
R4,15,0.07500000000000001,9,2,0.8181818181818182,0.23076923076923078,0.36000000000000004,0.045,4,0.05,0.9,0.7
R4,15,0.07500000000000001,9,2,0.8181818181818182,0.23076923076923078,0.36000000000000004,0.045,4,0.05,1.0,0.7
R4,15,0.07500000000000001,9,4,0.6923076923076923,0.23076923076923078,0.34615384615384615,0.045,4,0.1,0.5,0.7
R4,15,0.07500000000000001,9,2,0.8181818181818182,0.23076923076923078,0.36000000000000004,0.045,4,0.1,0.6,0.7
R4,15,0.07500000000000001,9,2,0.8181818181818182,0.23076923076923078,0.36000000000000004,0.045,4,0.1,0.7,0.7
R4,15,0.07500000000000001,9,2,0.8181818181818182,0.23076923076923078,0.36000000000000004,0.045,4,0.1,0.8,0.7
R4,15,0.07500000000000001,9,2,0.8181818181818182,0.23076923076923078,0.36000000000000004,0.045,4,0.1,0.9,0.7
R4,15,0.07500000000000001,9,2,0.8181818181818182,0.23076923076923078,0.36000000000000004,0.045,4,0.1,1.0,0.7
R4,15,0.1,18,23,0.43902439024390244,0.46153846153846156,0.45,0.09,4,0.0,0.5,0.4
R4,15,0.1,18,19,0.4864864864864865,0.46153846153846156,0.47368421052631576,0.09,4,0.0,0.6,0.4
R4,15,0.1,18,16,0.5294117647058824,0.46153846153846156,0.4931506849315069,0.09,4,0.0,0.7,0.4
R4,15,0.1,18,15,0.5454545454545454,0.46153846153846156,0.4999999999999999,0.09,4,0.0,0.8,0.4
R4,15,0.1,18,14,0.5625,0.46153846153846156,0.5070422535211268,0.09,4,0.0,0.9,0.4
R4,15,0.1,18,14,0.5625,0.46153846153846156,0.5070422535211268,0.09,4,0.0,1.0,0.4
R4,15,0.1,18,23,0.43902439024390244,0.46153846153846156,0.45,0.09,4,0.05,0.5,0.4
R4,15,0.1,18,19,0.4864864864864865,0.46153846153846156,0.47368421052631576,0.09,4,0.05,0.6,0.4
R4,15,0.1,18,16,0.5294117647058824,0.46153846153846156,0.4931506849315069,0.09,4,0.05,0.7,0.4
R4,15,0.1,18,15,0.5454545454545454,0.46153846153846156,0.4999999999999999,0.09,4,0.05,0.8,0.4
R4,15,0.1,18,14,0.5625,0.46153846153846156,0.5070422535211268,0.09,4,0.05,0.9,0.4
R4,15,0.1,18,14,0.5625,0.46153846153846156,0.5070422535211268,0.09,4,0.05,1.0,0.4
R4,15,0.1,18,23,0.43902439024390244,0.46153846153846156,0.45,0.09,4,0.1,0.5,0.4
R4,15,0.1,18,19,0.4864864864864865,0.46153846153846156,0.47368421052631576,0.09,4,0.1,0.6,0.4
R4,15,0.1,18,16,0.5294117647058824,0.46153846153846156,0.4931506849315069,0.09,4,0.1,0.7,0.4
R4,15,0.1,18,15,0.5454545454545454,0.46153846153846156,0.4999999999999999,0.09,4,0.1,0.8,0.4
R4,15,0.1,18,14,0.5625,0.46153846153846156,0.5070422535211268,0.09,4,0.1,0.9,0.4
R4,15,0.1,18,14,0.5625,0.46153846153846156,0.5070422535211268,0.09,4,0.1,1.0,0.4
R4,15,0.1,17,17,0.5,0.4358974358974359,0.4657534246575343,0.085,4,0.0,0.5,0.45
R4,15,0.1,17,13,0.5666666666666667,0.4358974358974359,0.4927536231884058,0.085,4,0.0,0.6,0.45
R4,15,0.1,17,11,0.6071428571428571,0.4358974358974359,0.5074626865671643,0.085,4,0.0,0.7,0.45
R4,15,0.1,17,10,0.6296296296296297,0.4358974358974359,0.5151515151515151,0.085,4,0.0,0.8,0.45
R4,15,0.1,17,10,0.6296296296296297,0.4358974358974359,0.5151515151515151,0.085,4,0.0,0.9,0.45
R4,15,0.1,17,10,0.6296296296296297,0.4358974358974359,0.5151515151515151,0.085,4,0.0,1.0,0.45
R4,15,0.1,17,17,0.5,0.4358974358974359,0.4657534246575343,0.085,4,0.05,0.5,0.45
R4,15,0.1,17,13,0.5666666666666667,0.4358974358974359,0.4927536231884058,0.085,4,0.05,0.6,0.45
R4,15,0.1,17,11,0.6071428571428571,0.4358974358974359,0.5074626865671643,0.085,4,0.05,0.7,0.45
R4,15,0.1,17,10,0.6296296296296297,0.4358974358974359,0.5151515151515151,0.085,4,0.05,0.8,0.45
R4,15,0.1,17,10,0.6296296296296297,0.4358974358974359,0.5151515151515151,0.085,4,0.05,0.9,0.45
R4,15,0.1,17,10,0.6296296296296297,0.4358974358974359,0.5151515151515151,0.085,4,0.05,1.0,0.45
R4,15,0.1,17,17,0.5,0.4358974358974359,0.4657534246575343,0.085,4,0.1,0.5,0.45
R4,15,0.1,17,13,0.5666666666666667,0.4358974358974359,0.4927536231884058,0.085,4,0.1,0.6,0.45
R4,15,0.1,17,11,0.6071428571428571,0.4358974358974359,0.5074626865671643,0.085,4,0.1,0.7,0.45
R4,15,0.1,17,10,0.6296296296296297,0.4358974358974359,0.5151515151515151,0.085,4,0.1,0.8,0.45
R4,15,0.1,17,10,0.6296296296296297,0.4358974358974359,0.5151515151515151,0.085,4,0.1,0.9,0.45
R4,15,0.1,17,10,0.6296296296296297,0.4358974358974359,0.5151515151515151,0.085,4,0.1,1.0,0.45
R4,15,0.1,17,15,0.53125,0.4358974358974359,0.47887323943661975,0.085,4,0.0,0.5,0.5
R4,15,0.1,17,11,0.6071428571428571,0.4358974358974359,0.5074626865671643,0.085,4,0.0,0.6,0.5
R4,15,0.1,17,9,0.6538461538461539,0.4358974358974359,0.523076923076923,0.085,4,0.0,0.7,0.5
R4,15,0.1,17,8,0.68,0.4358974358974359,0.53125,0.085,4,0.0,0.8,0.5
R4,15,0.1,17,8,0.68,0.4358974358974359,0.53125,0.085,4,0.0,0.9,0.5
R4,15,0.1,17,8,0.68,0.4358974358974359,0.53125,0.085,4,0.0,1.0,0.5
R4,15,0.1,17,15,0.53125,0.4358974358974359,0.47887323943661975,0.085,4,0.05,0.5,0.5
R4,15,0.1,17,11,0.6071428571428571,0.4358974358974359,0.5074626865671643,0.085,4,0.05,0.6,0.5
R4,15,0.1,17,9,0.6538461538461539,0.4358974358974359,0.523076923076923,0.085,4,0.05,0.7,0.5
R4,15,0.1,17,8,0.68,0.4358974358974359,0.53125,0.085,4,0.05,0.8,0.5
R4,15,0.1,17,8,0.68,0.4358974358974359,0.53125,0.085,4,0.05,0.9,0.5
R4,15,0.1,17,8,0.68,0.4358974358974359,0.53125,0.085,4,0.05,1.0,0.5
R4,15,0.1,17,15,0.53125,0.4358974358974359,0.47887323943661975,0.085,4,0.1,0.5,0.5
R4,15,0.1,17,11,0.6071428571428571,0.4358974358974359,0.5074626865671643,0.085,4,0.1,0.6,0.5
R4,15,0.1,17,9,0.6538461538461539,0.4358974358974359,0.523076923076923,0.085,4,0.1,0.7,0.5
R4,15,0.1,17,8,0.68,0.4358974358974359,0.53125,0.085,4,0.1,0.8,0.5
R4,15,0.1,17,8,0.68,0.4358974358974359,0.53125,0.085,4,0.1,0.9,0.5
R4,15,0.1,17,8,0.68,0.4358974358974359,0.53125,0.085,4,0.1,1.0,0.5
R4,15,0.1,17,13,0.5666666666666667,0.4358974358974359,0.4927536231884058,0.085,4,0.0,0.5,0.55
R4,15,0.1,17,9,0.6538461538461539,0.4358974358974359,0.523076923076923,0.085,4,0.0,0.6,0.55
R4,15,0.1,17,7,0.7083333333333334,0.4358974358974359,0.5396825396825398,0.085,4,0.0,0.7,0.55
R4,15,0.1,17,6,0.7391304347826086,0.4358974358974359,0.5483870967741935,0.085,4,0.0,0.8,0.55
R4,15,0.1,17,6,0.7391304347826086,0.4358974358974359,0.5483870967741935,0.085,4,0.0,0.9,0.55
R4,15,0.1,17,6,0.7391304347826086,0.4358974358974359,0.5483870967741935,0.085,4,0.0,1.0,0.55
R4,15,0.1,17,13,0.5666666666666667,0.4358974358974359,0.4927536231884058,0.085,4,0.05,0.5,0.55
R4,15,0.1,17,9,0.6538461538461539,0.4358974358974359,0.523076923076923,0.085,4,0.05,0.6,0.55
R4,15,0.1,17,7,0.7083333333333334,0.4358974358974359,0.5396825396825398,0.085,4,0.05,0.7,0.55
R4,15,0.1,17,6,0.7391304347826086,0.4358974358974359,0.5483870967741935,0.085,4,0.05,0.8,0.55
R4,15,0.1,17,6,0.7391304347826086,0.4358974358974359,0.5483870967741935,0.085,4,0.05,0.9,0.55
R4,15,0.1,17,6,0.7391304347826086,0.4358974358974359,0.5483870967741935,0.085,4,0.05,1.0,0.55
R4,15,0.1,17,13,0.5666666666666667,0.4358974358974359,0.4927536231884058,0.085,4,0.1,0.5,0.55
R4,15,0.1,17,9,0.6538461538461539,0.4358974358974359,0.523076923076923,0.085,4,0.1,0.6,0.55
R4,15,0.1,17,7,0.7083333333333334,0.4358974358974359,0.5396825396825398,0.085,4,0.1,0.7,0.55
R4,15,0.1,17,6,0.7391304347826086,0.4358974358974359,0.5483870967741935,0.085,4,0.1,0.8,0.55
R4,15,0.1,17,6,0.7391304347826086,0.4358974358974359,0.5483870967741935,0.085,4,0.1,0.9,0.55
R4,15,0.1,17,6,0.7391304347826086,0.4358974358974359,0.5483870967741935,0.085,4,0.1,1.0,0.55
R4,15,0.1,16,9,0.64,0.41025641025641024,0.5,0.08,4,0.0,0.5,0.6
R4,15,0.1,16,5,0.7619047619047619,0.41025641025641024,0.5333333333333333,0.08,4,0.0,0.6,0.6
R4,15,0.1,16,5,0.7619047619047619,0.41025641025641024,0.5333333333333333,0.08,4,0.0,0.7,0.6
R4,15,0.1,16,5,0.7619047619047619,0.41025641025641024,0.5333333333333333,0.08,4,0.0,0.8,0.6
R4,15,0.1,16,5,0.7619047619047619,0.41025641025641024,0.5333333333333333,0.08,4,0.0,0.9,0.6
R4,15,0.1,16,5,0.7619047619047619,0.41025641025641024,0.5333333333333333,0.08,4,0.0,1.0,0.6
R4,15,0.1,16,9,0.64,0.41025641025641024,0.5,0.08,4,0.05,0.5,0.6
R4,15,0.1,16,5,0.7619047619047619,0.41025641025641024,0.5333333333333333,0.08,4,0.05,0.6,0.6
R4,15,0.1,16,5,0.7619047619047619,0.41025641025641024,0.5333333333333333,0.08,4,0.05,0.7,0.6
R4,15,0.1,16,5,0.7619047619047619,0.41025641025641024,0.5333333333333333,0.08,4,0.05,0.8,0.6
R4,15,0.1,16,5,0.7619047619047619,0.41025641025641024,0.5333333333333333,0.08,4,0.05,0.9,0.6
R4,15,0.1,16,5,0.7619047619047619,0.41025641025641024,0.5333333333333333,0.08,4,0.05,1.0,0.6
R4,15,0.1,16,9,0.64,0.41025641025641024,0.5,0.08,4,0.1,0.5,0.6
R4,15,0.1,16,5,0.7619047619047619,0.41025641025641024,0.5333333333333333,0.08,4,0.1,0.6,0.6
R4,15,0.1,16,5,0.7619047619047619,0.41025641025641024,0.5333333333333333,0.08,4,0.1,0.7,0.6
R4,15,0.1,16,5,0.7619047619047619,0.41025641025641024,0.5333333333333333,0.08,4,0.1,0.8,0.6
R4,15,0.1,16,5,0.7619047619047619,0.41025641025641024,0.5333333333333333,0.08,4,0.1,0.9,0.6
R4,15,0.1,16,5,0.7619047619047619,0.41025641025641024,0.5333333333333333,0.08,4,0.1,1.0,0.6
R4,15,0.1,12,5,0.7058823529411765,0.3076923076923077,0.42857142857142866,0.06,4,0.0,0.5,0.6499999999999999
R4,15,0.1,12,2,0.8571428571428571,0.3076923076923077,0.45283018867924535,0.06,4,0.0,0.6,0.6499999999999999
R4,15,0.1,12,2,0.8571428571428571,0.3076923076923077,0.45283018867924535,0.06,4,0.0,0.7,0.6499999999999999
R4,15,0.1,12,2,0.8571428571428571,0.3076923076923077,0.45283018867924535,0.06,4,0.0,0.8,0.6499999999999999
R4,15,0.1,12,2,0.8571428571428571,0.3076923076923077,0.45283018867924535,0.06,4,0.0,0.9,0.6499999999999999
R4,15,0.1,12,2,0.8571428571428571,0.3076923076923077,0.45283018867924535,0.06,4,0.0,1.0,0.6499999999999999
R4,15,0.1,12,5,0.7058823529411765,0.3076923076923077,0.42857142857142866,0.06,4,0.05,0.5,0.6499999999999999
R4,15,0.1,12,2,0.8571428571428571,0.3076923076923077,0.45283018867924535,0.06,4,0.05,0.6,0.6499999999999999
R4,15,0.1,12,2,0.8571428571428571,0.3076923076923077,0.45283018867924535,0.06,4,0.05,0.7,0.6499999999999999
R4,15,0.1,12,2,0.8571428571428571,0.3076923076923077,0.45283018867924535,0.06,4,0.05,0.8,0.6499999999999999
R4,15,0.1,12,2,0.8571428571428571,0.3076923076923077,0.45283018867924535,0.06,4,0.05,0.9,0.6499999999999999
R4,15,0.1,12,2,0.8571428571428571,0.3076923076923077,0.45283018867924535,0.06,4,0.05,1.0,0.6499999999999999
R4,15,0.1,12,5,0.7058823529411765,0.3076923076923077,0.42857142857142866,0.06,4,0.1,0.5,0.6499999999999999
R4,15,0.1,12,2,0.8571428571428571,0.3076923076923077,0.45283018867924535,0.06,4,0.1,0.6,0.6499999999999999
R4,15,0.1,12,2,0.8571428571428571,0.3076923076923077,0.45283018867924535,0.06,4,0.1,0.7,0.6499999999999999
R4,15,0.1,12,2,0.8571428571428571,0.3076923076923077,0.45283018867924535,0.06,4,0.1,0.8,0.6499999999999999
R4,15,0.1,12,2,0.8571428571428571,0.3076923076923077,0.45283018867924535,0.06,4,0.1,0.9,0.6499999999999999
R4,15,0.1,12,2,0.8571428571428571,0.3076923076923077,0.45283018867924535,0.06,4,0.1,1.0,0.6499999999999999
R4,15,0.1,11,4,0.7333333333333333,0.28205128205128205,0.4074074074074074,0.055,4,0.0,0.5,0.7
R4,15,0.1,11,2,0.8461538461538461,0.28205128205128205,0.4230769230769231,0.055,4,0.0,0.6,0.7
R4,15,0.1,11,2,0.8461538461538461,0.28205128205128205,0.4230769230769231,0.055,4,0.0,0.7,0.7
R4,15,0.1,11,2,0.8461538461538461,0.28205128205128205,0.4230769230769231,0.055,4,0.0,0.8,0.7
R4,15,0.1,11,2,0.8461538461538461,0.28205128205128205,0.4230769230769231,0.055,4,0.0,0.9,0.7
R4,15,0.1,11,2,0.8461538461538461,0.28205128205128205,0.4230769230769231,0.055,4,0.0,1.0,0.7
R4,15,0.1,11,4,0.7333333333333333,0.28205128205128205,0.4074074074074074,0.055,4,0.05,0.5,0.7
R4,15,0.1,11,2,0.8461538461538461,0.28205128205128205,0.4230769230769231,0.055,4,0.05,0.6,0.7
R4,15,0.1,11,2,0.8461538461538461,0.28205128205128205,0.4230769230769231,0.055,4,0.05,0.7,0.7
R4,15,0.1,11,2,0.8461538461538461,0.28205128205128205,0.4230769230769231,0.055,4,0.05,0.8,0.7
R4,15,0.1,11,2,0.8461538461538461,0.28205128205128205,0.4230769230769231,0.055,4,0.05,0.9,0.7
R4,15,0.1,11,2,0.8461538461538461,0.28205128205128205,0.4230769230769231,0.055,4,0.05,1.0,0.7
R4,15,0.1,11,4,0.7333333333333333,0.28205128205128205,0.4074074074074074,0.055,4,0.1,0.5,0.7
R4,15,0.1,11,2,0.8461538461538461,0.28205128205128205,0.4230769230769231,0.055,4,0.1,0.6,0.7
R4,15,0.1,11,2,0.8461538461538461,0.28205128205128205,0.4230769230769231,0.055,4,0.1,0.7,0.7
R4,15,0.1,11,2,0.8461538461538461,0.28205128205128205,0.4230769230769231,0.055,4,0.1,0.8,0.7
R4,15,0.1,11,2,0.8461538461538461,0.28205128205128205,0.4230769230769231,0.055,4,0.1,0.9,0.7
R4,15,0.1,11,2,0.8461538461538461,0.28205128205128205,0.4230769230769231,0.055,4,0.1,1.0,0.7
R4,15,0.125,22,23,0.4888888888888889,0.5641025641025641,0.5238095238095238,0.11,4,0.0,0.5,0.4
R4,15,0.125,22,19,0.5365853658536586,0.5641025641025641,0.55,0.11,4,0.0,0.6,0.4
R4,15,0.125,22,16,0.5789473684210527,0.5641025641025641,0.5714285714285715,0.11,4,0.0,0.7,0.4
R4,15,0.125,22,15,0.5945945945945946,0.5641025641025641,0.5789473684210528,0.11,4,0.0,0.8,0.4
R4,15,0.125,22,14,0.6111111111111112,0.5641025641025641,0.5866666666666667,0.11,4,0.0,0.9,0.4
R4,15,0.125,22,14,0.6111111111111112,0.5641025641025641,0.5866666666666667,0.11,4,0.0,1.0,0.4
R4,15,0.125,22,23,0.4888888888888889,0.5641025641025641,0.5238095238095238,0.11,4,0.05,0.5,0.4
R4,15,0.125,22,19,0.5365853658536586,0.5641025641025641,0.55,0.11,4,0.05,0.6,0.4
R4,15,0.125,22,16,0.5789473684210527,0.5641025641025641,0.5714285714285715,0.11,4,0.05,0.7,0.4
R4,15,0.125,22,15,0.5945945945945946,0.5641025641025641,0.5789473684210528,0.11,4,0.05,0.8,0.4
R4,15,0.125,22,14,0.6111111111111112,0.5641025641025641,0.5866666666666667,0.11,4,0.05,0.9,0.4
R4,15,0.125,22,14,0.6111111111111112,0.5641025641025641,0.5866666666666667,0.11,4,0.05,1.0,0.4
R4,15,0.125,22,23,0.4888888888888889,0.5641025641025641,0.5238095238095238,0.11,4,0.1,0.5,0.4
R4,15,0.125,22,19,0.5365853658536586,0.5641025641025641,0.55,0.11,4,0.1,0.6,0.4
R4,15,0.125,22,16,0.5789473684210527,0.5641025641025641,0.5714285714285715,0.11,4,0.1,0.7,0.4
R4,15,0.125,22,15,0.5945945945945946,0.5641025641025641,0.5789473684210528,0.11,4,0.1,0.8,0.4
R4,15,0.125,22,14,0.6111111111111112,0.5641025641025641,0.5866666666666667,0.11,4,0.1,0.9,0.4
R4,15,0.125,22,14,0.6111111111111112,0.5641025641025641,0.5866666666666667,0.11,4,0.1,1.0,0.4
R4,15,0.125,21,17,0.5526315789473685,0.5384615384615384,0.5454545454545455,0.105,4,0.0,0.5,0.45
R4,15,0.125,21,13,0.6176470588235294,0.5384615384615384,0.5753424657534247,0.105,4,0.0,0.6,0.45
R4,15,0.125,21,11,0.65625,0.5384615384615384,0.5915492957746479,0.105,4,0.0,0.7,0.45
R4,15,0.125,21,10,0.6774193548387096,0.5384615384615384,0.6,0.105,4,0.0,0.8,0.45
R4,15,0.125,21,10,0.6774193548387096,0.5384615384615384,0.6,0.105,4,0.0,0.9,0.45
R4,15,0.125,21,10,0.6774193548387096,0.5384615384615384,0.6,0.105,4,0.0,1.0,0.45
R4,15,0.125,21,17,0.5526315789473685,0.5384615384615384,0.5454545454545455,0.105,4,0.05,0.5,0.45
R4,15,0.125,21,13,0.6176470588235294,0.5384615384615384,0.5753424657534247,0.105,4,0.05,0.6,0.45
R4,15,0.125,21,11,0.65625,0.5384615384615384,0.5915492957746479,0.105,4,0.05,0.7,0.45
R4,15,0.125,21,10,0.6774193548387096,0.5384615384615384,0.6,0.105,4,0.05,0.8,0.45
R4,15,0.125,21,10,0.6774193548387096,0.5384615384615384,0.6,0.105,4,0.05,0.9,0.45
R4,15,0.125,21,10,0.6774193548387096,0.5384615384615384,0.6,0.105,4,0.05,1.0,0.45
R4,15,0.125,21,17,0.5526315789473685,0.5384615384615384,0.5454545454545455,0.105,4,0.1,0.5,0.45
R4,15,0.125,21,13,0.6176470588235294,0.5384615384615384,0.5753424657534247,0.105,4,0.1,0.6,0.45
R4,15,0.125,21,11,0.65625,0.5384615384615384,0.5915492957746479,0.105,4,0.1,0.7,0.45
R4,15,0.125,21,10,0.6774193548387096,0.5384615384615384,0.6,0.105,4,0.1,0.8,0.45
R4,15,0.125,21,10,0.6774193548387096,0.5384615384615384,0.6,0.105,4,0.1,0.9,0.45
R4,15,0.125,21,10,0.6774193548387096,0.5384615384615384,0.6,0.105,4,0.1,1.0,0.45
R4,15,0.125,21,15,0.5833333333333334,0.5384615384615384,0.5599999999999999,0.105,4,0.0,0.5,0.5
R4,15,0.125,21,11,0.65625,0.5384615384615384,0.5915492957746479,0.105,4,0.0,0.6,0.5
R4,15,0.125,21,9,0.7,0.5384615384615384,0.608695652173913,0.105,4,0.0,0.7,0.5
R4,15,0.125,21,8,0.7241379310344828,0.5384615384615384,0.6176470588235294,0.105,4,0.0,0.8,0.5
R4,15,0.125,21,8,0.7241379310344828,0.5384615384615384,0.6176470588235294,0.105,4,0.0,0.9,0.5
R4,15,0.125,21,8,0.7241379310344828,0.5384615384615384,0.6176470588235294,0.105,4,0.0,1.0,0.5
R4,15,0.125,21,15,0.5833333333333334,0.5384615384615384,0.5599999999999999,0.105,4,0.05,0.5,0.5
R4,15,0.125,21,11,0.65625,0.5384615384615384,0.5915492957746479,0.105,4,0.05,0.6,0.5
R4,15,0.125,21,9,0.7,0.5384615384615384,0.608695652173913,0.105,4,0.05,0.7,0.5
R4,15,0.125,21,8,0.7241379310344828,0.5384615384615384,0.6176470588235294,0.105,4,0.05,0.8,0.5
R4,15,0.125,21,8,0.7241379310344828,0.5384615384615384,0.6176470588235294,0.105,4,0.05,0.9,0.5
R4,15,0.125,21,8,0.7241379310344828,0.5384615384615384,0.6176470588235294,0.105,4,0.05,1.0,0.5
R4,15,0.125,21,15,0.5833333333333334,0.5384615384615384,0.5599999999999999,0.105,4,0.1,0.5,0.5
R4,15,0.125,21,11,0.65625,0.5384615384615384,0.5915492957746479,0.105,4,0.1,0.6,0.5
R4,15,0.125,21,9,0.7,0.5384615384615384,0.608695652173913,0.105,4,0.1,0.7,0.5
R4,15,0.125,21,8,0.7241379310344828,0.5384615384615384,0.6176470588235294,0.105,4,0.1,0.8,0.5
R4,15,0.125,21,8,0.7241379310344828,0.5384615384615384,0.6176470588235294,0.105,4,0.1,0.9,0.5
R4,15,0.125,21,8,0.7241379310344828,0.5384615384615384,0.6176470588235294,0.105,4,0.1,1.0,0.5
R4,15,0.125,21,13,0.6176470588235294,0.5384615384615384,0.5753424657534247,0.105,4,0.0,0.5,0.55
R4,15,0.125,21,9,0.7,0.5384615384615384,0.608695652173913,0.105,4,0.0,0.6,0.55
R4,15,0.125,21,7,0.75,0.5384615384615384,0.6268656716417911,0.105,4,0.0,0.7,0.55
R4,15,0.125,21,6,0.7777777777777778,0.5384615384615384,0.6363636363636364,0.105,4,0.0,0.8,0.55
R4,15,0.125,21,6,0.7777777777777778,0.5384615384615384,0.6363636363636364,0.105,4,0.0,0.9,0.55
R4,15,0.125,21,6,0.7777777777777778,0.5384615384615384,0.6363636363636364,0.105,4,0.0,1.0,0.55
R4,15,0.125,21,13,0.6176470588235294,0.5384615384615384,0.5753424657534247,0.105,4,0.05,0.5,0.55
R4,15,0.125,21,9,0.7,0.5384615384615384,0.608695652173913,0.105,4,0.05,0.6,0.55
R4,15,0.125,21,7,0.75,0.5384615384615384,0.6268656716417911,0.105,4,0.05,0.7,0.55
R4,15,0.125,21,6,0.7777777777777778,0.5384615384615384,0.6363636363636364,0.105,4,0.05,0.8,0.55
R4,15,0.125,21,6,0.7777777777777778,0.5384615384615384,0.6363636363636364,0.105,4,0.05,0.9,0.55
R4,15,0.125,21,6,0.7777777777777778,0.5384615384615384,0.6363636363636364,0.105,4,0.05,1.0,0.55
R4,15,0.125,21,13,0.6176470588235294,0.5384615384615384,0.5753424657534247,0.105,4,0.1,0.5,0.55
R4,15,0.125,21,9,0.7,0.5384615384615384,0.608695652173913,0.105,4,0.1,0.6,0.55
R4,15,0.125,21,7,0.75,0.5384615384615384,0.6268656716417911,0.105,4,0.1,0.7,0.55
R4,15,0.125,21,6,0.7777777777777778,0.5384615384615384,0.6363636363636364,0.105,4,0.1,0.8,0.55
R4,15,0.125,21,6,0.7777777777777778,0.5384615384615384,0.6363636363636364,0.105,4,0.1,0.9,0.55
R4,15,0.125,21,6,0.7777777777777778,0.5384615384615384,0.6363636363636364,0.105,4,0.1,1.0,0.55
R4,15,0.125,20,9,0.6896551724137931,0.5128205128205128,0.5882352941176471,0.1,4,0.0,0.5,0.6
R4,15,0.125,20,5,0.8,0.5128205128205128,0.625,0.1,4,0.0,0.6,0.6
R4,15,0.125,20,5,0.8,0.5128205128205128,0.625,0.1,4,0.0,0.7,0.6
R4,15,0.125,20,5,0.8,0.5128205128205128,0.625,0.1,4,0.0,0.8,0.6
R4,15,0.125,20,5,0.8,0.5128205128205128,0.625,0.1,4,0.0,0.9,0.6
R4,15,0.125,20,5,0.8,0.5128205128205128,0.625,0.1,4,0.0,1.0,0.6
R4,15,0.125,20,9,0.6896551724137931,0.5128205128205128,0.5882352941176471,0.1,4,0.05,0.5,0.6
R4,15,0.125,20,5,0.8,0.5128205128205128,0.625,0.1,4,0.05,0.6,0.6
R4,15,0.125,20,5,0.8,0.5128205128205128,0.625,0.1,4,0.05,0.7,0.6
R4,15,0.125,20,5,0.8,0.5128205128205128,0.625,0.1,4,0.05,0.8,0.6
R4,15,0.125,20,5,0.8,0.5128205128205128,0.625,0.1,4,0.05,0.9,0.6
R4,15,0.125,20,5,0.8,0.5128205128205128,0.625,0.1,4,0.05,1.0,0.6
R4,15,0.125,20,9,0.6896551724137931,0.5128205128205128,0.5882352941176471,0.1,4,0.1,0.5,0.6
R4,15,0.125,20,5,0.8,0.5128205128205128,0.625,0.1,4,0.1,0.6,0.6
R4,15,0.125,20,5,0.8,0.5128205128205128,0.625,0.1,4,0.1,0.7,0.6
R4,15,0.125,20,5,0.8,0.5128205128205128,0.625,0.1,4,0.1,0.8,0.6
R4,15,0.125,20,5,0.8,0.5128205128205128,0.625,0.1,4,0.1,0.9,0.6
R4,15,0.125,20,5,0.8,0.5128205128205128,0.625,0.1,4,0.1,1.0,0.6
R4,15,0.125,16,5,0.7619047619047619,0.41025641025641024,0.5333333333333333,0.08,4,0.0,0.5,0.6499999999999999
R4,15,0.125,16,2,0.8888888888888888,0.41025641025641024,0.5614035087719298,0.08,4,0.0,0.6,0.6499999999999999
R4,15,0.125,16,2,0.8888888888888888,0.41025641025641024,0.5614035087719298,0.08,4,0.0,0.7,0.6499999999999999
R4,15,0.125,16,2,0.8888888888888888,0.41025641025641024,0.5614035087719298,0.08,4,0.0,0.8,0.6499999999999999
R4,15,0.125,16,2,0.8888888888888888,0.41025641025641024,0.5614035087719298,0.08,4,0.0,0.9,0.6499999999999999
R4,15,0.125,16,2,0.8888888888888888,0.41025641025641024,0.5614035087719298,0.08,4,0.0,1.0,0.6499999999999999
R4,15,0.125,16,5,0.7619047619047619,0.41025641025641024,0.5333333333333333,0.08,4,0.05,0.5,0.6499999999999999
R4,15,0.125,16,2,0.8888888888888888,0.41025641025641024,0.5614035087719298,0.08,4,0.05,0.6,0.6499999999999999
R4,15,0.125,16,2,0.8888888888888888,0.41025641025641024,0.5614035087719298,0.08,4,0.05,0.7,0.6499999999999999
R4,15,0.125,16,2,0.8888888888888888,0.41025641025641024,0.5614035087719298,0.08,4,0.05,0.8,0.6499999999999999
R4,15,0.125,16,2,0.8888888888888888,0.41025641025641024,0.5614035087719298,0.08,4,0.05,0.9,0.6499999999999999
R4,15,0.125,16,2,0.8888888888888888,0.41025641025641024,0.5614035087719298,0.08,4,0.05,1.0,0.6499999999999999
R4,15,0.125,16,5,0.7619047619047619,0.41025641025641024,0.5333333333333333,0.08,4,0.1,0.5,0.6499999999999999
R4,15,0.125,16,2,0.8888888888888888,0.41025641025641024,0.5614035087719298,0.08,4,0.1,0.6,0.6499999999999999
R4,15,0.125,16,2,0.8888888888888888,0.41025641025641024,0.5614035087719298,0.08,4,0.1,0.7,0.6499999999999999
R4,15,0.125,16,2,0.8888888888888888,0.41025641025641024,0.5614035087719298,0.08,4,0.1,0.8,0.6499999999999999
R4,15,0.125,16,2,0.8888888888888888,0.41025641025641024,0.5614035087719298,0.08,4,0.1,0.9,0.6499999999999999
R4,15,0.125,16,2,0.8888888888888888,0.41025641025641024,0.5614035087719298,0.08,4,0.1,1.0,0.6499999999999999
R4,15,0.125,15,4,0.7894736842105263,0.38461538461538464,0.5172413793103449,0.075,4,0.0,0.5,0.7
R4,15,0.125,15,2,0.8823529411764706,0.38461538461538464,0.5357142857142858,0.075,4,0.0,0.6,0.7
R4,15,0.125,15,2,0.8823529411764706,0.38461538461538464,0.5357142857142858,0.075,4,0.0,0.7,0.7
R4,15,0.125,15,2,0.8823529411764706,0.38461538461538464,0.5357142857142858,0.075,4,0.0,0.8,0.7
R4,15,0.125,15,2,0.8823529411764706,0.38461538461538464,0.5357142857142858,0.075,4,0.0,0.9,0.7
R4,15,0.125,15,2,0.8823529411764706,0.38461538461538464,0.5357142857142858,0.075,4,0.0,1.0,0.7
R4,15,0.125,15,4,0.7894736842105263,0.38461538461538464,0.5172413793103449,0.075,4,0.05,0.5,0.7
R4,15,0.125,15,2,0.8823529411764706,0.38461538461538464,0.5357142857142858,0.075,4,0.05,0.6,0.7
R4,15,0.125,15,2,0.8823529411764706,0.38461538461538464,0.5357142857142858,0.075,4,0.05,0.7,0.7
R4,15,0.125,15,2,0.8823529411764706,0.38461538461538464,0.5357142857142858,0.075,4,0.05,0.8,0.7
R4,15,0.125,15,2,0.8823529411764706,0.38461538461538464,0.5357142857142858,0.075,4,0.05,0.9,0.7
R4,15,0.125,15,2,0.8823529411764706,0.38461538461538464,0.5357142857142858,0.075,4,0.05,1.0,0.7
R4,15,0.125,15,4,0.7894736842105263,0.38461538461538464,0.5172413793103449,0.075,4,0.1,0.5,0.7
R4,15,0.125,15,2,0.8823529411764706,0.38461538461538464,0.5357142857142858,0.075,4,0.1,0.6,0.7
R4,15,0.125,15,2,0.8823529411764706,0.38461538461538464,0.5357142857142858,0.075,4,0.1,0.7,0.7
R4,15,0.125,15,2,0.8823529411764706,0.38461538461538464,0.5357142857142858,0.075,4,0.1,0.8,0.7
R4,15,0.125,15,2,0.8823529411764706,0.38461538461538464,0.5357142857142858,0.075,4,0.1,0.9,0.7
R4,15,0.125,15,2,0.8823529411764706,0.38461538461538464,0.5357142857142858,0.075,4,0.1,1.0,0.7
R4,15,0.15000000000000002,23,25,0.4791666666666667,0.5897435897435898,0.5287356321839081,0.115,4,0.0,0.5,0.4
R4,15,0.15000000000000002,23,21,0.5227272727272727,0.5897435897435898,0.5542168674698795,0.115,4,0.0,0.6,0.4
R4,15,0.15000000000000002,23,18,0.5609756097560976,0.5897435897435898,0.575,0.115,4,0.0,0.7,0.4
R4,15,0.15000000000000002,23,17,0.575,0.5897435897435898,0.5822784810126582,0.115,4,0.0,0.8,0.4
R4,15,0.15000000000000002,23,16,0.5897435897435898,0.5897435897435898,0.5897435897435898,0.115,4,0.0,0.9,0.4
R4,15,0.15000000000000002,23,16,0.5897435897435898,0.5897435897435898,0.5897435897435898,0.115,4,0.0,1.0,0.4
R4,15,0.15000000000000002,23,25,0.4791666666666667,0.5897435897435898,0.5287356321839081,0.115,4,0.05,0.5,0.4
R4,15,0.15000000000000002,23,21,0.5227272727272727,0.5897435897435898,0.5542168674698795,0.115,4,0.05,0.6,0.4
R4,15,0.15000000000000002,23,18,0.5609756097560976,0.5897435897435898,0.575,0.115,4,0.05,0.7,0.4
R4,15,0.15000000000000002,23,17,0.575,0.5897435897435898,0.5822784810126582,0.115,4,0.05,0.8,0.4
R4,15,0.15000000000000002,23,16,0.5897435897435898,0.5897435897435898,0.5897435897435898,0.115,4,0.05,0.9,0.4
R4,15,0.15000000000000002,23,16,0.5897435897435898,0.5897435897435898,0.5897435897435898,0.115,4,0.05,1.0,0.4
R4,15,0.15000000000000002,23,25,0.4791666666666667,0.5897435897435898,0.5287356321839081,0.115,4,0.1,0.5,0.4
R4,15,0.15000000000000002,23,21,0.5227272727272727,0.5897435897435898,0.5542168674698795,0.115,4,0.1,0.6,0.4
R4,15,0.15000000000000002,23,18,0.5609756097560976,0.5897435897435898,0.575,0.115,4,0.1,0.7,0.4
R4,15,0.15000000000000002,23,17,0.575,0.5897435897435898,0.5822784810126582,0.115,4,0.1,0.8,0.4
R4,15,0.15000000000000002,23,16,0.5897435897435898,0.5897435897435898,0.5897435897435898,0.115,4,0.1,0.9,0.4
R4,15,0.15000000000000002,23,16,0.5897435897435898,0.5897435897435898,0.5897435897435898,0.115,4,0.1,1.0,0.4
R4,15,0.15000000000000002,22,19,0.5365853658536586,0.5641025641025641,0.55,0.11,4,0.0,0.5,0.45
R4,15,0.15000000000000002,22,15,0.5945945945945946,0.5641025641025641,0.5789473684210528,0.11,4,0.0,0.6,0.45
R4,15,0.15000000000000002,22,13,0.6285714285714286,0.5641025641025641,0.5945945945945945,0.11,4,0.0,0.7,0.45
R4,15,0.15000000000000002,22,12,0.6470588235294118,0.5641025641025641,0.6027397260273972,0.11,4,0.0,0.8,0.45
R4,15,0.15000000000000002,22,12,0.6470588235294118,0.5641025641025641,0.6027397260273972,0.11,4,0.0,0.9,0.45
R4,15,0.15000000000000002,22,12,0.6470588235294118,0.5641025641025641,0.6027397260273972,0.11,4,0.0,1.0,0.45
R4,15,0.15000000000000002,22,19,0.5365853658536586,0.5641025641025641,0.55,0.11,4,0.05,0.5,0.45
R4,15,0.15000000000000002,22,15,0.5945945945945946,0.5641025641025641,0.5789473684210528,0.11,4,0.05,0.6,0.45
R4,15,0.15000000000000002,22,13,0.6285714285714286,0.5641025641025641,0.5945945945945945,0.11,4,0.05,0.7,0.45
R4,15,0.15000000000000002,22,12,0.6470588235294118,0.5641025641025641,0.6027397260273972,0.11,4,0.05,0.8,0.45
R4,15,0.15000000000000002,22,12,0.6470588235294118,0.5641025641025641,0.6027397260273972,0.11,4,0.05,0.9,0.45
R4,15,0.15000000000000002,22,12,0.6470588235294118,0.5641025641025641,0.6027397260273972,0.11,4,0.05,1.0,0.45
R4,15,0.15000000000000002,22,19,0.5365853658536586,0.5641025641025641,0.55,0.11,4,0.1,0.5,0.45
R4,15,0.15000000000000002,22,15,0.5945945945945946,0.5641025641025641,0.5789473684210528,0.11,4,0.1,0.6,0.45
R4,15,0.15000000000000002,22,13,0.6285714285714286,0.5641025641025641,0.5945945945945945,0.11,4,0.1,0.7,0.45
R4,15,0.15000000000000002,22,12,0.6470588235294118,0.5641025641025641,0.6027397260273972,0.11,4,0.1,0.8,0.45
R4,15,0.15000000000000002,22,12,0.6470588235294118,0.5641025641025641,0.6027397260273972,0.11,4,0.1,0.9,0.45
R4,15,0.15000000000000002,22,12,0.6470588235294118,0.5641025641025641,0.6027397260273972,0.11,4,0.1,1.0,0.45
R4,15,0.15000000000000002,22,17,0.5641025641025641,0.5641025641025641,0.5641025641025641,0.11,4,0.0,0.5,0.5
R4,15,0.15000000000000002,22,13,0.6285714285714286,0.5641025641025641,0.5945945945945945,0.11,4,0.0,0.6,0.5
R4,15,0.15000000000000002,22,11,0.6666666666666666,0.5641025641025641,0.611111111111111,0.11,4,0.0,0.7,0.5
R4,15,0.15000000000000002,22,10,0.6875,0.5641025641025641,0.619718309859155,0.11,4,0.0,0.8,0.5
R4,15,0.15000000000000002,22,10,0.6875,0.5641025641025641,0.619718309859155,0.11,4,0.0,0.9,0.5
R4,15,0.15000000000000002,22,10,0.6875,0.5641025641025641,0.619718309859155,0.11,4,0.0,1.0,0.5
R4,15,0.15000000000000002,22,17,0.5641025641025641,0.5641025641025641,0.5641025641025641,0.11,4,0.05,0.5,0.5
R4,15,0.15000000000000002,22,13,0.6285714285714286,0.5641025641025641,0.5945945945945945,0.11,4,0.05,0.6,0.5
R4,15,0.15000000000000002,22,11,0.6666666666666666,0.5641025641025641,0.611111111111111,0.11,4,0.05,0.7,0.5
R4,15,0.15000000000000002,22,10,0.6875,0.5641025641025641,0.619718309859155,0.11,4,0.05,0.8,0.5
R4,15,0.15000000000000002,22,10,0.6875,0.5641025641025641,0.619718309859155,0.11,4,0.05,0.9,0.5
R4,15,0.15000000000000002,22,10,0.6875,0.5641025641025641,0.619718309859155,0.11,4,0.05,1.0,0.5
R4,15,0.15000000000000002,22,17,0.5641025641025641,0.5641025641025641,0.5641025641025641,0.11,4,0.1,0.5,0.5
R4,15,0.15000000000000002,22,13,0.6285714285714286,0.5641025641025641,0.5945945945945945,0.11,4,0.1,0.6,0.5
R4,15,0.15000000000000002,22,11,0.6666666666666666,0.5641025641025641,0.611111111111111,0.11,4,0.1,0.7,0.5
R4,15,0.15000000000000002,22,10,0.6875,0.5641025641025641,0.619718309859155,0.11,4,0.1,0.8,0.5
R4,15,0.15000000000000002,22,10,0.6875,0.5641025641025641,0.619718309859155,0.11,4,0.1,0.9,0.5
R4,15,0.15000000000000002,22,10,0.6875,0.5641025641025641,0.619718309859155,0.11,4,0.1,1.0,0.5
R4,15,0.15000000000000002,22,15,0.5945945945945946,0.5641025641025641,0.5789473684210528,0.11,4,0.0,0.5,0.55
R4,15,0.15000000000000002,22,11,0.6666666666666666,0.5641025641025641,0.611111111111111,0.11,4,0.0,0.6,0.55
R4,15,0.15000000000000002,22,9,0.7096774193548387,0.5641025641025641,0.6285714285714286,0.11,4,0.0,0.7,0.55
R4,15,0.15000000000000002,22,8,0.7333333333333333,0.5641025641025641,0.6376811594202899,0.11,4,0.0,0.8,0.55
R4,15,0.15000000000000002,22,8,0.7333333333333333,0.5641025641025641,0.6376811594202899,0.11,4,0.0,0.9,0.55
R4,15,0.15000000000000002,22,8,0.7333333333333333,0.5641025641025641,0.6376811594202899,0.11,4,0.0,1.0,0.55
R4,15,0.15000000000000002,22,15,0.5945945945945946,0.5641025641025641,0.5789473684210528,0.11,4,0.05,0.5,0.55
R4,15,0.15000000000000002,22,11,0.6666666666666666,0.5641025641025641,0.611111111111111,0.11,4,0.05,0.6,0.55
R4,15,0.15000000000000002,22,9,0.7096774193548387,0.5641025641025641,0.6285714285714286,0.11,4,0.05,0.7,0.55
R4,15,0.15000000000000002,22,8,0.7333333333333333,0.5641025641025641,0.6376811594202899,0.11,4,0.05,0.8,0.55
R4,15,0.15000000000000002,22,8,0.7333333333333333,0.5641025641025641,0.6376811594202899,0.11,4,0.05,0.9,0.55
R4,15,0.15000000000000002,22,8,0.7333333333333333,0.5641025641025641,0.6376811594202899,0.11,4,0.05,1.0,0.55
R4,15,0.15000000000000002,22,15,0.5945945945945946,0.5641025641025641,0.5789473684210528,0.11,4,0.1,0.5,0.55
R4,15,0.15000000000000002,22,11,0.6666666666666666,0.5641025641025641,0.611111111111111,0.11,4,0.1,0.6,0.55
R4,15,0.15000000000000002,22,9,0.7096774193548387,0.5641025641025641,0.6285714285714286,0.11,4,0.1,0.7,0.55
R4,15,0.15000000000000002,22,8,0.7333333333333333,0.5641025641025641,0.6376811594202899,0.11,4,0.1,0.8,0.55
R4,15,0.15000000000000002,22,8,0.7333333333333333,0.5641025641025641,0.6376811594202899,0.11,4,0.1,0.9,0.55
R4,15,0.15000000000000002,22,8,0.7333333333333333,0.5641025641025641,0.6376811594202899,0.11,4,0.1,1.0,0.55
R4,15,0.15000000000000002,21,11,0.65625,0.5384615384615384,0.5915492957746479,0.105,4,0.0,0.5,0.6
R4,15,0.15000000000000002,21,7,0.75,0.5384615384615384,0.6268656716417911,0.105,4,0.0,0.6,0.6
R4,15,0.15000000000000002,21,7,0.75,0.5384615384615384,0.6268656716417911,0.105,4,0.0,0.7,0.6
R4,15,0.15000000000000002,21,7,0.75,0.5384615384615384,0.6268656716417911,0.105,4,0.0,0.8,0.6
R4,15,0.15000000000000002,21,7,0.75,0.5384615384615384,0.6268656716417911,0.105,4,0.0,0.9,0.6
R4,15,0.15000000000000002,21,7,0.75,0.5384615384615384,0.6268656716417911,0.105,4,0.0,1.0,0.6
R4,15,0.15000000000000002,21,11,0.65625,0.5384615384615384,0.5915492957746479,0.105,4,0.05,0.5,0.6
R4,15,0.15000000000000002,21,7,0.75,0.5384615384615384,0.6268656716417911,0.105,4,0.05,0.6,0.6
R4,15,0.15000000000000002,21,7,0.75,0.5384615384615384,0.6268656716417911,0.105,4,0.05,0.7,0.6
R4,15,0.15000000000000002,21,7,0.75,0.5384615384615384,0.6268656716417911,0.105,4,0.05,0.8,0.6
R4,15,0.15000000000000002,21,7,0.75,0.5384615384615384,0.6268656716417911,0.105,4,0.05,0.9,0.6
R4,15,0.15000000000000002,21,7,0.75,0.5384615384615384,0.6268656716417911,0.105,4,0.05,1.0,0.6
R4,15,0.15000000000000002,21,11,0.65625,0.5384615384615384,0.5915492957746479,0.105,4,0.1,0.5,0.6
R4,15,0.15000000000000002,21,7,0.75,0.5384615384615384,0.6268656716417911,0.105,4,0.1,0.6,0.6
R4,15,0.15000000000000002,21,7,0.75,0.5384615384615384,0.6268656716417911,0.105,4,0.1,0.7,0.6
R4,15,0.15000000000000002,21,7,0.75,0.5384615384615384,0.6268656716417911,0.105,4,0.1,0.8,0.6
R4,15,0.15000000000000002,21,7,0.75,0.5384615384615384,0.6268656716417911,0.105,4,0.1,0.9,0.6
R4,15,0.15000000000000002,21,7,0.75,0.5384615384615384,0.6268656716417911,0.105,4,0.1,1.0,0.6
R4,15,0.15000000000000002,17,7,0.7083333333333334,0.4358974358974359,0.5396825396825398,0.085,4,0.0,0.5,0.6499999999999999
R4,15,0.15000000000000002,17,4,0.8095238095238095,0.4358974358974359,0.5666666666666667,0.085,4,0.0,0.6,0.6499999999999999
R4,15,0.15000000000000002,17,4,0.8095238095238095,0.4358974358974359,0.5666666666666667,0.085,4,0.0,0.7,0.6499999999999999
R4,15,0.15000000000000002,17,4,0.8095238095238095,0.4358974358974359,0.5666666666666667,0.085,4,0.0,0.8,0.6499999999999999
R4,15,0.15000000000000002,17,4,0.8095238095238095,0.4358974358974359,0.5666666666666667,0.085,4,0.0,0.9,0.6499999999999999
R4,15,0.15000000000000002,17,4,0.8095238095238095,0.4358974358974359,0.5666666666666667,0.085,4,0.0,1.0,0.6499999999999999
R4,15,0.15000000000000002,17,7,0.7083333333333334,0.4358974358974359,0.5396825396825398,0.085,4,0.05,0.5,0.6499999999999999
R4,15,0.15000000000000002,17,4,0.8095238095238095,0.4358974358974359,0.5666666666666667,0.085,4,0.05,0.6,0.6499999999999999
R4,15,0.15000000000000002,17,4,0.8095238095238095,0.4358974358974359,0.5666666666666667,0.085,4,0.05,0.7,0.6499999999999999
R4,15,0.15000000000000002,17,4,0.8095238095238095,0.4358974358974359,0.5666666666666667,0.085,4,0.05,0.8,0.6499999999999999
R4,15,0.15000000000000002,17,4,0.8095238095238095,0.4358974358974359,0.5666666666666667,0.085,4,0.05,0.9,0.6499999999999999
R4,15,0.15000000000000002,17,4,0.8095238095238095,0.4358974358974359,0.5666666666666667,0.085,4,0.05,1.0,0.6499999999999999
R4,15,0.15000000000000002,17,7,0.7083333333333334,0.4358974358974359,0.5396825396825398,0.085,4,0.1,0.5,0.6499999999999999
R4,15,0.15000000000000002,17,4,0.8095238095238095,0.4358974358974359,0.5666666666666667,0.085,4,0.1,0.6,0.6499999999999999
R4,15,0.15000000000000002,17,4,0.8095238095238095,0.4358974358974359,0.5666666666666667,0.085,4,0.1,0.7,0.6499999999999999
R4,15,0.15000000000000002,17,4,0.8095238095238095,0.4358974358974359,0.5666666666666667,0.085,4,0.1,0.8,0.6499999999999999
R4,15,0.15000000000000002,17,4,0.8095238095238095,0.4358974358974359,0.5666666666666667,0.085,4,0.1,0.9,0.6499999999999999
R4,15,0.15000000000000002,17,4,0.8095238095238095,0.4358974358974359,0.5666666666666667,0.085,4,0.1,1.0,0.6499999999999999
R4,15,0.15000000000000002,16,6,0.7272727272727273,0.41025641025641024,0.5245901639344261,0.08,4,0.0,0.5,0.7
R4,15,0.15000000000000002,16,4,0.8,0.41025641025641024,0.5423728813559321,0.08,4,0.0,0.6,0.7
R4,15,0.15000000000000002,16,4,0.8,0.41025641025641024,0.5423728813559321,0.08,4,0.0,0.7,0.7
R4,15,0.15000000000000002,16,4,0.8,0.41025641025641024,0.5423728813559321,0.08,4,0.0,0.8,0.7
R4,15,0.15000000000000002,16,4,0.8,0.41025641025641024,0.5423728813559321,0.08,4,0.0,0.9,0.7
R4,15,0.15000000000000002,16,4,0.8,0.41025641025641024,0.5423728813559321,0.08,4,0.0,1.0,0.7
R4,15,0.15000000000000002,16,6,0.7272727272727273,0.41025641025641024,0.5245901639344261,0.08,4,0.05,0.5,0.7
R4,15,0.15000000000000002,16,4,0.8,0.41025641025641024,0.5423728813559321,0.08,4,0.05,0.6,0.7
R4,15,0.15000000000000002,16,4,0.8,0.41025641025641024,0.5423728813559321,0.08,4,0.05,0.7,0.7
R4,15,0.15000000000000002,16,4,0.8,0.41025641025641024,0.5423728813559321,0.08,4,0.05,0.8,0.7
R4,15,0.15000000000000002,16,4,0.8,0.41025641025641024,0.5423728813559321,0.08,4,0.05,0.9,0.7
R4,15,0.15000000000000002,16,4,0.8,0.41025641025641024,0.5423728813559321,0.08,4,0.05,1.0,0.7
R4,15,0.15000000000000002,16,6,0.7272727272727273,0.41025641025641024,0.5245901639344261,0.08,4,0.1,0.5,0.7
R4,15,0.15000000000000002,16,4,0.8,0.41025641025641024,0.5423728813559321,0.08,4,0.1,0.6,0.7
R4,15,0.15000000000000002,16,4,0.8,0.41025641025641024,0.5423728813559321,0.08,4,0.1,0.7,0.7
R4,15,0.15000000000000002,16,4,0.8,0.41025641025641024,0.5423728813559321,0.08,4,0.1,0.8,0.7
R4,15,0.15000000000000002,16,4,0.8,0.41025641025641024,0.5423728813559321,0.08,4,0.1,0.9,0.7
R4,15,0.15000000000000002,16,4,0.8,0.41025641025641024,0.5423728813559321,0.08,4,0.1,1.0,0.7
R4,15,0.175,25,25,0.5,0.6410256410256411,0.5617977528089888,0.125,4,0.0,0.5,0.4
R4,15,0.175,25,21,0.5434782608695652,0.6410256410256411,0.5882352941176471,0.125,4,0.0,0.6,0.4
R4,15,0.175,25,18,0.5813953488372093,0.6410256410256411,0.6097560975609757,0.125,4,0.0,0.7,0.4
R4,15,0.175,25,17,0.5952380952380952,0.6410256410256411,0.617283950617284,0.125,4,0.0,0.8,0.4
R4,15,0.175,25,16,0.6097560975609756,0.6410256410256411,0.625,0.125,4,0.0,0.9,0.4
R4,15,0.175,25,16,0.6097560975609756,0.6410256410256411,0.625,0.125,4,0.0,1.0,0.4
R4,15,0.175,25,25,0.5,0.6410256410256411,0.5617977528089888,0.125,4,0.05,0.5,0.4
R4,15,0.175,25,21,0.5434782608695652,0.6410256410256411,0.5882352941176471,0.125,4,0.05,0.6,0.4
R4,15,0.175,25,18,0.5813953488372093,0.6410256410256411,0.6097560975609757,0.125,4,0.05,0.7,0.4
R4,15,0.175,25,17,0.5952380952380952,0.6410256410256411,0.617283950617284,0.125,4,0.05,0.8,0.4
R4,15,0.175,25,16,0.6097560975609756,0.6410256410256411,0.625,0.125,4,0.05,0.9,0.4
R4,15,0.175,25,16,0.6097560975609756,0.6410256410256411,0.625,0.125,4,0.05,1.0,0.4
R4,15,0.175,25,25,0.5,0.6410256410256411,0.5617977528089888,0.125,4,0.1,0.5,0.4
R4,15,0.175,25,21,0.5434782608695652,0.6410256410256411,0.5882352941176471,0.125,4,0.1,0.6,0.4
R4,15,0.175,25,18,0.5813953488372093,0.6410256410256411,0.6097560975609757,0.125,4,0.1,0.7,0.4
R4,15,0.175,25,17,0.5952380952380952,0.6410256410256411,0.617283950617284,0.125,4,0.1,0.8,0.4
R4,15,0.175,25,16,0.6097560975609756,0.6410256410256411,0.625,0.125,4,0.1,0.9,0.4
R4,15,0.175,25,16,0.6097560975609756,0.6410256410256411,0.625,0.125,4,0.1,1.0,0.4
R4,15,0.175,24,19,0.5581395348837209,0.6153846153846154,0.5853658536585366,0.12,4,0.0,0.5,0.45
R4,15,0.175,24,15,0.6153846153846154,0.6153846153846154,0.6153846153846154,0.12,4,0.0,0.6,0.45
R4,15,0.175,24,13,0.6486486486486487,0.6153846153846154,0.631578947368421,0.12,4,0.0,0.7,0.45
R4,15,0.175,24,12,0.6666666666666666,0.6153846153846154,0.64,0.12,4,0.0,0.8,0.45
R4,15,0.175,24,12,0.6666666666666666,0.6153846153846154,0.64,0.12,4,0.0,0.9,0.45
R4,15,0.175,24,12,0.6666666666666666,0.6153846153846154,0.64,0.12,4,0.0,1.0,0.45
R4,15,0.175,24,19,0.5581395348837209,0.6153846153846154,0.5853658536585366,0.12,4,0.05,0.5,0.45
R4,15,0.175,24,15,0.6153846153846154,0.6153846153846154,0.6153846153846154,0.12,4,0.05,0.6,0.45
R4,15,0.175,24,13,0.6486486486486487,0.6153846153846154,0.631578947368421,0.12,4,0.05,0.7,0.45
R4,15,0.175,24,12,0.6666666666666666,0.6153846153846154,0.64,0.12,4,0.05,0.8,0.45
R4,15,0.175,24,12,0.6666666666666666,0.6153846153846154,0.64,0.12,4,0.05,0.9,0.45
R4,15,0.175,24,12,0.6666666666666666,0.6153846153846154,0.64,0.12,4,0.05,1.0,0.45
R4,15,0.175,24,19,0.5581395348837209,0.6153846153846154,0.5853658536585366,0.12,4,0.1,0.5,0.45
R4,15,0.175,24,15,0.6153846153846154,0.6153846153846154,0.6153846153846154,0.12,4,0.1,0.6,0.45
R4,15,0.175,24,13,0.6486486486486487,0.6153846153846154,0.631578947368421,0.12,4,0.1,0.7,0.45
R4,15,0.175,24,12,0.6666666666666666,0.6153846153846154,0.64,0.12,4,0.1,0.8,0.45
R4,15,0.175,24,12,0.6666666666666666,0.6153846153846154,0.64,0.12,4,0.1,0.9,0.45
R4,15,0.175,24,12,0.6666666666666666,0.6153846153846154,0.64,0.12,4,0.1,1.0,0.45
R4,15,0.175,24,17,0.5853658536585366,0.6153846153846154,0.6,0.12,4,0.0,0.5,0.5
R4,15,0.175,24,13,0.6486486486486487,0.6153846153846154,0.631578947368421,0.12,4,0.0,0.6,0.5
R4,15,0.175,24,11,0.6857142857142857,0.6153846153846154,0.6486486486486486,0.12,4,0.0,0.7,0.5
R4,15,0.175,24,10,0.7058823529411765,0.6153846153846154,0.6575342465753424,0.12,4,0.0,0.8,0.5
R4,15,0.175,24,10,0.7058823529411765,0.6153846153846154,0.6575342465753424,0.12,4,0.0,0.9,0.5
R4,15,0.175,24,10,0.7058823529411765,0.6153846153846154,0.6575342465753424,0.12,4,0.0,1.0,0.5
R4,15,0.175,24,17,0.5853658536585366,0.6153846153846154,0.6,0.12,4,0.05,0.5,0.5
R4,15,0.175,24,13,0.6486486486486487,0.6153846153846154,0.631578947368421,0.12,4,0.05,0.6,0.5
R4,15,0.175,24,11,0.6857142857142857,0.6153846153846154,0.6486486486486486,0.12,4,0.05,0.7,0.5
R4,15,0.175,24,10,0.7058823529411765,0.6153846153846154,0.6575342465753424,0.12,4,0.05,0.8,0.5
R4,15,0.175,24,10,0.7058823529411765,0.6153846153846154,0.6575342465753424,0.12,4,0.05,0.9,0.5
R4,15,0.175,24,10,0.7058823529411765,0.6153846153846154,0.6575342465753424,0.12,4,0.05,1.0,0.5
R4,15,0.175,24,17,0.5853658536585366,0.6153846153846154,0.6,0.12,4,0.1,0.5,0.5
R4,15,0.175,24,13,0.6486486486486487,0.6153846153846154,0.631578947368421,0.12,4,0.1,0.6,0.5
R4,15,0.175,24,11,0.6857142857142857,0.6153846153846154,0.6486486486486486,0.12,4,0.1,0.7,0.5
R4,15,0.175,24,10,0.7058823529411765,0.6153846153846154,0.6575342465753424,0.12,4,0.1,0.8,0.5
R4,15,0.175,24,10,0.7058823529411765,0.6153846153846154,0.6575342465753424,0.12,4,0.1,0.9,0.5
R4,15,0.175,24,10,0.7058823529411765,0.6153846153846154,0.6575342465753424,0.12,4,0.1,1.0,0.5
R4,15,0.175,24,15,0.6153846153846154,0.6153846153846154,0.6153846153846154,0.12,4,0.0,0.5,0.55
R4,15,0.175,24,11,0.6857142857142857,0.6153846153846154,0.6486486486486486,0.12,4,0.0,0.6,0.55
R4,15,0.175,24,9,0.7272727272727273,0.6153846153846154,0.6666666666666667,0.12,4,0.0,0.7,0.55
R4,15,0.175,24,8,0.75,0.6153846153846154,0.676056338028169,0.12,4,0.0,0.8,0.55
R4,15,0.175,24,8,0.75,0.6153846153846154,0.676056338028169,0.12,4,0.0,0.9,0.55
R4,15,0.175,24,8,0.75,0.6153846153846154,0.676056338028169,0.12,4,0.0,1.0,0.55
R4,15,0.175,24,15,0.6153846153846154,0.6153846153846154,0.6153846153846154,0.12,4,0.05,0.5,0.55
R4,15,0.175,24,11,0.6857142857142857,0.6153846153846154,0.6486486486486486,0.12,4,0.05,0.6,0.55
R4,15,0.175,24,9,0.7272727272727273,0.6153846153846154,0.6666666666666667,0.12,4,0.05,0.7,0.55
R4,15,0.175,24,8,0.75,0.6153846153846154,0.676056338028169,0.12,4,0.05,0.8,0.55
R4,15,0.175,24,8,0.75,0.6153846153846154,0.676056338028169,0.12,4,0.05,0.9,0.55
R4,15,0.175,24,8,0.75,0.6153846153846154,0.676056338028169,0.12,4,0.05,1.0,0.55
R4,15,0.175,24,15,0.6153846153846154,0.6153846153846154,0.6153846153846154,0.12,4,0.1,0.5,0.55
R4,15,0.175,24,11,0.6857142857142857,0.6153846153846154,0.6486486486486486,0.12,4,0.1,0.6,0.55
R4,15,0.175,24,9,0.7272727272727273,0.6153846153846154,0.6666666666666667,0.12,4,0.1,0.7,0.55
R4,15,0.175,24,8,0.75,0.6153846153846154,0.676056338028169,0.12,4,0.1,0.8,0.55
R4,15,0.175,24,8,0.75,0.6153846153846154,0.676056338028169,0.12,4,0.1,0.9,0.55
R4,15,0.175,24,8,0.75,0.6153846153846154,0.676056338028169,0.12,4,0.1,1.0,0.55
R4,15,0.175,23,11,0.6764705882352942,0.5897435897435898,0.6301369863013699,0.115,4,0.0,0.5,0.6
R4,15,0.175,23,7,0.7666666666666667,0.5897435897435898,0.6666666666666667,0.115,4,0.0,0.6,0.6
R4,15,0.175,23,7,0.7666666666666667,0.5897435897435898,0.6666666666666667,0.115,4,0.0,0.7,0.6
R4,15,0.175,23,7,0.7666666666666667,0.5897435897435898,0.6666666666666667,0.115,4,0.0,0.8,0.6
R4,15,0.175,23,7,0.7666666666666667,0.5897435897435898,0.6666666666666667,0.115,4,0.0,0.9,0.6
R4,15,0.175,23,7,0.7666666666666667,0.5897435897435898,0.6666666666666667,0.115,4,0.0,1.0,0.6
R4,15,0.175,23,11,0.6764705882352942,0.5897435897435898,0.6301369863013699,0.115,4,0.05,0.5,0.6
R4,15,0.175,23,7,0.7666666666666667,0.5897435897435898,0.6666666666666667,0.115,4,0.05,0.6,0.6
R4,15,0.175,23,7,0.7666666666666667,0.5897435897435898,0.6666666666666667,0.115,4,0.05,0.7,0.6
R4,15,0.175,23,7,0.7666666666666667,0.5897435897435898,0.6666666666666667,0.115,4,0.05,0.8,0.6
R4,15,0.175,23,7,0.7666666666666667,0.5897435897435898,0.6666666666666667,0.115,4,0.05,0.9,0.6
R4,15,0.175,23,7,0.7666666666666667,0.5897435897435898,0.6666666666666667,0.115,4,0.05,1.0,0.6
R4,15,0.175,23,11,0.6764705882352942,0.5897435897435898,0.6301369863013699,0.115,4,0.1,0.5,0.6
R4,15,0.175,23,7,0.7666666666666667,0.5897435897435898,0.6666666666666667,0.115,4,0.1,0.6,0.6
R4,15,0.175,23,7,0.7666666666666667,0.5897435897435898,0.6666666666666667,0.115,4,0.1,0.7,0.6
R4,15,0.175,23,7,0.7666666666666667,0.5897435897435898,0.6666666666666667,0.115,4,0.1,0.8,0.6
R4,15,0.175,23,7,0.7666666666666667,0.5897435897435898,0.6666666666666667,0.115,4,0.1,0.9,0.6
R4,15,0.175,23,7,0.7666666666666667,0.5897435897435898,0.6666666666666667,0.115,4,0.1,1.0,0.6
R4,15,0.175,19,7,0.7307692307692307,0.48717948717948717,0.5846153846153846,0.095,4,0.0,0.5,0.6499999999999999
R4,15,0.175,19,4,0.8260869565217391,0.48717948717948717,0.6129032258064516,0.095,4,0.0,0.6,0.6499999999999999
R4,15,0.175,19,4,0.8260869565217391,0.48717948717948717,0.6129032258064516,0.095,4,0.0,0.7,0.6499999999999999
R4,15,0.175,19,4,0.8260869565217391,0.48717948717948717,0.6129032258064516,0.095,4,0.0,0.8,0.6499999999999999
R4,15,0.175,19,4,0.8260869565217391,0.48717948717948717,0.6129032258064516,0.095,4,0.0,0.9,0.6499999999999999
R4,15,0.175,19,4,0.8260869565217391,0.48717948717948717,0.6129032258064516,0.095,4,0.0,1.0,0.6499999999999999
R4,15,0.175,19,7,0.7307692307692307,0.48717948717948717,0.5846153846153846,0.095,4,0.05,0.5,0.6499999999999999
R4,15,0.175,19,4,0.8260869565217391,0.48717948717948717,0.6129032258064516,0.095,4,0.05,0.6,0.6499999999999999
R4,15,0.175,19,4,0.8260869565217391,0.48717948717948717,0.6129032258064516,0.095,4,0.05,0.7,0.6499999999999999
R4,15,0.175,19,4,0.8260869565217391,0.48717948717948717,0.6129032258064516,0.095,4,0.05,0.8,0.6499999999999999
R4,15,0.175,19,4,0.8260869565217391,0.48717948717948717,0.6129032258064516,0.095,4,0.05,0.9,0.6499999999999999
R4,15,0.175,19,4,0.8260869565217391,0.48717948717948717,0.6129032258064516,0.095,4,0.05,1.0,0.6499999999999999
R4,15,0.175,19,7,0.7307692307692307,0.48717948717948717,0.5846153846153846,0.095,4,0.1,0.5,0.6499999999999999
R4,15,0.175,19,4,0.8260869565217391,0.48717948717948717,0.6129032258064516,0.095,4,0.1,0.6,0.6499999999999999
R4,15,0.175,19,4,0.8260869565217391,0.48717948717948717,0.6129032258064516,0.095,4,0.1,0.7,0.6499999999999999
R4,15,0.175,19,4,0.8260869565217391,0.48717948717948717,0.6129032258064516,0.095,4,0.1,0.8,0.6499999999999999
R4,15,0.175,19,4,0.8260869565217391,0.48717948717948717,0.6129032258064516,0.095,4,0.1,0.9,0.6499999999999999
R4,15,0.175,19,4,0.8260869565217391,0.48717948717948717,0.6129032258064516,0.095,4,0.1,1.0,0.6499999999999999
R4,15,0.175,18,6,0.75,0.46153846153846156,0.5714285714285714,0.09,4,0.0,0.5,0.7
R4,15,0.175,18,4,0.8181818181818182,0.46153846153846156,0.5901639344262295,0.09,4,0.0,0.6,0.7
R4,15,0.175,18,4,0.8181818181818182,0.46153846153846156,0.5901639344262295,0.09,4,0.0,0.7,0.7
R4,15,0.175,18,4,0.8181818181818182,0.46153846153846156,0.5901639344262295,0.09,4,0.0,0.8,0.7
R4,15,0.175,18,4,0.8181818181818182,0.46153846153846156,0.5901639344262295,0.09,4,0.0,0.9,0.7
R4,15,0.175,18,4,0.8181818181818182,0.46153846153846156,0.5901639344262295,0.09,4,0.0,1.0,0.7
R4,15,0.175,18,6,0.75,0.46153846153846156,0.5714285714285714,0.09,4,0.05,0.5,0.7
R4,15,0.175,18,4,0.8181818181818182,0.46153846153846156,0.5901639344262295,0.09,4,0.05,0.6,0.7
R4,15,0.175,18,4,0.8181818181818182,0.46153846153846156,0.5901639344262295,0.09,4,0.05,0.7,0.7
R4,15,0.175,18,4,0.8181818181818182,0.46153846153846156,0.5901639344262295,0.09,4,0.05,0.8,0.7
R4,15,0.175,18,4,0.8181818181818182,0.46153846153846156,0.5901639344262295,0.09,4,0.05,0.9,0.7
R4,15,0.175,18,4,0.8181818181818182,0.46153846153846156,0.5901639344262295,0.09,4,0.05,1.0,0.7
R4,15,0.175,18,6,0.75,0.46153846153846156,0.5714285714285714,0.09,4,0.1,0.5,0.7
R4,15,0.175,18,4,0.8181818181818182,0.46153846153846156,0.5901639344262295,0.09,4,0.1,0.6,0.7
R4,15,0.175,18,4,0.8181818181818182,0.46153846153846156,0.5901639344262295,0.09,4,0.1,0.7,0.7
R4,15,0.175,18,4,0.8181818181818182,0.46153846153846156,0.5901639344262295,0.09,4,0.1,0.8,0.7
R4,15,0.175,18,4,0.8181818181818182,0.46153846153846156,0.5901639344262295,0.09,4,0.1,0.9,0.7
R4,15,0.175,18,4,0.8181818181818182,0.46153846153846156,0.5901639344262295,0.09,4,0.1,1.0,0.7
R4,15,0.2,27,25,0.5192307692307693,0.6923076923076923,0.5934065934065933,0.135,4,0.0,0.5,0.4
R4,15,0.2,27,21,0.5625,0.6923076923076923,0.6206896551724138,0.135,4,0.0,0.6,0.4
R4,15,0.2,27,18,0.6,0.6923076923076923,0.6428571428571429,0.135,4,0.0,0.7,0.4
R4,15,0.2,27,17,0.6136363636363636,0.6923076923076923,0.6506024096385543,0.135,4,0.0,0.8,0.4
R4,15,0.2,27,16,0.627906976744186,0.6923076923076923,0.6585365853658537,0.135,4,0.0,0.9,0.4
R4,15,0.2,27,16,0.627906976744186,0.6923076923076923,0.6585365853658537,0.135,4,0.0,1.0,0.4
R4,15,0.2,27,25,0.5192307692307693,0.6923076923076923,0.5934065934065933,0.135,4,0.05,0.5,0.4
R4,15,0.2,27,21,0.5625,0.6923076923076923,0.6206896551724138,0.135,4,0.05,0.6,0.4
R4,15,0.2,27,18,0.6,0.6923076923076923,0.6428571428571429,0.135,4,0.05,0.7,0.4
R4,15,0.2,27,17,0.6136363636363636,0.6923076923076923,0.6506024096385543,0.135,4,0.05,0.8,0.4
R4,15,0.2,27,16,0.627906976744186,0.6923076923076923,0.6585365853658537,0.135,4,0.05,0.9,0.4
R4,15,0.2,27,16,0.627906976744186,0.6923076923076923,0.6585365853658537,0.135,4,0.05,1.0,0.4
R4,15,0.2,27,25,0.5192307692307693,0.6923076923076923,0.5934065934065933,0.135,4,0.1,0.5,0.4
R4,15,0.2,27,21,0.5625,0.6923076923076923,0.6206896551724138,0.135,4,0.1,0.6,0.4
R4,15,0.2,27,18,0.6,0.6923076923076923,0.6428571428571429,0.135,4,0.1,0.7,0.4
R4,15,0.2,27,17,0.6136363636363636,0.6923076923076923,0.6506024096385543,0.135,4,0.1,0.8,0.4
R4,15,0.2,27,16,0.627906976744186,0.6923076923076923,0.6585365853658537,0.135,4,0.1,0.9,0.4
R4,15,0.2,27,16,0.627906976744186,0.6923076923076923,0.6585365853658537,0.135,4,0.1,1.0,0.4
R4,15,0.2,26,19,0.5777777777777777,0.6666666666666666,0.619047619047619,0.13,4,0.0,0.5,0.45
R4,15,0.2,26,15,0.6341463414634146,0.6666666666666666,0.6499999999999999,0.13,4,0.0,0.6,0.45
R4,15,0.2,26,13,0.6666666666666666,0.6666666666666666,0.6666666666666666,0.13,4,0.0,0.7,0.45
R4,15,0.2,26,12,0.6842105263157895,0.6666666666666666,0.6753246753246753,0.13,4,0.0,0.8,0.45
R4,15,0.2,26,12,0.6842105263157895,0.6666666666666666,0.6753246753246753,0.13,4,0.0,0.9,0.45
R4,15,0.2,26,12,0.6842105263157895,0.6666666666666666,0.6753246753246753,0.13,4,0.0,1.0,0.45
R4,15,0.2,26,19,0.5777777777777777,0.6666666666666666,0.619047619047619,0.13,4,0.05,0.5,0.45
R4,15,0.2,26,15,0.6341463414634146,0.6666666666666666,0.6499999999999999,0.13,4,0.05,0.6,0.45
R4,15,0.2,26,13,0.6666666666666666,0.6666666666666666,0.6666666666666666,0.13,4,0.05,0.7,0.45
R4,15,0.2,26,12,0.6842105263157895,0.6666666666666666,0.6753246753246753,0.13,4,0.05,0.8,0.45
R4,15,0.2,26,12,0.6842105263157895,0.6666666666666666,0.6753246753246753,0.13,4,0.05,0.9,0.45
R4,15,0.2,26,12,0.6842105263157895,0.6666666666666666,0.6753246753246753,0.13,4,0.05,1.0,0.45
R4,15,0.2,26,19,0.5777777777777777,0.6666666666666666,0.619047619047619,0.13,4,0.1,0.5,0.45
R4,15,0.2,26,15,0.6341463414634146,0.6666666666666666,0.6499999999999999,0.13,4,0.1,0.6,0.45
R4,15,0.2,26,13,0.6666666666666666,0.6666666666666666,0.6666666666666666,0.13,4,0.1,0.7,0.45
R4,15,0.2,26,12,0.6842105263157895,0.6666666666666666,0.6753246753246753,0.13,4,0.1,0.8,0.45
R4,15,0.2,26,12,0.6842105263157895,0.6666666666666666,0.6753246753246753,0.13,4,0.1,0.9,0.45
R4,15,0.2,26,12,0.6842105263157895,0.6666666666666666,0.6753246753246753,0.13,4,0.1,1.0,0.45
R4,15,0.2,26,17,0.6046511627906976,0.6666666666666666,0.6341463414634145,0.13,4,0.0,0.5,0.5
R4,15,0.2,26,13,0.6666666666666666,0.6666666666666666,0.6666666666666666,0.13,4,0.0,0.6,0.5
R4,15,0.2,26,11,0.7027027027027027,0.6666666666666666,0.6842105263157895,0.13,4,0.0,0.7,0.5
R4,15,0.2,26,10,0.7222222222222222,0.6666666666666666,0.6933333333333334,0.13,4,0.0,0.8,0.5
R4,15,0.2,26,10,0.7222222222222222,0.6666666666666666,0.6933333333333334,0.13,4,0.0,0.9,0.5
R4,15,0.2,26,10,0.7222222222222222,0.6666666666666666,0.6933333333333334,0.13,4,0.0,1.0,0.5
R4,15,0.2,26,17,0.6046511627906976,0.6666666666666666,0.6341463414634145,0.13,4,0.05,0.5,0.5
R4,15,0.2,26,13,0.6666666666666666,0.6666666666666666,0.6666666666666666,0.13,4,0.05,0.6,0.5
R4,15,0.2,26,11,0.7027027027027027,0.6666666666666666,0.6842105263157895,0.13,4,0.05,0.7,0.5
R4,15,0.2,26,10,0.7222222222222222,0.6666666666666666,0.6933333333333334,0.13,4,0.05,0.8,0.5
R4,15,0.2,26,10,0.7222222222222222,0.6666666666666666,0.6933333333333334,0.13,4,0.05,0.9,0.5
R4,15,0.2,26,10,0.7222222222222222,0.6666666666666666,0.6933333333333334,0.13,4,0.05,1.0,0.5
R4,15,0.2,26,17,0.6046511627906976,0.6666666666666666,0.6341463414634145,0.13,4,0.1,0.5,0.5
R4,15,0.2,26,13,0.6666666666666666,0.6666666666666666,0.6666666666666666,0.13,4,0.1,0.6,0.5
R4,15,0.2,26,11,0.7027027027027027,0.6666666666666666,0.6842105263157895,0.13,4,0.1,0.7,0.5
R4,15,0.2,26,10,0.7222222222222222,0.6666666666666666,0.6933333333333334,0.13,4,0.1,0.8,0.5
R4,15,0.2,26,10,0.7222222222222222,0.6666666666666666,0.6933333333333334,0.13,4,0.1,0.9,0.5
R4,15,0.2,26,10,0.7222222222222222,0.6666666666666666,0.6933333333333334,0.13,4,0.1,1.0,0.5
R4,15,0.2,26,15,0.6341463414634146,0.6666666666666666,0.6499999999999999,0.13,4,0.0,0.5,0.55
R4,15,0.2,26,11,0.7027027027027027,0.6666666666666666,0.6842105263157895,0.13,4,0.0,0.6,0.55
R4,15,0.2,26,9,0.7428571428571429,0.6666666666666666,0.7027027027027027,0.13,4,0.0,0.7,0.55
R4,15,0.2,26,8,0.7647058823529411,0.6666666666666666,0.7123287671232877,0.13,4,0.0,0.8,0.55
R4,15,0.2,26,8,0.7647058823529411,0.6666666666666666,0.7123287671232877,0.13,4,0.0,0.9,0.55
R4,15,0.2,26,8,0.7647058823529411,0.6666666666666666,0.7123287671232877,0.13,4,0.0,1.0,0.55
R4,15,0.2,26,15,0.6341463414634146,0.6666666666666666,0.6499999999999999,0.13,4,0.05,0.5,0.55
R4,15,0.2,26,11,0.7027027027027027,0.6666666666666666,0.6842105263157895,0.13,4,0.05,0.6,0.55
R4,15,0.2,26,9,0.7428571428571429,0.6666666666666666,0.7027027027027027,0.13,4,0.05,0.7,0.55
R4,15,0.2,26,8,0.7647058823529411,0.6666666666666666,0.7123287671232877,0.13,4,0.05,0.8,0.55
R4,15,0.2,26,8,0.7647058823529411,0.6666666666666666,0.7123287671232877,0.13,4,0.05,0.9,0.55
R4,15,0.2,26,8,0.7647058823529411,0.6666666666666666,0.7123287671232877,0.13,4,0.05,1.0,0.55
R4,15,0.2,26,15,0.6341463414634146,0.6666666666666666,0.6499999999999999,0.13,4,0.1,0.5,0.55
R4,15,0.2,26,11,0.7027027027027027,0.6666666666666666,0.6842105263157895,0.13,4,0.1,0.6,0.55
R4,15,0.2,26,9,0.7428571428571429,0.6666666666666666,0.7027027027027027,0.13,4,0.1,0.7,0.55
R4,15,0.2,26,8,0.7647058823529411,0.6666666666666666,0.7123287671232877,0.13,4,0.1,0.8,0.55
R4,15,0.2,26,8,0.7647058823529411,0.6666666666666666,0.7123287671232877,0.13,4,0.1,0.9,0.55
R4,15,0.2,26,8,0.7647058823529411,0.6666666666666666,0.7123287671232877,0.13,4,0.1,1.0,0.55
R4,15,0.2,25,11,0.6944444444444444,0.6410256410256411,0.6666666666666666,0.125,4,0.0,0.5,0.6
R4,15,0.2,25,7,0.78125,0.6410256410256411,0.7042253521126761,0.125,4,0.0,0.6,0.6
R4,15,0.2,25,7,0.78125,0.6410256410256411,0.7042253521126761,0.125,4,0.0,0.7,0.6
R4,15,0.2,25,7,0.78125,0.6410256410256411,0.7042253521126761,0.125,4,0.0,0.8,0.6
R4,15,0.2,25,7,0.78125,0.6410256410256411,0.7042253521126761,0.125,4,0.0,0.9,0.6
R4,15,0.2,25,7,0.78125,0.6410256410256411,0.7042253521126761,0.125,4,0.0,1.0,0.6
R4,15,0.2,25,11,0.6944444444444444,0.6410256410256411,0.6666666666666666,0.125,4,0.05,0.5,0.6
R4,15,0.2,25,7,0.78125,0.6410256410256411,0.7042253521126761,0.125,4,0.05,0.6,0.6
R4,15,0.2,25,7,0.78125,0.6410256410256411,0.7042253521126761,0.125,4,0.05,0.7,0.6
R4,15,0.2,25,7,0.78125,0.6410256410256411,0.7042253521126761,0.125,4,0.05,0.8,0.6
R4,15,0.2,25,7,0.78125,0.6410256410256411,0.7042253521126761,0.125,4,0.05,0.9,0.6
R4,15,0.2,25,7,0.78125,0.6410256410256411,0.7042253521126761,0.125,4,0.05,1.0,0.6
R4,15,0.2,25,11,0.6944444444444444,0.6410256410256411,0.6666666666666666,0.125,4,0.1,0.5,0.6
R4,15,0.2,25,7,0.78125,0.6410256410256411,0.7042253521126761,0.125,4,0.1,0.6,0.6
R4,15,0.2,25,7,0.78125,0.6410256410256411,0.7042253521126761,0.125,4,0.1,0.7,0.6
R4,15,0.2,25,7,0.78125,0.6410256410256411,0.7042253521126761,0.125,4,0.1,0.8,0.6
R4,15,0.2,25,7,0.78125,0.6410256410256411,0.7042253521126761,0.125,4,0.1,0.9,0.6
R4,15,0.2,25,7,0.78125,0.6410256410256411,0.7042253521126761,0.125,4,0.1,1.0,0.6
R4,15,0.2,21,7,0.75,0.5384615384615384,0.6268656716417911,0.105,4,0.0,0.5,0.6499999999999999
R4,15,0.2,21,4,0.84,0.5384615384615384,0.6562499999999999,0.105,4,0.0,0.6,0.6499999999999999
R4,15,0.2,21,4,0.84,0.5384615384615384,0.6562499999999999,0.105,4,0.0,0.7,0.6499999999999999
R4,15,0.2,21,4,0.84,0.5384615384615384,0.6562499999999999,0.105,4,0.0,0.8,0.6499999999999999
R4,15,0.2,21,4,0.84,0.5384615384615384,0.6562499999999999,0.105,4,0.0,0.9,0.6499999999999999
R4,15,0.2,21,4,0.84,0.5384615384615384,0.6562499999999999,0.105,4,0.0,1.0,0.6499999999999999
R4,15,0.2,21,7,0.75,0.5384615384615384,0.6268656716417911,0.105,4,0.05,0.5,0.6499999999999999
R4,15,0.2,21,4,0.84,0.5384615384615384,0.6562499999999999,0.105,4,0.05,0.6,0.6499999999999999
R4,15,0.2,21,4,0.84,0.5384615384615384,0.6562499999999999,0.105,4,0.05,0.7,0.6499999999999999
R4,15,0.2,21,4,0.84,0.5384615384615384,0.6562499999999999,0.105,4,0.05,0.8,0.6499999999999999
R4,15,0.2,21,4,0.84,0.5384615384615384,0.6562499999999999,0.105,4,0.05,0.9,0.6499999999999999
R4,15,0.2,21,4,0.84,0.5384615384615384,0.6562499999999999,0.105,4,0.05,1.0,0.6499999999999999
R4,15,0.2,21,7,0.75,0.5384615384615384,0.6268656716417911,0.105,4,0.1,0.5,0.6499999999999999
R4,15,0.2,21,4,0.84,0.5384615384615384,0.6562499999999999,0.105,4,0.1,0.6,0.6499999999999999
R4,15,0.2,21,4,0.84,0.5384615384615384,0.6562499999999999,0.105,4,0.1,0.7,0.6499999999999999
R4,15,0.2,21,4,0.84,0.5384615384615384,0.6562499999999999,0.105,4,0.1,0.8,0.6499999999999999
R4,15,0.2,21,4,0.84,0.5384615384615384,0.6562499999999999,0.105,4,0.1,0.9,0.6499999999999999
R4,15,0.2,21,4,0.84,0.5384615384615384,0.6562499999999999,0.105,4,0.1,1.0,0.6499999999999999
R4,15,0.2,20,6,0.7692307692307693,0.5128205128205128,0.6153846153846154,0.1,4,0.0,0.5,0.7
R4,15,0.2,20,4,0.8333333333333334,0.5128205128205128,0.6349206349206349,0.1,4,0.0,0.6,0.7
R4,15,0.2,20,4,0.8333333333333334,0.5128205128205128,0.6349206349206349,0.1,4,0.0,0.7,0.7
R4,15,0.2,20,4,0.8333333333333334,0.5128205128205128,0.6349206349206349,0.1,4,0.0,0.8,0.7
R4,15,0.2,20,4,0.8333333333333334,0.5128205128205128,0.6349206349206349,0.1,4,0.0,0.9,0.7
R4,15,0.2,20,4,0.8333333333333334,0.5128205128205128,0.6349206349206349,0.1,4,0.0,1.0,0.7
R4,15,0.2,20,6,0.7692307692307693,0.5128205128205128,0.6153846153846154,0.1,4,0.05,0.5,0.7
R4,15,0.2,20,4,0.8333333333333334,0.5128205128205128,0.6349206349206349,0.1,4,0.05,0.6,0.7
R4,15,0.2,20,4,0.8333333333333334,0.5128205128205128,0.6349206349206349,0.1,4,0.05,0.7,0.7
R4,15,0.2,20,4,0.8333333333333334,0.5128205128205128,0.6349206349206349,0.1,4,0.05,0.8,0.7
R4,15,0.2,20,4,0.8333333333333334,0.5128205128205128,0.6349206349206349,0.1,4,0.05,0.9,0.7
R4,15,0.2,20,4,0.8333333333333334,0.5128205128205128,0.6349206349206349,0.1,4,0.05,1.0,0.7
R4,15,0.2,20,6,0.7692307692307693,0.5128205128205128,0.6153846153846154,0.1,4,0.1,0.5,0.7
R4,15,0.2,20,4,0.8333333333333334,0.5128205128205128,0.6349206349206349,0.1,4,0.1,0.6,0.7
R4,15,0.2,20,4,0.8333333333333334,0.5128205128205128,0.6349206349206349,0.1,4,0.1,0.7,0.7
R4,15,0.2,20,4,0.8333333333333334,0.5128205128205128,0.6349206349206349,0.1,4,0.1,0.8,0.7
R4,15,0.2,20,4,0.8333333333333334,0.5128205128205128,0.6349206349206349,0.1,4,0.1,0.9,0.7
R4,15,0.2,20,4,0.8333333333333334,0.5128205128205128,0.6349206349206349,0.1,4,0.1,1.0,0.7
R4,15,0.22500000000000003,28,26,0.5185185185185185,0.717948717948718,0.6021505376344085,0.14,4,0.0,0.5,0.4
R4,15,0.22500000000000003,28,22,0.56,0.717948717948718,0.6292134831460674,0.14,4,0.0,0.6,0.4
R4,15,0.22500000000000003,28,19,0.5957446808510638,0.717948717948718,0.6511627906976744,0.14,4,0.0,0.7,0.4
R4,15,0.22500000000000003,28,18,0.6086956521739131,0.717948717948718,0.6588235294117647,0.14,4,0.0,0.8,0.4
R4,15,0.22500000000000003,28,17,0.6222222222222222,0.717948717948718,0.6666666666666666,0.14,4,0.0,0.9,0.4
R4,15,0.22500000000000003,28,17,0.6222222222222222,0.717948717948718,0.6666666666666666,0.14,4,0.0,1.0,0.4
R4,15,0.22500000000000003,28,26,0.5185185185185185,0.717948717948718,0.6021505376344085,0.14,4,0.05,0.5,0.4
R4,15,0.22500000000000003,28,22,0.56,0.717948717948718,0.6292134831460674,0.14,4,0.05,0.6,0.4
R4,15,0.22500000000000003,28,19,0.5957446808510638,0.717948717948718,0.6511627906976744,0.14,4,0.05,0.7,0.4
R4,15,0.22500000000000003,28,18,0.6086956521739131,0.717948717948718,0.6588235294117647,0.14,4,0.05,0.8,0.4
R4,15,0.22500000000000003,28,17,0.6222222222222222,0.717948717948718,0.6666666666666666,0.14,4,0.05,0.9,0.4
R4,15,0.22500000000000003,28,17,0.6222222222222222,0.717948717948718,0.6666666666666666,0.14,4,0.05,1.0,0.4
R4,15,0.22500000000000003,28,26,0.5185185185185185,0.717948717948718,0.6021505376344085,0.14,4,0.1,0.5,0.4
R4,15,0.22500000000000003,28,22,0.56,0.717948717948718,0.6292134831460674,0.14,4,0.1,0.6,0.4
R4,15,0.22500000000000003,28,19,0.5957446808510638,0.717948717948718,0.6511627906976744,0.14,4,0.1,0.7,0.4
R4,15,0.22500000000000003,28,18,0.6086956521739131,0.717948717948718,0.6588235294117647,0.14,4,0.1,0.8,0.4
R4,15,0.22500000000000003,28,17,0.6222222222222222,0.717948717948718,0.6666666666666666,0.14,4,0.1,0.9,0.4
R4,15,0.22500000000000003,28,17,0.6222222222222222,0.717948717948718,0.6666666666666666,0.14,4,0.1,1.0,0.4
R4,15,0.22500000000000003,27,20,0.574468085106383,0.6923076923076923,0.627906976744186,0.135,4,0.0,0.5,0.45
R4,15,0.22500000000000003,27,16,0.627906976744186,0.6923076923076923,0.6585365853658537,0.135,4,0.0,0.6,0.45
R4,15,0.22500000000000003,27,14,0.6585365853658537,0.6923076923076923,0.675,0.135,4,0.0,0.7,0.45
R4,15,0.22500000000000003,27,13,0.675,0.6923076923076923,0.6835443037974683,0.135,4,0.0,0.8,0.45
R4,15,0.22500000000000003,27,13,0.675,0.6923076923076923,0.6835443037974683,0.135,4,0.0,0.9,0.45
R4,15,0.22500000000000003,27,13,0.675,0.6923076923076923,0.6835443037974683,0.135,4,0.0,1.0,0.45
R4,15,0.22500000000000003,27,20,0.574468085106383,0.6923076923076923,0.627906976744186,0.135,4,0.05,0.5,0.45
R4,15,0.22500000000000003,27,16,0.627906976744186,0.6923076923076923,0.6585365853658537,0.135,4,0.05,0.6,0.45
R4,15,0.22500000000000003,27,14,0.6585365853658537,0.6923076923076923,0.675,0.135,4,0.05,0.7,0.45
R4,15,0.22500000000000003,27,13,0.675,0.6923076923076923,0.6835443037974683,0.135,4,0.05,0.8,0.45
R4,15,0.22500000000000003,27,13,0.675,0.6923076923076923,0.6835443037974683,0.135,4,0.05,0.9,0.45
R4,15,0.22500000000000003,27,13,0.675,0.6923076923076923,0.6835443037974683,0.135,4,0.05,1.0,0.45
R4,15,0.22500000000000003,27,20,0.574468085106383,0.6923076923076923,0.627906976744186,0.135,4,0.1,0.5,0.45
R4,15,0.22500000000000003,27,16,0.627906976744186,0.6923076923076923,0.6585365853658537,0.135,4,0.1,0.6,0.45
R4,15,0.22500000000000003,27,14,0.6585365853658537,0.6923076923076923,0.675,0.135,4,0.1,0.7,0.45
R4,15,0.22500000000000003,27,13,0.675,0.6923076923076923,0.6835443037974683,0.135,4,0.1,0.8,0.45
R4,15,0.22500000000000003,27,13,0.675,0.6923076923076923,0.6835443037974683,0.135,4,0.1,0.9,0.45
R4,15,0.22500000000000003,27,13,0.675,0.6923076923076923,0.6835443037974683,0.135,4,0.1,1.0,0.45
R4,15,0.22500000000000003,27,18,0.6,0.6923076923076923,0.6428571428571429,0.135,4,0.0,0.5,0.5
R4,15,0.22500000000000003,27,14,0.6585365853658537,0.6923076923076923,0.675,0.135,4,0.0,0.6,0.5
R4,15,0.22500000000000003,27,12,0.6923076923076923,0.6923076923076923,0.6923076923076923,0.135,4,0.0,0.7,0.5
R4,15,0.22500000000000003,27,11,0.7105263157894737,0.6923076923076923,0.7012987012987013,0.135,4,0.0,0.8,0.5
R4,15,0.22500000000000003,27,11,0.7105263157894737,0.6923076923076923,0.7012987012987013,0.135,4,0.0,0.9,0.5
R4,15,0.22500000000000003,27,11,0.7105263157894737,0.6923076923076923,0.7012987012987013,0.135,4,0.0,1.0,0.5
R4,15,0.22500000000000003,27,18,0.6,0.6923076923076923,0.6428571428571429,0.135,4,0.05,0.5,0.5
R4,15,0.22500000000000003,27,14,0.6585365853658537,0.6923076923076923,0.675,0.135,4,0.05,0.6,0.5
R4,15,0.22500000000000003,27,12,0.6923076923076923,0.6923076923076923,0.6923076923076923,0.135,4,0.05,0.7,0.5
R4,15,0.22500000000000003,27,11,0.7105263157894737,0.6923076923076923,0.7012987012987013,0.135,4,0.05,0.8,0.5
R4,15,0.22500000000000003,27,11,0.7105263157894737,0.6923076923076923,0.7012987012987013,0.135,4,0.05,0.9,0.5
R4,15,0.22500000000000003,27,11,0.7105263157894737,0.6923076923076923,0.7012987012987013,0.135,4,0.05,1.0,0.5
R4,15,0.22500000000000003,27,18,0.6,0.6923076923076923,0.6428571428571429,0.135,4,0.1,0.5,0.5
R4,15,0.22500000000000003,27,14,0.6585365853658537,0.6923076923076923,0.675,0.135,4,0.1,0.6,0.5
R4,15,0.22500000000000003,27,12,0.6923076923076923,0.6923076923076923,0.6923076923076923,0.135,4,0.1,0.7,0.5
R4,15,0.22500000000000003,27,11,0.7105263157894737,0.6923076923076923,0.7012987012987013,0.135,4,0.1,0.8,0.5
R4,15,0.22500000000000003,27,11,0.7105263157894737,0.6923076923076923,0.7012987012987013,0.135,4,0.1,0.9,0.5
R4,15,0.22500000000000003,27,11,0.7105263157894737,0.6923076923076923,0.7012987012987013,0.135,4,0.1,1.0,0.5
R4,15,0.22500000000000003,27,16,0.627906976744186,0.6923076923076923,0.6585365853658537,0.135,4,0.0,0.5,0.55
R4,15,0.22500000000000003,27,12,0.6923076923076923,0.6923076923076923,0.6923076923076923,0.135,4,0.0,0.6,0.55
R4,15,0.22500000000000003,27,10,0.7297297297297297,0.6923076923076923,0.7105263157894737,0.135,4,0.0,0.7,0.55
R4,15,0.22500000000000003,27,9,0.75,0.6923076923076923,0.7199999999999999,0.135,4,0.0,0.8,0.55
R4,15,0.22500000000000003,27,9,0.75,0.6923076923076923,0.7199999999999999,0.135,4,0.0,0.9,0.55
R4,15,0.22500000000000003,27,9,0.75,0.6923076923076923,0.7199999999999999,0.135,4,0.0,1.0,0.55
R4,15,0.22500000000000003,27,16,0.627906976744186,0.6923076923076923,0.6585365853658537,0.135,4,0.05,0.5,0.55
R4,15,0.22500000000000003,27,12,0.6923076923076923,0.6923076923076923,0.6923076923076923,0.135,4,0.05,0.6,0.55
R4,15,0.22500000000000003,27,10,0.7297297297297297,0.6923076923076923,0.7105263157894737,0.135,4,0.05,0.7,0.55
R4,15,0.22500000000000003,27,9,0.75,0.6923076923076923,0.7199999999999999,0.135,4,0.05,0.8,0.55
R4,15,0.22500000000000003,27,9,0.75,0.6923076923076923,0.7199999999999999,0.135,4,0.05,0.9,0.55
R4,15,0.22500000000000003,27,9,0.75,0.6923076923076923,0.7199999999999999,0.135,4,0.05,1.0,0.55
R4,15,0.22500000000000003,27,16,0.627906976744186,0.6923076923076923,0.6585365853658537,0.135,4,0.1,0.5,0.55
R4,15,0.22500000000000003,27,12,0.6923076923076923,0.6923076923076923,0.6923076923076923,0.135,4,0.1,0.6,0.55
R4,15,0.22500000000000003,27,10,0.7297297297297297,0.6923076923076923,0.7105263157894737,0.135,4,0.1,0.7,0.55
R4,15,0.22500000000000003,27,9,0.75,0.6923076923076923,0.7199999999999999,0.135,4,0.1,0.8,0.55
R4,15,0.22500000000000003,27,9,0.75,0.6923076923076923,0.7199999999999999,0.135,4,0.1,0.9,0.55
R4,15,0.22500000000000003,27,9,0.75,0.6923076923076923,0.7199999999999999,0.135,4,0.1,1.0,0.55
R4,15,0.22500000000000003,26,12,0.6842105263157895,0.6666666666666666,0.6753246753246753,0.13,4,0.0,0.5,0.6
R4,15,0.22500000000000003,26,8,0.7647058823529411,0.6666666666666666,0.7123287671232877,0.13,4,0.0,0.6,0.6
R4,15,0.22500000000000003,26,8,0.7647058823529411,0.6666666666666666,0.7123287671232877,0.13,4,0.0,0.7,0.6
R4,15,0.22500000000000003,26,8,0.7647058823529411,0.6666666666666666,0.7123287671232877,0.13,4,0.0,0.8,0.6
R4,15,0.22500000000000003,26,8,0.7647058823529411,0.6666666666666666,0.7123287671232877,0.13,4,0.0,0.9,0.6
R4,15,0.22500000000000003,26,8,0.7647058823529411,0.6666666666666666,0.7123287671232877,0.13,4,0.0,1.0,0.6
R4,15,0.22500000000000003,26,12,0.6842105263157895,0.6666666666666666,0.6753246753246753,0.13,4,0.05,0.5,0.6
R4,15,0.22500000000000003,26,8,0.7647058823529411,0.6666666666666666,0.7123287671232877,0.13,4,0.05,0.6,0.6
R4,15,0.22500000000000003,26,8,0.7647058823529411,0.6666666666666666,0.7123287671232877,0.13,4,0.05,0.7,0.6
R4,15,0.22500000000000003,26,8,0.7647058823529411,0.6666666666666666,0.7123287671232877,0.13,4,0.05,0.8,0.6
R4,15,0.22500000000000003,26,8,0.7647058823529411,0.6666666666666666,0.7123287671232877,0.13,4,0.05,0.9,0.6
R4,15,0.22500000000000003,26,8,0.7647058823529411,0.6666666666666666,0.7123287671232877,0.13,4,0.05,1.0,0.6
R4,15,0.22500000000000003,26,12,0.6842105263157895,0.6666666666666666,0.6753246753246753,0.13,4,0.1,0.5,0.6
R4,15,0.22500000000000003,26,8,0.7647058823529411,0.6666666666666666,0.7123287671232877,0.13,4,0.1,0.6,0.6
R4,15,0.22500000000000003,26,8,0.7647058823529411,0.6666666666666666,0.7123287671232877,0.13,4,0.1,0.7,0.6
R4,15,0.22500000000000003,26,8,0.7647058823529411,0.6666666666666666,0.7123287671232877,0.13,4,0.1,0.8,0.6
R4,15,0.22500000000000003,26,8,0.7647058823529411,0.6666666666666666,0.7123287671232877,0.13,4,0.1,0.9,0.6
R4,15,0.22500000000000003,26,8,0.7647058823529411,0.6666666666666666,0.7123287671232877,0.13,4,0.1,1.0,0.6
R4,15,0.22500000000000003,22,8,0.7333333333333333,0.5641025641025641,0.6376811594202899,0.11,4,0.0,0.5,0.6499999999999999
R4,15,0.22500000000000003,22,5,0.8148148148148148,0.5641025641025641,0.6666666666666667,0.11,4,0.0,0.6,0.6499999999999999
R4,15,0.22500000000000003,22,5,0.8148148148148148,0.5641025641025641,0.6666666666666667,0.11,4,0.0,0.7,0.6499999999999999
R4,15,0.22500000000000003,22,5,0.8148148148148148,0.5641025641025641,0.6666666666666667,0.11,4,0.0,0.8,0.6499999999999999
R4,15,0.22500000000000003,22,5,0.8148148148148148,0.5641025641025641,0.6666666666666667,0.11,4,0.0,0.9,0.6499999999999999
R4,15,0.22500000000000003,22,5,0.8148148148148148,0.5641025641025641,0.6666666666666667,0.11,4,0.0,1.0,0.6499999999999999
R4,15,0.22500000000000003,22,8,0.7333333333333333,0.5641025641025641,0.6376811594202899,0.11,4,0.05,0.5,0.6499999999999999
R4,15,0.22500000000000003,22,5,0.8148148148148148,0.5641025641025641,0.6666666666666667,0.11,4,0.05,0.6,0.6499999999999999
R4,15,0.22500000000000003,22,5,0.8148148148148148,0.5641025641025641,0.6666666666666667,0.11,4,0.05,0.7,0.6499999999999999
R4,15,0.22500000000000003,22,5,0.8148148148148148,0.5641025641025641,0.6666666666666667,0.11,4,0.05,0.8,0.6499999999999999
R4,15,0.22500000000000003,22,5,0.8148148148148148,0.5641025641025641,0.6666666666666667,0.11,4,0.05,0.9,0.6499999999999999
R4,15,0.22500000000000003,22,5,0.8148148148148148,0.5641025641025641,0.6666666666666667,0.11,4,0.05,1.0,0.6499999999999999
R4,15,0.22500000000000003,22,8,0.7333333333333333,0.5641025641025641,0.6376811594202899,0.11,4,0.1,0.5,0.6499999999999999
R4,15,0.22500000000000003,22,5,0.8148148148148148,0.5641025641025641,0.6666666666666667,0.11,4,0.1,0.6,0.6499999999999999
R4,15,0.22500000000000003,22,5,0.8148148148148148,0.5641025641025641,0.6666666666666667,0.11,4,0.1,0.7,0.6499999999999999
R4,15,0.22500000000000003,22,5,0.8148148148148148,0.5641025641025641,0.6666666666666667,0.11,4,0.1,0.8,0.6499999999999999
R4,15,0.22500000000000003,22,5,0.8148148148148148,0.5641025641025641,0.6666666666666667,0.11,4,0.1,0.9,0.6499999999999999
R4,15,0.22500000000000003,22,5,0.8148148148148148,0.5641025641025641,0.6666666666666667,0.11,4,0.1,1.0,0.6499999999999999
R4,15,0.22500000000000003,21,7,0.75,0.5384615384615384,0.6268656716417911,0.105,4,0.0,0.5,0.7
R4,15,0.22500000000000003,21,5,0.8076923076923077,0.5384615384615384,0.6461538461538461,0.105,4,0.0,0.6,0.7
R4,15,0.22500000000000003,21,5,0.8076923076923077,0.5384615384615384,0.6461538461538461,0.105,4,0.0,0.7,0.7
R4,15,0.22500000000000003,21,5,0.8076923076923077,0.5384615384615384,0.6461538461538461,0.105,4,0.0,0.8,0.7
R4,15,0.22500000000000003,21,5,0.8076923076923077,0.5384615384615384,0.6461538461538461,0.105,4,0.0,0.9,0.7
R4,15,0.22500000000000003,21,5,0.8076923076923077,0.5384615384615384,0.6461538461538461,0.105,4,0.0,1.0,0.7
R4,15,0.22500000000000003,21,7,0.75,0.5384615384615384,0.6268656716417911,0.105,4,0.05,0.5,0.7
R4,15,0.22500000000000003,21,5,0.8076923076923077,0.5384615384615384,0.6461538461538461,0.105,4,0.05,0.6,0.7
R4,15,0.22500000000000003,21,5,0.8076923076923077,0.5384615384615384,0.6461538461538461,0.105,4,0.05,0.7,0.7
R4,15,0.22500000000000003,21,5,0.8076923076923077,0.5384615384615384,0.6461538461538461,0.105,4,0.05,0.8,0.7
R4,15,0.22500000000000003,21,5,0.8076923076923077,0.5384615384615384,0.6461538461538461,0.105,4,0.05,0.9,0.7
R4,15,0.22500000000000003,21,5,0.8076923076923077,0.5384615384615384,0.6461538461538461,0.105,4,0.05,1.0,0.7
R4,15,0.22500000000000003,21,7,0.75,0.5384615384615384,0.6268656716417911,0.105,4,0.1,0.5,0.7
R4,15,0.22500000000000003,21,5,0.8076923076923077,0.5384615384615384,0.6461538461538461,0.105,4,0.1,0.6,0.7
R4,15,0.22500000000000003,21,5,0.8076923076923077,0.5384615384615384,0.6461538461538461,0.105,4,0.1,0.7,0.7
R4,15,0.22500000000000003,21,5,0.8076923076923077,0.5384615384615384,0.6461538461538461,0.105,4,0.1,0.8,0.7
R4,15,0.22500000000000003,21,5,0.8076923076923077,0.5384615384615384,0.6461538461538461,0.105,4,0.1,0.9,0.7
R4,15,0.22500000000000003,21,5,0.8076923076923077,0.5384615384615384,0.6461538461538461,0.105,4,0.1,1.0,0.7
R4,15,0.25,29,26,0.5272727272727272,0.7435897435897436,0.6170212765957446,0.145,4,0.0,0.5,0.4
R4,15,0.25,29,22,0.5686274509803921,0.7435897435897436,0.6444444444444445,0.145,4,0.0,0.6,0.4
R4,15,0.25,29,19,0.6041666666666666,0.7435897435897436,0.6666666666666667,0.145,4,0.0,0.7,0.4
R4,15,0.25,29,18,0.6170212765957447,0.7435897435897436,0.6744186046511628,0.145,4,0.0,0.8,0.4
R4,15,0.25,29,17,0.6304347826086957,0.7435897435897436,0.6823529411764706,0.145,4,0.0,0.9,0.4
R4,15,0.25,29,17,0.6304347826086957,0.7435897435897436,0.6823529411764706,0.145,4,0.0,1.0,0.4
R4,15,0.25,29,26,0.5272727272727272,0.7435897435897436,0.6170212765957446,0.145,4,0.05,0.5,0.4
R4,15,0.25,29,22,0.5686274509803921,0.7435897435897436,0.6444444444444445,0.145,4,0.05,0.6,0.4
R4,15,0.25,29,19,0.6041666666666666,0.7435897435897436,0.6666666666666667,0.145,4,0.05,0.7,0.4
R4,15,0.25,29,18,0.6170212765957447,0.7435897435897436,0.6744186046511628,0.145,4,0.05,0.8,0.4
R4,15,0.25,29,17,0.6304347826086957,0.7435897435897436,0.6823529411764706,0.145,4,0.05,0.9,0.4
R4,15,0.25,29,17,0.6304347826086957,0.7435897435897436,0.6823529411764706,0.145,4,0.05,1.0,0.4
R4,15,0.25,29,26,0.5272727272727272,0.7435897435897436,0.6170212765957446,0.145,4,0.1,0.5,0.4
R4,15,0.25,29,22,0.5686274509803921,0.7435897435897436,0.6444444444444445,0.145,4,0.1,0.6,0.4
R4,15,0.25,29,19,0.6041666666666666,0.7435897435897436,0.6666666666666667,0.145,4,0.1,0.7,0.4
R4,15,0.25,29,18,0.6170212765957447,0.7435897435897436,0.6744186046511628,0.145,4,0.1,0.8,0.4
R4,15,0.25,29,17,0.6304347826086957,0.7435897435897436,0.6823529411764706,0.145,4,0.1,0.9,0.4
R4,15,0.25,29,17,0.6304347826086957,0.7435897435897436,0.6823529411764706,0.145,4,0.1,1.0,0.4
R4,15,0.25,28,20,0.5833333333333334,0.717948717948718,0.6436781609195402,0.14,4,0.0,0.5,0.45
R4,15,0.25,28,16,0.6363636363636364,0.717948717948718,0.674698795180723,0.14,4,0.0,0.6,0.45
R4,15,0.25,28,14,0.6666666666666666,0.717948717948718,0.691358024691358,0.14,4,0.0,0.7,0.45
R4,15,0.25,28,13,0.6829268292682927,0.717948717948718,0.7000000000000001,0.14,4,0.0,0.8,0.45
R4,15,0.25,28,13,0.6829268292682927,0.717948717948718,0.7000000000000001,0.14,4,0.0,0.9,0.45
R4,15,0.25,28,13,0.6829268292682927,0.717948717948718,0.7000000000000001,0.14,4,0.0,1.0,0.45
R4,15,0.25,28,20,0.5833333333333334,0.717948717948718,0.6436781609195402,0.14,4,0.05,0.5,0.45
R4,15,0.25,28,16,0.6363636363636364,0.717948717948718,0.674698795180723,0.14,4,0.05,0.6,0.45
R4,15,0.25,28,14,0.6666666666666666,0.717948717948718,0.691358024691358,0.14,4,0.05,0.7,0.45
R4,15,0.25,28,13,0.6829268292682927,0.717948717948718,0.7000000000000001,0.14,4,0.05,0.8,0.45
R4,15,0.25,28,13,0.6829268292682927,0.717948717948718,0.7000000000000001,0.14,4,0.05,0.9,0.45
R4,15,0.25,28,13,0.6829268292682927,0.717948717948718,0.7000000000000001,0.14,4,0.05,1.0,0.45
R4,15,0.25,28,20,0.5833333333333334,0.717948717948718,0.6436781609195402,0.14,4,0.1,0.5,0.45
R4,15,0.25,28,16,0.6363636363636364,0.717948717948718,0.674698795180723,0.14,4,0.1,0.6,0.45
R4,15,0.25,28,14,0.6666666666666666,0.717948717948718,0.691358024691358,0.14,4,0.1,0.7,0.45
R4,15,0.25,28,13,0.6829268292682927,0.717948717948718,0.7000000000000001,0.14,4,0.1,0.8,0.45
R4,15,0.25,28,13,0.6829268292682927,0.717948717948718,0.7000000000000001,0.14,4,0.1,0.9,0.45
R4,15,0.25,28,13,0.6829268292682927,0.717948717948718,0.7000000000000001,0.14,4,0.1,1.0,0.45
R4,15,0.25,28,18,0.6086956521739131,0.717948717948718,0.6588235294117647,0.14,4,0.0,0.5,0.5
R4,15,0.25,28,14,0.6666666666666666,0.717948717948718,0.691358024691358,0.14,4,0.0,0.6,0.5
R4,15,0.25,28,12,0.7,0.717948717948718,0.708860759493671,0.14,4,0.0,0.7,0.5
R4,15,0.25,28,11,0.717948717948718,0.717948717948718,0.717948717948718,0.14,4,0.0,0.8,0.5
R4,15,0.25,28,11,0.717948717948718,0.717948717948718,0.717948717948718,0.14,4,0.0,0.9,0.5
R4,15,0.25,28,11,0.717948717948718,0.717948717948718,0.717948717948718,0.14,4,0.0,1.0,0.5
R4,15,0.25,28,18,0.6086956521739131,0.717948717948718,0.6588235294117647,0.14,4,0.05,0.5,0.5
R4,15,0.25,28,14,0.6666666666666666,0.717948717948718,0.691358024691358,0.14,4,0.05,0.6,0.5
R4,15,0.25,28,12,0.7,0.717948717948718,0.708860759493671,0.14,4,0.05,0.7,0.5
R4,15,0.25,28,11,0.717948717948718,0.717948717948718,0.717948717948718,0.14,4,0.05,0.8,0.5
R4,15,0.25,28,11,0.717948717948718,0.717948717948718,0.717948717948718,0.14,4,0.05,0.9,0.5
R4,15,0.25,28,11,0.717948717948718,0.717948717948718,0.717948717948718,0.14,4,0.05,1.0,0.5
R4,15,0.25,28,18,0.6086956521739131,0.717948717948718,0.6588235294117647,0.14,4,0.1,0.5,0.5
R4,15,0.25,28,14,0.6666666666666666,0.717948717948718,0.691358024691358,0.14,4,0.1,0.6,0.5
R4,15,0.25,28,12,0.7,0.717948717948718,0.708860759493671,0.14,4,0.1,0.7,0.5
R4,15,0.25,28,11,0.717948717948718,0.717948717948718,0.717948717948718,0.14,4,0.1,0.8,0.5
R4,15,0.25,28,11,0.717948717948718,0.717948717948718,0.717948717948718,0.14,4,0.1,0.9,0.5
R4,15,0.25,28,11,0.717948717948718,0.717948717948718,0.717948717948718,0.14,4,0.1,1.0,0.5
R4,15,0.25,28,16,0.6363636363636364,0.717948717948718,0.674698795180723,0.14,4,0.0,0.5,0.55
R4,15,0.25,28,12,0.7,0.717948717948718,0.708860759493671,0.14,4,0.0,0.6,0.55
R4,15,0.25,28,10,0.7368421052631579,0.717948717948718,0.7272727272727273,0.14,4,0.0,0.7,0.55
R4,15,0.25,28,9,0.7567567567567568,0.717948717948718,0.736842105263158,0.14,4,0.0,0.8,0.55
R4,15,0.25,28,9,0.7567567567567568,0.717948717948718,0.736842105263158,0.14,4,0.0,0.9,0.55
R4,15,0.25,28,9,0.7567567567567568,0.717948717948718,0.736842105263158,0.14,4,0.0,1.0,0.55
R4,15,0.25,28,16,0.6363636363636364,0.717948717948718,0.674698795180723,0.14,4,0.05,0.5,0.55
R4,15,0.25,28,12,0.7,0.717948717948718,0.708860759493671,0.14,4,0.05,0.6,0.55
R4,15,0.25,28,10,0.7368421052631579,0.717948717948718,0.7272727272727273,0.14,4,0.05,0.7,0.55
R4,15,0.25,28,9,0.7567567567567568,0.717948717948718,0.736842105263158,0.14,4,0.05,0.8,0.55
R4,15,0.25,28,9,0.7567567567567568,0.717948717948718,0.736842105263158,0.14,4,0.05,0.9,0.55
R4,15,0.25,28,9,0.7567567567567568,0.717948717948718,0.736842105263158,0.14,4,0.05,1.0,0.55
R4,15,0.25,28,16,0.6363636363636364,0.717948717948718,0.674698795180723,0.14,4,0.1,0.5,0.55
R4,15,0.25,28,12,0.7,0.717948717948718,0.708860759493671,0.14,4,0.1,0.6,0.55
R4,15,0.25,28,10,0.7368421052631579,0.717948717948718,0.7272727272727273,0.14,4,0.1,0.7,0.55
R4,15,0.25,28,9,0.7567567567567568,0.717948717948718,0.736842105263158,0.14,4,0.1,0.8,0.55
R4,15,0.25,28,9,0.7567567567567568,0.717948717948718,0.736842105263158,0.14,4,0.1,0.9,0.55
R4,15,0.25,28,9,0.7567567567567568,0.717948717948718,0.736842105263158,0.14,4,0.1,1.0,0.55
R4,15,0.25,27,12,0.6923076923076923,0.6923076923076923,0.6923076923076923,0.135,4,0.0,0.5,0.6
R4,15,0.25,27,8,0.7714285714285715,0.6923076923076923,0.7297297297297296,0.135,4,0.0,0.6,0.6
R4,15,0.25,27,8,0.7714285714285715,0.6923076923076923,0.7297297297297296,0.135,4,0.0,0.7,0.6
R4,15,0.25,27,8,0.7714285714285715,0.6923076923076923,0.7297297297297296,0.135,4,0.0,0.8,0.6
R4,15,0.25,27,8,0.7714285714285715,0.6923076923076923,0.7297297297297296,0.135,4,0.0,0.9,0.6
R4,15,0.25,27,8,0.7714285714285715,0.6923076923076923,0.7297297297297296,0.135,4,0.0,1.0,0.6
R4,15,0.25,27,12,0.6923076923076923,0.6923076923076923,0.6923076923076923,0.135,4,0.05,0.5,0.6
R4,15,0.25,27,8,0.7714285714285715,0.6923076923076923,0.7297297297297296,0.135,4,0.05,0.6,0.6
R4,15,0.25,27,8,0.7714285714285715,0.6923076923076923,0.7297297297297296,0.135,4,0.05,0.7,0.6
R4,15,0.25,27,8,0.7714285714285715,0.6923076923076923,0.7297297297297296,0.135,4,0.05,0.8,0.6
R4,15,0.25,27,8,0.7714285714285715,0.6923076923076923,0.7297297297297296,0.135,4,0.05,0.9,0.6
R4,15,0.25,27,8,0.7714285714285715,0.6923076923076923,0.7297297297297296,0.135,4,0.05,1.0,0.6
R4,15,0.25,27,12,0.6923076923076923,0.6923076923076923,0.6923076923076923,0.135,4,0.1,0.5,0.6
R4,15,0.25,27,8,0.7714285714285715,0.6923076923076923,0.7297297297297296,0.135,4,0.1,0.6,0.6
R4,15,0.25,27,8,0.7714285714285715,0.6923076923076923,0.7297297297297296,0.135,4,0.1,0.7,0.6
R4,15,0.25,27,8,0.7714285714285715,0.6923076923076923,0.7297297297297296,0.135,4,0.1,0.8,0.6
R4,15,0.25,27,8,0.7714285714285715,0.6923076923076923,0.7297297297297296,0.135,4,0.1,0.9,0.6
R4,15,0.25,27,8,0.7714285714285715,0.6923076923076923,0.7297297297297296,0.135,4,0.1,1.0,0.6
R4,15,0.25,23,8,0.7419354838709677,0.5897435897435898,0.6571428571428573,0.115,4,0.0,0.5,0.6499999999999999
R4,15,0.25,23,5,0.8214285714285714,0.5897435897435898,0.6865671641791046,0.115,4,0.0,0.6,0.6499999999999999
R4,15,0.25,23,5,0.8214285714285714,0.5897435897435898,0.6865671641791046,0.115,4,0.0,0.7,0.6499999999999999
R4,15,0.25,23,5,0.8214285714285714,0.5897435897435898,0.6865671641791046,0.115,4,0.0,0.8,0.6499999999999999
R4,15,0.25,23,5,0.8214285714285714,0.5897435897435898,0.6865671641791046,0.115,4,0.0,0.9,0.6499999999999999
R4,15,0.25,23,5,0.8214285714285714,0.5897435897435898,0.6865671641791046,0.115,4,0.0,1.0,0.6499999999999999
R4,15,0.25,23,8,0.7419354838709677,0.5897435897435898,0.6571428571428573,0.115,4,0.05,0.5,0.6499999999999999
R4,15,0.25,23,5,0.8214285714285714,0.5897435897435898,0.6865671641791046,0.115,4,0.05,0.6,0.6499999999999999
R4,15,0.25,23,5,0.8214285714285714,0.5897435897435898,0.6865671641791046,0.115,4,0.05,0.7,0.6499999999999999
R4,15,0.25,23,5,0.8214285714285714,0.5897435897435898,0.6865671641791046,0.115,4,0.05,0.8,0.6499999999999999
R4,15,0.25,23,5,0.8214285714285714,0.5897435897435898,0.6865671641791046,0.115,4,0.05,0.9,0.6499999999999999
R4,15,0.25,23,5,0.8214285714285714,0.5897435897435898,0.6865671641791046,0.115,4,0.05,1.0,0.6499999999999999
R4,15,0.25,23,8,0.7419354838709677,0.5897435897435898,0.6571428571428573,0.115,4,0.1,0.5,0.6499999999999999
R4,15,0.25,23,5,0.8214285714285714,0.5897435897435898,0.6865671641791046,0.115,4,0.1,0.6,0.6499999999999999
R4,15,0.25,23,5,0.8214285714285714,0.5897435897435898,0.6865671641791046,0.115,4,0.1,0.7,0.6499999999999999
R4,15,0.25,23,5,0.8214285714285714,0.5897435897435898,0.6865671641791046,0.115,4,0.1,0.8,0.6499999999999999
R4,15,0.25,23,5,0.8214285714285714,0.5897435897435898,0.6865671641791046,0.115,4,0.1,0.9,0.6499999999999999
R4,15,0.25,23,5,0.8214285714285714,0.5897435897435898,0.6865671641791046,0.115,4,0.1,1.0,0.6499999999999999
R4,15,0.25,22,7,0.7586206896551724,0.5641025641025641,0.6470588235294118,0.11,4,0.0,0.5,0.7
R4,15,0.25,22,5,0.8148148148148148,0.5641025641025641,0.6666666666666667,0.11,4,0.0,0.6,0.7
R4,15,0.25,22,5,0.8148148148148148,0.5641025641025641,0.6666666666666667,0.11,4,0.0,0.7,0.7
R4,15,0.25,22,5,0.8148148148148148,0.5641025641025641,0.6666666666666667,0.11,4,0.0,0.8,0.7
R4,15,0.25,22,5,0.8148148148148148,0.5641025641025641,0.6666666666666667,0.11,4,0.0,0.9,0.7
R4,15,0.25,22,5,0.8148148148148148,0.5641025641025641,0.6666666666666667,0.11,4,0.0,1.0,0.7
R4,15,0.25,22,7,0.7586206896551724,0.5641025641025641,0.6470588235294118,0.11,4,0.05,0.5,0.7
R4,15,0.25,22,5,0.8148148148148148,0.5641025641025641,0.6666666666666667,0.11,4,0.05,0.6,0.7
R4,15,0.25,22,5,0.8148148148148148,0.5641025641025641,0.6666666666666667,0.11,4,0.05,0.7,0.7
R4,15,0.25,22,5,0.8148148148148148,0.5641025641025641,0.6666666666666667,0.11,4,0.05,0.8,0.7
R4,15,0.25,22,5,0.8148148148148148,0.5641025641025641,0.6666666666666667,0.11,4,0.05,0.9,0.7
R4,15,0.25,22,5,0.8148148148148148,0.5641025641025641,0.6666666666666667,0.11,4,0.05,1.0,0.7
R4,15,0.25,22,7,0.7586206896551724,0.5641025641025641,0.6470588235294118,0.11,4,0.1,0.5,0.7
R4,15,0.25,22,5,0.8148148148148148,0.5641025641025641,0.6666666666666667,0.11,4,0.1,0.6,0.7
R4,15,0.25,22,5,0.8148148148148148,0.5641025641025641,0.6666666666666667,0.11,4,0.1,0.7,0.7
R4,15,0.25,22,5,0.8148148148148148,0.5641025641025641,0.6666666666666667,0.11,4,0.1,0.8,0.7
R4,15,0.25,22,5,0.8148148148148148,0.5641025641025641,0.6666666666666667,0.11,4,0.1,0.9,0.7
R4,15,0.25,22,5,0.8148148148148148,0.5641025641025641,0.6666666666666667,0.11,4,0.1,1.0,0.7
R1,20,0.02,4,0,1.0,0.10256410256410256,0.18604651162790695,0.013333333333333334,1,,,
R1,20,0.03,6,0,1.0,0.15384615384615385,0.2666666666666667,0.02,1,,,
R1,20,0.04,6,0,1.0,0.15384615384615385,0.2666666666666667,0.02,1,,,
R1,20,0.05,6,0,1.0,0.15384615384615385,0.2666666666666667,0.02,1,,,
R1,20,0.06,6,0,1.0,0.15384615384615385,0.2666666666666667,0.02,1,,,
R1,20,0.07,7,0,1.0,0.1794871794871795,0.30434782608695654,0.023333333333333334,1,,,
R1,20,0.08,7,1,0.875,0.1794871794871795,0.2978723404255319,0.023333333333333334,1,,,
R1,20,0.09000000000000001,7,1,0.875,0.1794871794871795,0.2978723404255319,0.023333333333333334,1,,,
R1,20,0.1,7,1,0.875,0.1794871794871795,0.2978723404255319,0.023333333333333334,1,,,
R1,20,0.11,7,1,0.875,0.1794871794871795,0.2978723404255319,0.023333333333333334,1,,,
R1,20,0.12000000000000001,7,2,0.7777777777777778,0.1794871794871795,0.29166666666666663,0.023333333333333334,1,,,
R1,20,0.13,7,2,0.7777777777777778,0.1794871794871795,0.29166666666666663,0.023333333333333334,1,,,
R1,20,0.13999999999999999,7,2,0.7777777777777778,0.1794871794871795,0.29166666666666663,0.023333333333333334,1,,,
R1,20,0.15,8,2,0.8,0.20512820512820512,0.326530612244898,0.02666666666666667,1,,,
R1,20,0.16,9,2,0.8181818181818182,0.23076923076923078,0.36000000000000004,0.03,1,,,
R1,20,0.16999999999999998,9,2,0.8181818181818182,0.23076923076923078,0.36000000000000004,0.03,1,,,
R1,20,0.18,10,2,0.8333333333333334,0.2564102564102564,0.392156862745098,0.03333333333333333,1,,,
R1,20,0.19,12,2,0.8571428571428571,0.3076923076923077,0.45283018867924535,0.04,1,,,
R1,20,0.19999999999999998,14,2,0.875,0.358974358974359,0.509090909090909,0.04666666666666667,1,,,
R1,20,0.21,14,2,0.875,0.358974358974359,0.509090909090909,0.04666666666666667,1,,,
R1,20,0.22,15,2,0.8823529411764706,0.38461538461538464,0.5357142857142858,0.05,1,,,
R1,20,0.22999999999999998,15,2,0.8823529411764706,0.38461538461538464,0.5357142857142858,0.05,1,,,
R1,20,0.24,18,2,0.9,0.46153846153846156,0.6101694915254238,0.06,1,,,
R1,20,0.25,18,3,0.8571428571428571,0.46153846153846156,0.6,0.06,1,,,
R1,20,0.26,18,4,0.8181818181818182,0.46153846153846156,0.5901639344262295,0.06,1,,,
R1,20,0.27,20,4,0.8333333333333334,0.5128205128205128,0.6349206349206349,0.06666666666666667,1,,,
R1,20,0.28,22,6,0.7857142857142857,0.5641025641025641,0.6567164179104477,0.07333333333333333,1,,,
R1,20,0.29000000000000004,22,7,0.7586206896551724,0.5641025641025641,0.6470588235294118,0.07333333333333333,1,,,
R1,20,0.30000000000000004,22,9,0.7096774193548387,0.5641025641025641,0.6285714285714286,0.07333333333333333,1,,,
R1,20,0.31,23,10,0.696969696969697,0.5897435897435898,0.638888888888889,0.07666666666666666,1,,,
R1,20,0.32,24,11,0.6857142857142857,0.6153846153846154,0.6486486486486486,0.08,1,,,
R1,20,0.33,24,12,0.6666666666666666,0.6153846153846154,0.64,0.08,1,,,
R1,20,0.34,25,13,0.6578947368421053,0.6410256410256411,0.6493506493506495,0.08333333333333333,1,,,
R1,20,0.35000000000000003,25,14,0.6410256410256411,0.6410256410256411,0.6410256410256411,0.08333333333333333,1,,,
R1,20,0.36000000000000004,25,14,0.6410256410256411,0.6410256410256411,0.6410256410256411,0.08333333333333333,1,,,
R1,20,0.37000000000000005,27,14,0.6585365853658537,0.6923076923076923,0.675,0.09,1,,,
R1,20,0.38,27,14,0.6585365853658537,0.6923076923076923,0.675,0.09,1,,,
R1,20,0.39,27,14,0.6585365853658537,0.6923076923076923,0.675,0.09,1,,,
R1,20,0.4,27,16,0.627906976744186,0.6923076923076923,0.6585365853658537,0.09,1,,,
R2,20,,39,37,0.5131578947368421,1.0,0.6782608695652175,0.13,2,0.0,0.5,
R2,20,,39,33,0.5416666666666666,1.0,0.7027027027027027,0.13,2,0.0,0.55,
R2,20,,39,33,0.5416666666666666,1.0,0.7027027027027027,0.13,2,0.0,0.6,
R2,20,,38,25,0.6031746031746031,0.9743589743589743,0.7450980392156863,0.12666666666666668,2,0.0,0.65,
R2,20,,38,25,0.6031746031746031,0.9743589743589743,0.7450980392156863,0.12666666666666668,2,0.0,0.7,
R2,20,,38,25,0.6031746031746031,0.9743589743589743,0.7450980392156863,0.12666666666666668,2,0.0,0.75,
R2,20,,38,22,0.6333333333333333,0.9743589743589743,0.7676767676767675,0.12666666666666668,2,0.0,0.8,
R2,20,,38,22,0.6333333333333333,0.9743589743589743,0.7676767676767675,0.12666666666666668,2,0.0,0.8500000000000001,
R2,20,,38,15,0.7169811320754716,0.9743589743589743,0.8260869565217391,0.12666666666666668,2,0.0,0.9,
R2,20,,38,15,0.7169811320754716,0.9743589743589743,0.8260869565217391,0.12666666666666668,2,0.0,0.95,
R2,20,,38,15,0.7169811320754716,0.9743589743589743,0.8260869565217391,0.12666666666666668,2,0.0,1.0,
R2,20,,39,37,0.5131578947368421,1.0,0.6782608695652175,0.13,2,0.05,0.5,
R2,20,,39,33,0.5416666666666666,1.0,0.7027027027027027,0.13,2,0.05,0.55,
R2,20,,39,33,0.5416666666666666,1.0,0.7027027027027027,0.13,2,0.05,0.6,
R2,20,,38,25,0.6031746031746031,0.9743589743589743,0.7450980392156863,0.12666666666666668,2,0.05,0.65,
R2,20,,38,25,0.6031746031746031,0.9743589743589743,0.7450980392156863,0.12666666666666668,2,0.05,0.7,
R2,20,,38,25,0.6031746031746031,0.9743589743589743,0.7450980392156863,0.12666666666666668,2,0.05,0.75,
R2,20,,38,22,0.6333333333333333,0.9743589743589743,0.7676767676767675,0.12666666666666668,2,0.05,0.8,
R2,20,,38,22,0.6333333333333333,0.9743589743589743,0.7676767676767675,0.12666666666666668,2,0.05,0.8500000000000001,
R2,20,,38,15,0.7169811320754716,0.9743589743589743,0.8260869565217391,0.12666666666666668,2,0.05,0.9,
R2,20,,38,15,0.7169811320754716,0.9743589743589743,0.8260869565217391,0.12666666666666668,2,0.05,0.95,
R2,20,,38,15,0.7169811320754716,0.9743589743589743,0.8260869565217391,0.12666666666666668,2,0.05,1.0,
R2,20,,39,37,0.5131578947368421,1.0,0.6782608695652175,0.13,2,0.1,0.5,
R2,20,,39,33,0.5416666666666666,1.0,0.7027027027027027,0.13,2,0.1,0.55,
R2,20,,39,33,0.5416666666666666,1.0,0.7027027027027027,0.13,2,0.1,0.6,
R2,20,,38,25,0.6031746031746031,0.9743589743589743,0.7450980392156863,0.12666666666666668,2,0.1,0.65,
R2,20,,38,25,0.6031746031746031,0.9743589743589743,0.7450980392156863,0.12666666666666668,2,0.1,0.7,
R2,20,,38,25,0.6031746031746031,0.9743589743589743,0.7450980392156863,0.12666666666666668,2,0.1,0.75,
R2,20,,38,22,0.6333333333333333,0.9743589743589743,0.7676767676767675,0.12666666666666668,2,0.1,0.8,
R2,20,,38,22,0.6333333333333333,0.9743589743589743,0.7676767676767675,0.12666666666666668,2,0.1,0.8500000000000001,
R2,20,,38,15,0.7169811320754716,0.9743589743589743,0.8260869565217391,0.12666666666666668,2,0.1,0.9,
R2,20,,38,15,0.7169811320754716,0.9743589743589743,0.8260869565217391,0.12666666666666668,2,0.1,0.95,
R2,20,,38,15,0.7169811320754716,0.9743589743589743,0.8260869565217391,0.12666666666666668,2,0.1,1.0,
R2,20,,39,46,0.4588235294117647,1.0,0.6290322580645161,0.13,2,0.15000000000000002,0.5,
R2,20,,39,42,0.48148148148148145,1.0,0.65,0.13,2,0.15000000000000002,0.55,
R2,20,,39,42,0.48148148148148145,1.0,0.65,0.13,2,0.15000000000000002,0.6,
R2,20,,38,34,0.5277777777777778,0.9743589743589743,0.6846846846846847,0.12666666666666668,2,0.15000000000000002,0.65,
R2,20,,38,34,0.5277777777777778,0.9743589743589743,0.6846846846846847,0.12666666666666668,2,0.15000000000000002,0.7,
R2,20,,38,34,0.5277777777777778,0.9743589743589743,0.6846846846846847,0.12666666666666668,2,0.15000000000000002,0.75,
R2,20,,38,31,0.5507246376811594,0.9743589743589743,0.7037037037037037,0.12666666666666668,2,0.15000000000000002,0.8,
R2,20,,38,31,0.5507246376811594,0.9743589743589743,0.7037037037037037,0.12666666666666668,2,0.15000000000000002,0.8500000000000001,
R2,20,,38,24,0.6129032258064516,0.9743589743589743,0.7524752475247525,0.12666666666666668,2,0.15000000000000002,0.9,
R2,20,,38,24,0.6129032258064516,0.9743589743589743,0.7524752475247525,0.12666666666666668,2,0.15000000000000002,0.95,
R2,20,,38,24,0.6129032258064516,0.9743589743589743,0.7524752475247525,0.12666666666666668,2,0.15000000000000002,1.0,
R2,20,,39,46,0.4588235294117647,1.0,0.6290322580645161,0.13,2,0.2,0.5,
R2,20,,39,42,0.48148148148148145,1.0,0.65,0.13,2,0.2,0.55,
R2,20,,39,42,0.48148148148148145,1.0,0.65,0.13,2,0.2,0.6,
R2,20,,38,34,0.5277777777777778,0.9743589743589743,0.6846846846846847,0.12666666666666668,2,0.2,0.65,
R2,20,,38,34,0.5277777777777778,0.9743589743589743,0.6846846846846847,0.12666666666666668,2,0.2,0.7,
R2,20,,38,34,0.5277777777777778,0.9743589743589743,0.6846846846846847,0.12666666666666668,2,0.2,0.75,
R2,20,,38,31,0.5507246376811594,0.9743589743589743,0.7037037037037037,0.12666666666666668,2,0.2,0.8,
R2,20,,38,31,0.5507246376811594,0.9743589743589743,0.7037037037037037,0.12666666666666668,2,0.2,0.8500000000000001,
R2,20,,38,24,0.6129032258064516,0.9743589743589743,0.7524752475247525,0.12666666666666668,2,0.2,0.9,
R2,20,,38,24,0.6129032258064516,0.9743589743589743,0.7524752475247525,0.12666666666666668,2,0.2,0.95,
R2,20,,38,24,0.6129032258064516,0.9743589743589743,0.7524752475247525,0.12666666666666668,2,0.2,1.0,
R3,20,0.02,13,22,0.37142857142857144,0.3333333333333333,0.35135135135135137,0.043333333333333335,2,,0.5,
R3,20,0.02,13,18,0.41935483870967744,0.3333333333333333,0.3714285714285714,0.043333333333333335,2,,0.55,
R3,20,0.02,13,18,0.41935483870967744,0.3333333333333333,0.3714285714285714,0.043333333333333335,2,,0.6,
R3,20,0.02,12,10,0.5454545454545454,0.3076923076923077,0.3934426229508197,0.04,2,,0.65,
R3,20,0.02,12,10,0.5454545454545454,0.3076923076923077,0.3934426229508197,0.04,2,,0.7,
R3,20,0.02,12,10,0.5454545454545454,0.3076923076923077,0.3934426229508197,0.04,2,,0.75,
R3,20,0.02,12,7,0.631578947368421,0.3076923076923077,0.41379310344827586,0.04,2,,0.8,
R3,20,0.02,12,7,0.631578947368421,0.3076923076923077,0.41379310344827586,0.04,2,,0.8500000000000001,
R3,20,0.02,12,0,1.0,0.3076923076923077,0.47058823529411764,0.04,2,,0.9,
R3,20,0.02,12,0,1.0,0.3076923076923077,0.47058823529411764,0.04,2,,0.95,
R3,20,0.02,12,0,1.0,0.3076923076923077,0.47058823529411764,0.04,2,,1.0,
R3,20,0.039999999999999994,13,22,0.37142857142857144,0.3333333333333333,0.35135135135135137,0.043333333333333335,2,,0.5,
R3,20,0.039999999999999994,13,18,0.41935483870967744,0.3333333333333333,0.3714285714285714,0.043333333333333335,2,,0.55,
R3,20,0.039999999999999994,13,18,0.41935483870967744,0.3333333333333333,0.3714285714285714,0.043333333333333335,2,,0.6,
R3,20,0.039999999999999994,12,10,0.5454545454545454,0.3076923076923077,0.3934426229508197,0.04,2,,0.65,
R3,20,0.039999999999999994,12,10,0.5454545454545454,0.3076923076923077,0.3934426229508197,0.04,2,,0.7,
R3,20,0.039999999999999994,12,10,0.5454545454545454,0.3076923076923077,0.3934426229508197,0.04,2,,0.75,
R3,20,0.039999999999999994,12,7,0.631578947368421,0.3076923076923077,0.41379310344827586,0.04,2,,0.8,
R3,20,0.039999999999999994,12,7,0.631578947368421,0.3076923076923077,0.41379310344827586,0.04,2,,0.8500000000000001,
R3,20,0.039999999999999994,12,0,1.0,0.3076923076923077,0.47058823529411764,0.04,2,,0.9,
R3,20,0.039999999999999994,12,0,1.0,0.3076923076923077,0.47058823529411764,0.04,2,,0.95,
R3,20,0.039999999999999994,12,0,1.0,0.3076923076923077,0.47058823529411764,0.04,2,,1.0,
R3,20,0.06,13,22,0.37142857142857144,0.3333333333333333,0.35135135135135137,0.043333333333333335,2,,0.5,
R3,20,0.06,13,18,0.41935483870967744,0.3333333333333333,0.3714285714285714,0.043333333333333335,2,,0.55,
R3,20,0.06,13,18,0.41935483870967744,0.3333333333333333,0.3714285714285714,0.043333333333333335,2,,0.6,
R3,20,0.06,12,10,0.5454545454545454,0.3076923076923077,0.3934426229508197,0.04,2,,0.65,
R3,20,0.06,12,10,0.5454545454545454,0.3076923076923077,0.3934426229508197,0.04,2,,0.7,
R3,20,0.06,12,10,0.5454545454545454,0.3076923076923077,0.3934426229508197,0.04,2,,0.75,
R3,20,0.06,12,7,0.631578947368421,0.3076923076923077,0.41379310344827586,0.04,2,,0.8,
R3,20,0.06,12,7,0.631578947368421,0.3076923076923077,0.41379310344827586,0.04,2,,0.8500000000000001,
R3,20,0.06,12,0,1.0,0.3076923076923077,0.47058823529411764,0.04,2,,0.9,
R3,20,0.06,12,0,1.0,0.3076923076923077,0.47058823529411764,0.04,2,,0.95,
R3,20,0.06,12,0,1.0,0.3076923076923077,0.47058823529411764,0.04,2,,1.0,
R3,20,0.07999999999999999,14,23,0.3783783783783784,0.358974358974359,0.368421052631579,0.04666666666666667,2,,0.5,
R3,20,0.07999999999999999,14,19,0.42424242424242425,0.358974358974359,0.3888888888888889,0.04666666666666667,2,,0.55,
R3,20,0.07999999999999999,14,19,0.42424242424242425,0.358974358974359,0.3888888888888889,0.04666666666666667,2,,0.6,
R3,20,0.07999999999999999,13,11,0.5416666666666666,0.3333333333333333,0.4126984126984126,0.043333333333333335,2,,0.65,
R3,20,0.07999999999999999,13,11,0.5416666666666666,0.3333333333333333,0.4126984126984126,0.043333333333333335,2,,0.7,
R3,20,0.07999999999999999,13,11,0.5416666666666666,0.3333333333333333,0.4126984126984126,0.043333333333333335,2,,0.75,
R3,20,0.07999999999999999,13,8,0.6190476190476191,0.3333333333333333,0.43333333333333335,0.043333333333333335,2,,0.8,
R3,20,0.07999999999999999,13,8,0.6190476190476191,0.3333333333333333,0.43333333333333335,0.043333333333333335,2,,0.8500000000000001,
R3,20,0.07999999999999999,13,1,0.9285714285714286,0.3333333333333333,0.4905660377358491,0.043333333333333335,2,,0.9,
R3,20,0.07999999999999999,13,1,0.9285714285714286,0.3333333333333333,0.4905660377358491,0.043333333333333335,2,,0.95,
R3,20,0.07999999999999999,13,1,0.9285714285714286,0.3333333333333333,0.4905660377358491,0.043333333333333335,2,,1.0,
R3,20,0.09999999999999999,14,23,0.3783783783783784,0.358974358974359,0.368421052631579,0.04666666666666667,2,,0.5,
R3,20,0.09999999999999999,14,19,0.42424242424242425,0.358974358974359,0.3888888888888889,0.04666666666666667,2,,0.55,
R3,20,0.09999999999999999,14,19,0.42424242424242425,0.358974358974359,0.3888888888888889,0.04666666666666667,2,,0.6,
R3,20,0.09999999999999999,13,11,0.5416666666666666,0.3333333333333333,0.4126984126984126,0.043333333333333335,2,,0.65,
R3,20,0.09999999999999999,13,11,0.5416666666666666,0.3333333333333333,0.4126984126984126,0.043333333333333335,2,,0.7,
R3,20,0.09999999999999999,13,11,0.5416666666666666,0.3333333333333333,0.4126984126984126,0.043333333333333335,2,,0.75,
R3,20,0.09999999999999999,13,8,0.6190476190476191,0.3333333333333333,0.43333333333333335,0.043333333333333335,2,,0.8,
R3,20,0.09999999999999999,13,8,0.6190476190476191,0.3333333333333333,0.43333333333333335,0.043333333333333335,2,,0.8500000000000001,
R3,20,0.09999999999999999,13,1,0.9285714285714286,0.3333333333333333,0.4905660377358491,0.043333333333333335,2,,0.9,
R3,20,0.09999999999999999,13,1,0.9285714285714286,0.3333333333333333,0.4905660377358491,0.043333333333333335,2,,0.95,
R3,20,0.09999999999999999,13,1,0.9285714285714286,0.3333333333333333,0.4905660377358491,0.043333333333333335,2,,1.0,
R3,20,0.11999999999999998,14,23,0.3783783783783784,0.358974358974359,0.368421052631579,0.04666666666666667,2,,0.5,
R3,20,0.11999999999999998,14,19,0.42424242424242425,0.358974358974359,0.3888888888888889,0.04666666666666667,2,,0.55,
R3,20,0.11999999999999998,14,19,0.42424242424242425,0.358974358974359,0.3888888888888889,0.04666666666666667,2,,0.6,
R3,20,0.11999999999999998,13,11,0.5416666666666666,0.3333333333333333,0.4126984126984126,0.043333333333333335,2,,0.65,
R3,20,0.11999999999999998,13,11,0.5416666666666666,0.3333333333333333,0.4126984126984126,0.043333333333333335,2,,0.7,
R3,20,0.11999999999999998,13,11,0.5416666666666666,0.3333333333333333,0.4126984126984126,0.043333333333333335,2,,0.75,
R3,20,0.11999999999999998,13,8,0.6190476190476191,0.3333333333333333,0.43333333333333335,0.043333333333333335,2,,0.8,
R3,20,0.11999999999999998,13,8,0.6190476190476191,0.3333333333333333,0.43333333333333335,0.043333333333333335,2,,0.8500000000000001,
R3,20,0.11999999999999998,13,2,0.8666666666666667,0.3333333333333333,0.48148148148148145,0.043333333333333335,2,,0.9,
R3,20,0.11999999999999998,13,2,0.8666666666666667,0.3333333333333333,0.48148148148148145,0.043333333333333335,2,,0.95,
R3,20,0.11999999999999998,13,2,0.8666666666666667,0.3333333333333333,0.48148148148148145,0.043333333333333335,2,,1.0,
R3,20,0.13999999999999999,14,23,0.3783783783783784,0.358974358974359,0.368421052631579,0.04666666666666667,2,,0.5,
R3,20,0.13999999999999999,14,19,0.42424242424242425,0.358974358974359,0.3888888888888889,0.04666666666666667,2,,0.55,
R3,20,0.13999999999999999,14,19,0.42424242424242425,0.358974358974359,0.3888888888888889,0.04666666666666667,2,,0.6,
R3,20,0.13999999999999999,13,11,0.5416666666666666,0.3333333333333333,0.4126984126984126,0.043333333333333335,2,,0.65,
R3,20,0.13999999999999999,13,11,0.5416666666666666,0.3333333333333333,0.4126984126984126,0.043333333333333335,2,,0.7,
R3,20,0.13999999999999999,13,11,0.5416666666666666,0.3333333333333333,0.4126984126984126,0.043333333333333335,2,,0.75,
R3,20,0.13999999999999999,13,8,0.6190476190476191,0.3333333333333333,0.43333333333333335,0.043333333333333335,2,,0.8,
R3,20,0.13999999999999999,13,8,0.6190476190476191,0.3333333333333333,0.43333333333333335,0.043333333333333335,2,,0.8500000000000001,
R3,20,0.13999999999999999,13,2,0.8666666666666667,0.3333333333333333,0.48148148148148145,0.043333333333333335,2,,0.9,
R3,20,0.13999999999999999,13,2,0.8666666666666667,0.3333333333333333,0.48148148148148145,0.043333333333333335,2,,0.95,
R3,20,0.13999999999999999,13,2,0.8666666666666667,0.3333333333333333,0.48148148148148145,0.043333333333333335,2,,1.0,
R3,20,0.15999999999999998,15,23,0.39473684210526316,0.38461538461538464,0.38961038961038963,0.05,2,,0.5,
R3,20,0.15999999999999998,15,19,0.4411764705882353,0.38461538461538464,0.4109589041095891,0.05,2,,0.55,
R3,20,0.15999999999999998,15,19,0.4411764705882353,0.38461538461538464,0.4109589041095891,0.05,2,,0.6,
R3,20,0.15999999999999998,14,11,0.56,0.358974358974359,0.4375,0.04666666666666667,2,,0.65,
R3,20,0.15999999999999998,14,11,0.56,0.358974358974359,0.4375,0.04666666666666667,2,,0.7,
R3,20,0.15999999999999998,14,11,0.56,0.358974358974359,0.4375,0.04666666666666667,2,,0.75,
R3,20,0.15999999999999998,14,8,0.6363636363636364,0.358974358974359,0.459016393442623,0.04666666666666667,2,,0.8,
R3,20,0.15999999999999998,14,8,0.6363636363636364,0.358974358974359,0.459016393442623,0.04666666666666667,2,,0.8500000000000001,
R3,20,0.15999999999999998,14,2,0.875,0.358974358974359,0.509090909090909,0.04666666666666667,2,,0.9,
R3,20,0.15999999999999998,14,2,0.875,0.358974358974359,0.509090909090909,0.04666666666666667,2,,0.95,
R3,20,0.15999999999999998,14,2,0.875,0.358974358974359,0.509090909090909,0.04666666666666667,2,,1.0,
R3,20,0.17999999999999997,15,23,0.39473684210526316,0.38461538461538464,0.38961038961038963,0.05,2,,0.5,
R3,20,0.17999999999999997,15,19,0.4411764705882353,0.38461538461538464,0.4109589041095891,0.05,2,,0.55,
R3,20,0.17999999999999997,15,19,0.4411764705882353,0.38461538461538464,0.4109589041095891,0.05,2,,0.6,
R3,20,0.17999999999999997,14,11,0.56,0.358974358974359,0.4375,0.04666666666666667,2,,0.65,
R3,20,0.17999999999999997,14,11,0.56,0.358974358974359,0.4375,0.04666666666666667,2,,0.7,
R3,20,0.17999999999999997,14,11,0.56,0.358974358974359,0.4375,0.04666666666666667,2,,0.75,
R3,20,0.17999999999999997,14,8,0.6363636363636364,0.358974358974359,0.459016393442623,0.04666666666666667,2,,0.8,
R3,20,0.17999999999999997,14,8,0.6363636363636364,0.358974358974359,0.459016393442623,0.04666666666666667,2,,0.8500000000000001,
R3,20,0.17999999999999997,14,2,0.875,0.358974358974359,0.509090909090909,0.04666666666666667,2,,0.9,
R3,20,0.17999999999999997,14,2,0.875,0.358974358974359,0.509090909090909,0.04666666666666667,2,,0.95,
R3,20,0.17999999999999997,14,2,0.875,0.358974358974359,0.509090909090909,0.04666666666666667,2,,1.0,
R3,20,0.19999999999999996,18,23,0.43902439024390244,0.46153846153846156,0.45,0.06,2,,0.5,
R3,20,0.19999999999999996,18,19,0.4864864864864865,0.46153846153846156,0.47368421052631576,0.06,2,,0.55,
R3,20,0.19999999999999996,18,19,0.4864864864864865,0.46153846153846156,0.47368421052631576,0.06,2,,0.6,
R3,20,0.19999999999999996,17,11,0.6071428571428571,0.4358974358974359,0.5074626865671643,0.056666666666666664,2,,0.65,
R3,20,0.19999999999999996,17,11,0.6071428571428571,0.4358974358974359,0.5074626865671643,0.056666666666666664,2,,0.7,
R3,20,0.19999999999999996,17,11,0.6071428571428571,0.4358974358974359,0.5074626865671643,0.056666666666666664,2,,0.75,
R3,20,0.19999999999999996,17,8,0.68,0.4358974358974359,0.53125,0.056666666666666664,2,,0.8,
R3,20,0.19999999999999996,17,8,0.68,0.4358974358974359,0.53125,0.056666666666666664,2,,0.8500000000000001,
R3,20,0.19999999999999996,17,2,0.8947368421052632,0.4358974358974359,0.5862068965517242,0.056666666666666664,2,,0.9,
R3,20,0.19999999999999996,17,2,0.8947368421052632,0.4358974358974359,0.5862068965517242,0.056666666666666664,2,,0.95,
R3,20,0.19999999999999996,17,2,0.8947368421052632,0.4358974358974359,0.5862068965517242,0.056666666666666664,2,,1.0,
R3,20,0.21999999999999995,18,23,0.43902439024390244,0.46153846153846156,0.45,0.06,2,,0.5,
R3,20,0.21999999999999995,18,19,0.4864864864864865,0.46153846153846156,0.47368421052631576,0.06,2,,0.55,
R3,20,0.21999999999999995,18,19,0.4864864864864865,0.46153846153846156,0.47368421052631576,0.06,2,,0.6,
R3,20,0.21999999999999995,17,11,0.6071428571428571,0.4358974358974359,0.5074626865671643,0.056666666666666664,2,,0.65,
R3,20,0.21999999999999995,17,11,0.6071428571428571,0.4358974358974359,0.5074626865671643,0.056666666666666664,2,,0.7,
R3,20,0.21999999999999995,17,11,0.6071428571428571,0.4358974358974359,0.5074626865671643,0.056666666666666664,2,,0.75,
R3,20,0.21999999999999995,17,8,0.68,0.4358974358974359,0.53125,0.056666666666666664,2,,0.8,
R3,20,0.21999999999999995,17,8,0.68,0.4358974358974359,0.53125,0.056666666666666664,2,,0.8500000000000001,
R3,20,0.21999999999999995,17,2,0.8947368421052632,0.4358974358974359,0.5862068965517242,0.056666666666666664,2,,0.9,
R3,20,0.21999999999999995,17,2,0.8947368421052632,0.4358974358974359,0.5862068965517242,0.056666666666666664,2,,0.95,
R3,20,0.21999999999999995,17,2,0.8947368421052632,0.4358974358974359,0.5862068965517242,0.056666666666666664,2,,1.0,
R3,20,0.23999999999999996,19,23,0.4523809523809524,0.48717948717948717,0.4691358024691358,0.06333333333333334,2,,0.5,
R3,20,0.23999999999999996,19,19,0.5,0.48717948717948717,0.49350649350649345,0.06333333333333334,2,,0.55,
R3,20,0.23999999999999996,19,19,0.5,0.48717948717948717,0.49350649350649345,0.06333333333333334,2,,0.6,
R3,20,0.23999999999999996,18,11,0.6206896551724138,0.46153846153846156,0.5294117647058824,0.06,2,,0.65,
R3,20,0.23999999999999996,18,11,0.6206896551724138,0.46153846153846156,0.5294117647058824,0.06,2,,0.7,
R3,20,0.23999999999999996,18,11,0.6206896551724138,0.46153846153846156,0.5294117647058824,0.06,2,,0.75,
R3,20,0.23999999999999996,18,8,0.6923076923076923,0.46153846153846156,0.553846153846154,0.06,2,,0.8,
R3,20,0.23999999999999996,18,8,0.6923076923076923,0.46153846153846156,0.553846153846154,0.06,2,,0.8500000000000001,
R3,20,0.23999999999999996,18,2,0.9,0.46153846153846156,0.6101694915254238,0.06,2,,0.9,
R3,20,0.23999999999999996,18,2,0.9,0.46153846153846156,0.6101694915254238,0.06,2,,0.95,
R3,20,0.23999999999999996,18,2,0.9,0.46153846153846156,0.6101694915254238,0.06,2,,1.0,
R3,20,0.25999999999999995,19,24,0.4418604651162791,0.48717948717948717,0.46341463414634154,0.06333333333333334,2,,0.5,
R3,20,0.25999999999999995,19,20,0.48717948717948717,0.48717948717948717,0.48717948717948717,0.06333333333333334,2,,0.55,
R3,20,0.25999999999999995,19,20,0.48717948717948717,0.48717948717948717,0.48717948717948717,0.06333333333333334,2,,0.6,
R3,20,0.25999999999999995,18,12,0.6,0.46153846153846156,0.5217391304347826,0.06,2,,0.65,
R3,20,0.25999999999999995,18,12,0.6,0.46153846153846156,0.5217391304347826,0.06,2,,0.7,
R3,20,0.25999999999999995,18,12,0.6,0.46153846153846156,0.5217391304347826,0.06,2,,0.75,
R3,20,0.25999999999999995,18,9,0.6666666666666666,0.46153846153846156,0.5454545454545455,0.06,2,,0.8,
R3,20,0.25999999999999995,18,9,0.6666666666666666,0.46153846153846156,0.5454545454545455,0.06,2,,0.8500000000000001,
R3,20,0.25999999999999995,18,4,0.8181818181818182,0.46153846153846156,0.5901639344262295,0.06,2,,0.9,
R3,20,0.25999999999999995,18,4,0.8181818181818182,0.46153846153846156,0.5901639344262295,0.06,2,,0.95,
R3,20,0.25999999999999995,18,4,0.8181818181818182,0.46153846153846156,0.5901639344262295,0.06,2,,1.0,
R3,20,0.27999999999999997,23,25,0.4791666666666667,0.5897435897435898,0.5287356321839081,0.07666666666666666,2,,0.5,
R3,20,0.27999999999999997,23,21,0.5227272727272727,0.5897435897435898,0.5542168674698795,0.07666666666666666,2,,0.55,
R3,20,0.27999999999999997,23,21,0.5227272727272727,0.5897435897435898,0.5542168674698795,0.07666666666666666,2,,0.6,
R3,20,0.27999999999999997,22,13,0.6285714285714286,0.5641025641025641,0.5945945945945945,0.07333333333333333,2,,0.65,
R3,20,0.27999999999999997,22,13,0.6285714285714286,0.5641025641025641,0.5945945945945945,0.07333333333333333,2,,0.7,
R3,20,0.27999999999999997,22,13,0.6285714285714286,0.5641025641025641,0.5945945945945945,0.07333333333333333,2,,0.75,
R3,20,0.27999999999999997,22,10,0.6875,0.5641025641025641,0.619718309859155,0.07333333333333333,2,,0.8,
R3,20,0.27999999999999997,22,10,0.6875,0.5641025641025641,0.619718309859155,0.07333333333333333,2,,0.8500000000000001,
R3,20,0.27999999999999997,22,6,0.7857142857142857,0.5641025641025641,0.6567164179104477,0.07333333333333333,2,,0.9,
R3,20,0.27999999999999997,22,6,0.7857142857142857,0.5641025641025641,0.6567164179104477,0.07333333333333333,2,,0.95,
R3,20,0.27999999999999997,22,6,0.7857142857142857,0.5641025641025641,0.6567164179104477,0.07333333333333333,2,,1.0,
R3,20,0.3,23,26,0.46938775510204084,0.5897435897435898,0.5227272727272727,0.07666666666666666,2,,0.5,
R3,20,0.3,23,22,0.5111111111111111,0.5897435897435898,0.5476190476190476,0.07666666666666666,2,,0.55,
R3,20,0.3,23,22,0.5111111111111111,0.5897435897435898,0.5476190476190476,0.07666666666666666,2,,0.6,
R3,20,0.3,22,14,0.6111111111111112,0.5641025641025641,0.5866666666666667,0.07333333333333333,2,,0.65,
R3,20,0.3,22,14,0.6111111111111112,0.5641025641025641,0.5866666666666667,0.07333333333333333,2,,0.7,
R3,20,0.3,22,14,0.6111111111111112,0.5641025641025641,0.5866666666666667,0.07333333333333333,2,,0.75,
R3,20,0.3,22,11,0.6666666666666666,0.5641025641025641,0.611111111111111,0.07333333333333333,2,,0.8,
R3,20,0.3,22,11,0.6666666666666666,0.5641025641025641,0.611111111111111,0.07333333333333333,2,,0.8500000000000001,
R3,20,0.3,22,8,0.7333333333333333,0.5641025641025641,0.6376811594202899,0.07333333333333333,2,,0.9,
R3,20,0.3,22,8,0.7333333333333333,0.5641025641025641,0.6376811594202899,0.07333333333333333,2,,0.95,
R3,20,0.3,22,8,0.7333333333333333,0.5641025641025641,0.6376811594202899,0.07333333333333333,2,,1.0,
R3b,20,0.02,30,15,0.6666666666666666,0.7692307692307693,0.7142857142857142,0.1,2,0.0,,
R3b,20,0.02,30,15,0.6666666666666666,0.7692307692307693,0.7142857142857142,0.1,2,0.05,,
R3b,20,0.02,30,15,0.6666666666666666,0.7692307692307693,0.7142857142857142,0.1,2,0.1,,
R3b,20,0.02,30,24,0.5555555555555556,0.7692307692307693,0.6451612903225806,0.1,2,0.15,,
R3b,20,0.039999999999999994,32,15,0.6808510638297872,0.8205128205128205,0.7441860465116279,0.10666666666666667,2,0.0,,
R3b,20,0.039999999999999994,32,15,0.6808510638297872,0.8205128205128205,0.7441860465116279,0.10666666666666667,2,0.05,,
R3b,20,0.039999999999999994,32,15,0.6808510638297872,0.8205128205128205,0.7441860465116279,0.10666666666666667,2,0.1,,
R3b,20,0.039999999999999994,32,24,0.5714285714285714,0.8205128205128205,0.6736842105263158,0.10666666666666667,2,0.15,,
R3b,20,0.06,32,15,0.6808510638297872,0.8205128205128205,0.7441860465116279,0.10666666666666667,2,0.0,,
R3b,20,0.06,32,15,0.6808510638297872,0.8205128205128205,0.7441860465116279,0.10666666666666667,2,0.05,,
R3b,20,0.06,32,15,0.6808510638297872,0.8205128205128205,0.7441860465116279,0.10666666666666667,2,0.1,,
R3b,20,0.06,32,24,0.5714285714285714,0.8205128205128205,0.6736842105263158,0.10666666666666667,2,0.15,,
R3b,20,0.07999999999999999,32,15,0.6808510638297872,0.8205128205128205,0.7441860465116279,0.10666666666666667,2,0.0,,
R3b,20,0.07999999999999999,32,15,0.6808510638297872,0.8205128205128205,0.7441860465116279,0.10666666666666667,2,0.05,,
R3b,20,0.07999999999999999,32,15,0.6808510638297872,0.8205128205128205,0.7441860465116279,0.10666666666666667,2,0.1,,
R3b,20,0.07999999999999999,32,24,0.5714285714285714,0.8205128205128205,0.6736842105263158,0.10666666666666667,2,0.15,,
R3b,20,0.09999999999999999,32,15,0.6808510638297872,0.8205128205128205,0.7441860465116279,0.10666666666666667,2,0.0,,
R3b,20,0.09999999999999999,32,15,0.6808510638297872,0.8205128205128205,0.7441860465116279,0.10666666666666667,2,0.05,,
R3b,20,0.09999999999999999,32,15,0.6808510638297872,0.8205128205128205,0.7441860465116279,0.10666666666666667,2,0.1,,
R3b,20,0.09999999999999999,32,24,0.5714285714285714,0.8205128205128205,0.6736842105263158,0.10666666666666667,2,0.15,,
R3b,20,0.11999999999999998,32,16,0.6666666666666666,0.8205128205128205,0.7356321839080459,0.10666666666666667,2,0.0,,
R3b,20,0.11999999999999998,32,16,0.6666666666666666,0.8205128205128205,0.7356321839080459,0.10666666666666667,2,0.05,,
R3b,20,0.11999999999999998,32,16,0.6666666666666666,0.8205128205128205,0.7356321839080459,0.10666666666666667,2,0.1,,
R3b,20,0.11999999999999998,32,25,0.5614035087719298,0.8205128205128205,0.6666666666666666,0.10666666666666667,2,0.15,,
R3b,20,0.13999999999999999,32,16,0.6666666666666666,0.8205128205128205,0.7356321839080459,0.10666666666666667,2,0.0,,
R3b,20,0.13999999999999999,32,16,0.6666666666666666,0.8205128205128205,0.7356321839080459,0.10666666666666667,2,0.05,,
R3b,20,0.13999999999999999,32,16,0.6666666666666666,0.8205128205128205,0.7356321839080459,0.10666666666666667,2,0.1,,
R3b,20,0.13999999999999999,32,25,0.5614035087719298,0.8205128205128205,0.6666666666666666,0.10666666666666667,2,0.15,,
R3b,20,0.15999999999999998,33,16,0.673469387755102,0.8461538461538461,0.75,0.11,2,0.0,,
R3b,20,0.15999999999999998,33,16,0.673469387755102,0.8461538461538461,0.75,0.11,2,0.05,,
R3b,20,0.15999999999999998,33,16,0.673469387755102,0.8461538461538461,0.75,0.11,2,0.1,,
R3b,20,0.15999999999999998,33,25,0.5689655172413793,0.8461538461538461,0.6804123711340206,0.11,2,0.15,,
R3b,20,0.17999999999999997,34,16,0.68,0.8717948717948718,0.7640449438202247,0.11333333333333333,2,0.0,,
R3b,20,0.17999999999999997,34,16,0.68,0.8717948717948718,0.7640449438202247,0.11333333333333333,2,0.05,,
R3b,20,0.17999999999999997,34,16,0.68,0.8717948717948718,0.7640449438202247,0.11333333333333333,2,0.1,,
R3b,20,0.17999999999999997,34,25,0.576271186440678,0.8717948717948718,0.6938775510204083,0.11333333333333333,2,0.15,,
R3b,20,0.19999999999999996,35,16,0.6862745098039216,0.8974358974358975,0.7777777777777778,0.11666666666666667,2,0.0,,
R3b,20,0.19999999999999996,35,16,0.6862745098039216,0.8974358974358975,0.7777777777777778,0.11666666666666667,2,0.05,,
R3b,20,0.19999999999999996,35,16,0.6862745098039216,0.8974358974358975,0.7777777777777778,0.11666666666666667,2,0.1,,
R3b,20,0.19999999999999996,35,25,0.5833333333333334,0.8974358974358975,0.7070707070707071,0.11666666666666667,2,0.15,,
R3b,20,0.21999999999999995,36,16,0.6923076923076923,0.9230769230769231,0.7912087912087913,0.12,2,0.0,,
R3b,20,0.21999999999999995,36,16,0.6923076923076923,0.9230769230769231,0.7912087912087913,0.12,2,0.05,,
R3b,20,0.21999999999999995,36,16,0.6923076923076923,0.9230769230769231,0.7912087912087913,0.12,2,0.1,,
R3b,20,0.21999999999999995,36,25,0.5901639344262295,0.9230769230769231,0.7200000000000001,0.12,2,0.15,,
R3b,20,0.23999999999999996,38,16,0.7037037037037037,0.9743589743589743,0.8172043010752689,0.12666666666666668,2,0.0,,
R3b,20,0.23999999999999996,38,16,0.7037037037037037,0.9743589743589743,0.8172043010752689,0.12666666666666668,2,0.05,,
R3b,20,0.23999999999999996,38,16,0.7037037037037037,0.9743589743589743,0.8172043010752689,0.12666666666666668,2,0.1,,
R3b,20,0.23999999999999996,38,25,0.6031746031746031,0.9743589743589743,0.7450980392156863,0.12666666666666668,2,0.15,,
R3b,20,0.25999999999999995,38,17,0.6909090909090909,0.9743589743589743,0.8085106382978723,0.12666666666666668,2,0.0,,
R3b,20,0.25999999999999995,38,17,0.6909090909090909,0.9743589743589743,0.8085106382978723,0.12666666666666668,2,0.05,,
R3b,20,0.25999999999999995,38,17,0.6909090909090909,0.9743589743589743,0.8085106382978723,0.12666666666666668,2,0.1,,
R3b,20,0.25999999999999995,38,26,0.59375,0.9743589743589743,0.7378640776699028,0.12666666666666668,2,0.15,,
R3b,20,0.27999999999999997,38,18,0.6785714285714286,0.9743589743589743,0.8,0.12666666666666668,2,0.0,,
R3b,20,0.27999999999999997,38,18,0.6785714285714286,0.9743589743589743,0.8,0.12666666666666668,2,0.05,,
R3b,20,0.27999999999999997,38,18,0.6785714285714286,0.9743589743589743,0.8,0.12666666666666668,2,0.1,,
R3b,20,0.27999999999999997,38,27,0.5846153846153846,0.9743589743589743,0.7307692307692307,0.12666666666666668,2,0.15,,
R3b,20,0.3,38,20,0.6551724137931034,0.9743589743589743,0.7835051546391754,0.12666666666666668,2,0.0,,
R3b,20,0.3,38,20,0.6551724137931034,0.9743589743589743,0.7835051546391754,0.12666666666666668,2,0.05,,
R3b,20,0.3,38,20,0.6551724137931034,0.9743589743589743,0.7835051546391754,0.12666666666666668,2,0.1,,
R3b,20,0.3,38,28,0.5757575757575758,0.9743589743589743,0.7238095238095238,0.12666666666666668,2,0.15,,
R4,20,0.05,18,22,0.45,0.46153846153846156,0.45569620253164556,0.06,4,0.0,0.5,0.4
R4,20,0.05,18,19,0.4864864864864865,0.46153846153846156,0.47368421052631576,0.06,4,0.0,0.6,0.4
R4,20,0.05,17,11,0.6071428571428571,0.4358974358974359,0.5074626865671643,0.056666666666666664,4,0.0,0.7,0.4
R4,20,0.05,17,8,0.68,0.4358974358974359,0.53125,0.056666666666666664,4,0.0,0.8,0.4
R4,20,0.05,17,8,0.68,0.4358974358974359,0.53125,0.056666666666666664,4,0.0,0.9,0.4
R4,20,0.05,17,8,0.68,0.4358974358974359,0.53125,0.056666666666666664,4,0.0,1.0,0.4
R4,20,0.05,18,22,0.45,0.46153846153846156,0.45569620253164556,0.06,4,0.05,0.5,0.4
R4,20,0.05,18,19,0.4864864864864865,0.46153846153846156,0.47368421052631576,0.06,4,0.05,0.6,0.4
R4,20,0.05,17,11,0.6071428571428571,0.4358974358974359,0.5074626865671643,0.056666666666666664,4,0.05,0.7,0.4
R4,20,0.05,17,8,0.68,0.4358974358974359,0.53125,0.056666666666666664,4,0.05,0.8,0.4
R4,20,0.05,17,8,0.68,0.4358974358974359,0.53125,0.056666666666666664,4,0.05,0.9,0.4
R4,20,0.05,17,8,0.68,0.4358974358974359,0.53125,0.056666666666666664,4,0.05,1.0,0.4
R4,20,0.05,18,22,0.45,0.46153846153846156,0.45569620253164556,0.06,4,0.1,0.5,0.4
R4,20,0.05,18,19,0.4864864864864865,0.46153846153846156,0.47368421052631576,0.06,4,0.1,0.6,0.4
R4,20,0.05,17,11,0.6071428571428571,0.4358974358974359,0.5074626865671643,0.056666666666666664,4,0.1,0.7,0.4
R4,20,0.05,17,8,0.68,0.4358974358974359,0.53125,0.056666666666666664,4,0.1,0.8,0.4
R4,20,0.05,17,8,0.68,0.4358974358974359,0.53125,0.056666666666666664,4,0.1,0.9,0.4
R4,20,0.05,17,8,0.68,0.4358974358974359,0.53125,0.056666666666666664,4,0.1,1.0,0.4
R4,20,0.05,17,20,0.4594594594594595,0.4358974358974359,0.4473684210526316,0.056666666666666664,4,0.0,0.5,0.45
R4,20,0.05,17,17,0.5,0.4358974358974359,0.4657534246575343,0.056666666666666664,4,0.0,0.6,0.45
R4,20,0.05,16,10,0.6153846153846154,0.41025641025641024,0.4923076923076924,0.05333333333333334,4,0.0,0.7,0.45
R4,20,0.05,16,7,0.6956521739130435,0.41025641025641024,0.5161290322580646,0.05333333333333334,4,0.0,0.8,0.45
R4,20,0.05,16,7,0.6956521739130435,0.41025641025641024,0.5161290322580646,0.05333333333333334,4,0.0,0.9,0.45
R4,20,0.05,16,7,0.6956521739130435,0.41025641025641024,0.5161290322580646,0.05333333333333334,4,0.0,1.0,0.45
R4,20,0.05,17,20,0.4594594594594595,0.4358974358974359,0.4473684210526316,0.056666666666666664,4,0.05,0.5,0.45
R4,20,0.05,17,17,0.5,0.4358974358974359,0.4657534246575343,0.056666666666666664,4,0.05,0.6,0.45
R4,20,0.05,16,10,0.6153846153846154,0.41025641025641024,0.4923076923076924,0.05333333333333334,4,0.05,0.7,0.45
R4,20,0.05,16,7,0.6956521739130435,0.41025641025641024,0.5161290322580646,0.05333333333333334,4,0.05,0.8,0.45
R4,20,0.05,16,7,0.6956521739130435,0.41025641025641024,0.5161290322580646,0.05333333333333334,4,0.05,0.9,0.45
R4,20,0.05,16,7,0.6956521739130435,0.41025641025641024,0.5161290322580646,0.05333333333333334,4,0.05,1.0,0.45
R4,20,0.05,17,20,0.4594594594594595,0.4358974358974359,0.4473684210526316,0.056666666666666664,4,0.1,0.5,0.45
R4,20,0.05,17,17,0.5,0.4358974358974359,0.4657534246575343,0.056666666666666664,4,0.1,0.6,0.45
R4,20,0.05,16,10,0.6153846153846154,0.41025641025641024,0.4923076923076924,0.05333333333333334,4,0.1,0.7,0.45
R4,20,0.05,16,7,0.6956521739130435,0.41025641025641024,0.5161290322580646,0.05333333333333334,4,0.1,0.8,0.45
R4,20,0.05,16,7,0.6956521739130435,0.41025641025641024,0.5161290322580646,0.05333333333333334,4,0.1,0.9,0.45
R4,20,0.05,16,7,0.6956521739130435,0.41025641025641024,0.5161290322580646,0.05333333333333334,4,0.1,1.0,0.45
R4,20,0.05,16,16,0.5,0.41025641025641024,0.4507042253521127,0.05333333333333334,4,0.0,0.5,0.5
R4,20,0.05,16,14,0.5333333333333333,0.41025641025641024,0.463768115942029,0.05333333333333334,4,0.0,0.6,0.5
R4,20,0.05,15,8,0.6521739130434783,0.38461538461538464,0.4838709677419355,0.05,4,0.0,0.7,0.5
R4,20,0.05,15,6,0.7142857142857143,0.38461538461538464,0.5,0.05,4,0.0,0.8,0.5
R4,20,0.05,15,6,0.7142857142857143,0.38461538461538464,0.5,0.05,4,0.0,0.9,0.5
R4,20,0.05,15,6,0.7142857142857143,0.38461538461538464,0.5,0.05,4,0.0,1.0,0.5
R4,20,0.05,16,16,0.5,0.41025641025641024,0.4507042253521127,0.05333333333333334,4,0.05,0.5,0.5
R4,20,0.05,16,14,0.5333333333333333,0.41025641025641024,0.463768115942029,0.05333333333333334,4,0.05,0.6,0.5
R4,20,0.05,15,8,0.6521739130434783,0.38461538461538464,0.4838709677419355,0.05,4,0.05,0.7,0.5
R4,20,0.05,15,6,0.7142857142857143,0.38461538461538464,0.5,0.05,4,0.05,0.8,0.5
R4,20,0.05,15,6,0.7142857142857143,0.38461538461538464,0.5,0.05,4,0.05,0.9,0.5
R4,20,0.05,15,6,0.7142857142857143,0.38461538461538464,0.5,0.05,4,0.05,1.0,0.5
R4,20,0.05,16,16,0.5,0.41025641025641024,0.4507042253521127,0.05333333333333334,4,0.1,0.5,0.5
R4,20,0.05,16,14,0.5333333333333333,0.41025641025641024,0.463768115942029,0.05333333333333334,4,0.1,0.6,0.5
R4,20,0.05,15,8,0.6521739130434783,0.38461538461538464,0.4838709677419355,0.05,4,0.1,0.7,0.5
R4,20,0.05,15,6,0.7142857142857143,0.38461538461538464,0.5,0.05,4,0.1,0.8,0.5
R4,20,0.05,15,6,0.7142857142857143,0.38461538461538464,0.5,0.05,4,0.1,0.9,0.5
R4,20,0.05,15,6,0.7142857142857143,0.38461538461538464,0.5,0.05,4,0.1,1.0,0.5
R4,20,0.05,13,13,0.5,0.3333333333333333,0.4,0.043333333333333335,4,0.0,0.5,0.55
R4,20,0.05,13,11,0.5416666666666666,0.3333333333333333,0.4126984126984126,0.043333333333333335,4,0.0,0.6,0.55
R4,20,0.05,13,5,0.7222222222222222,0.3333333333333333,0.45614035087719296,0.043333333333333335,4,0.0,0.7,0.55
R4,20,0.05,13,4,0.7647058823529411,0.3333333333333333,0.4642857142857143,0.043333333333333335,4,0.0,0.8,0.55
R4,20,0.05,13,4,0.7647058823529411,0.3333333333333333,0.4642857142857143,0.043333333333333335,4,0.0,0.9,0.55
R4,20,0.05,13,4,0.7647058823529411,0.3333333333333333,0.4642857142857143,0.043333333333333335,4,0.0,1.0,0.55
R4,20,0.05,13,13,0.5,0.3333333333333333,0.4,0.043333333333333335,4,0.05,0.5,0.55
R4,20,0.05,13,11,0.5416666666666666,0.3333333333333333,0.4126984126984126,0.043333333333333335,4,0.05,0.6,0.55
R4,20,0.05,13,5,0.7222222222222222,0.3333333333333333,0.45614035087719296,0.043333333333333335,4,0.05,0.7,0.55
R4,20,0.05,13,4,0.7647058823529411,0.3333333333333333,0.4642857142857143,0.043333333333333335,4,0.05,0.8,0.55
R4,20,0.05,13,4,0.7647058823529411,0.3333333333333333,0.4642857142857143,0.043333333333333335,4,0.05,0.9,0.55
R4,20,0.05,13,4,0.7647058823529411,0.3333333333333333,0.4642857142857143,0.043333333333333335,4,0.05,1.0,0.55
R4,20,0.05,13,13,0.5,0.3333333333333333,0.4,0.043333333333333335,4,0.1,0.5,0.55
R4,20,0.05,13,11,0.5416666666666666,0.3333333333333333,0.4126984126984126,0.043333333333333335,4,0.1,0.6,0.55
R4,20,0.05,13,5,0.7222222222222222,0.3333333333333333,0.45614035087719296,0.043333333333333335,4,0.1,0.7,0.55
R4,20,0.05,13,4,0.7647058823529411,0.3333333333333333,0.4642857142857143,0.043333333333333335,4,0.1,0.8,0.55
R4,20,0.05,13,4,0.7647058823529411,0.3333333333333333,0.4642857142857143,0.043333333333333335,4,0.1,0.9,0.55
R4,20,0.05,13,4,0.7647058823529411,0.3333333333333333,0.4642857142857143,0.043333333333333335,4,0.1,1.0,0.55
R4,20,0.05,13,10,0.5652173913043478,0.3333333333333333,0.4193548387096774,0.043333333333333335,4,0.0,0.5,0.6
R4,20,0.05,13,8,0.6190476190476191,0.3333333333333333,0.43333333333333335,0.043333333333333335,4,0.0,0.6,0.6
R4,20,0.05,13,4,0.7647058823529411,0.3333333333333333,0.4642857142857143,0.043333333333333335,4,0.0,0.7,0.6
R4,20,0.05,13,4,0.7647058823529411,0.3333333333333333,0.4642857142857143,0.043333333333333335,4,0.0,0.8,0.6
R4,20,0.05,13,4,0.7647058823529411,0.3333333333333333,0.4642857142857143,0.043333333333333335,4,0.0,0.9,0.6
R4,20,0.05,13,4,0.7647058823529411,0.3333333333333333,0.4642857142857143,0.043333333333333335,4,0.0,1.0,0.6
R4,20,0.05,13,10,0.5652173913043478,0.3333333333333333,0.4193548387096774,0.043333333333333335,4,0.05,0.5,0.6
R4,20,0.05,13,8,0.6190476190476191,0.3333333333333333,0.43333333333333335,0.043333333333333335,4,0.05,0.6,0.6
R4,20,0.05,13,4,0.7647058823529411,0.3333333333333333,0.4642857142857143,0.043333333333333335,4,0.05,0.7,0.6
R4,20,0.05,13,4,0.7647058823529411,0.3333333333333333,0.4642857142857143,0.043333333333333335,4,0.05,0.8,0.6
R4,20,0.05,13,4,0.7647058823529411,0.3333333333333333,0.4642857142857143,0.043333333333333335,4,0.05,0.9,0.6
R4,20,0.05,13,4,0.7647058823529411,0.3333333333333333,0.4642857142857143,0.043333333333333335,4,0.05,1.0,0.6
R4,20,0.05,13,10,0.5652173913043478,0.3333333333333333,0.4193548387096774,0.043333333333333335,4,0.1,0.5,0.6
R4,20,0.05,13,8,0.6190476190476191,0.3333333333333333,0.43333333333333335,0.043333333333333335,4,0.1,0.6,0.6
R4,20,0.05,13,4,0.7647058823529411,0.3333333333333333,0.4642857142857143,0.043333333333333335,4,0.1,0.7,0.6
R4,20,0.05,13,4,0.7647058823529411,0.3333333333333333,0.4642857142857143,0.043333333333333335,4,0.1,0.8,0.6
R4,20,0.05,13,4,0.7647058823529411,0.3333333333333333,0.4642857142857143,0.043333333333333335,4,0.1,0.9,0.6
R4,20,0.05,13,4,0.7647058823529411,0.3333333333333333,0.4642857142857143,0.043333333333333335,4,0.1,1.0,0.6
R4,20,0.05,12,4,0.75,0.3076923076923077,0.4363636363636364,0.04,4,0.0,0.5,0.6499999999999999
R4,20,0.05,12,2,0.8571428571428571,0.3076923076923077,0.45283018867924535,0.04,4,0.0,0.6,0.6499999999999999
R4,20,0.05,12,1,0.9230769230769231,0.3076923076923077,0.4615384615384615,0.04,4,0.0,0.7,0.6499999999999999
R4,20,0.05,12,1,0.9230769230769231,0.3076923076923077,0.4615384615384615,0.04,4,0.0,0.8,0.6499999999999999
R4,20,0.05,12,1,0.9230769230769231,0.3076923076923077,0.4615384615384615,0.04,4,0.0,0.9,0.6499999999999999
R4,20,0.05,12,1,0.9230769230769231,0.3076923076923077,0.4615384615384615,0.04,4,0.0,1.0,0.6499999999999999
R4,20,0.05,12,4,0.75,0.3076923076923077,0.4363636363636364,0.04,4,0.05,0.5,0.6499999999999999
R4,20,0.05,12,2,0.8571428571428571,0.3076923076923077,0.45283018867924535,0.04,4,0.05,0.6,0.6499999999999999
R4,20,0.05,12,1,0.9230769230769231,0.3076923076923077,0.4615384615384615,0.04,4,0.05,0.7,0.6499999999999999
R4,20,0.05,12,1,0.9230769230769231,0.3076923076923077,0.4615384615384615,0.04,4,0.05,0.8,0.6499999999999999
R4,20,0.05,12,1,0.9230769230769231,0.3076923076923077,0.4615384615384615,0.04,4,0.05,0.9,0.6499999999999999
R4,20,0.05,12,1,0.9230769230769231,0.3076923076923077,0.4615384615384615,0.04,4,0.05,1.0,0.6499999999999999
R4,20,0.05,12,4,0.75,0.3076923076923077,0.4363636363636364,0.04,4,0.1,0.5,0.6499999999999999
R4,20,0.05,12,2,0.8571428571428571,0.3076923076923077,0.45283018867924535,0.04,4,0.1,0.6,0.6499999999999999
R4,20,0.05,12,1,0.9230769230769231,0.3076923076923077,0.4615384615384615,0.04,4,0.1,0.7,0.6499999999999999
R4,20,0.05,12,1,0.9230769230769231,0.3076923076923077,0.4615384615384615,0.04,4,0.1,0.8,0.6499999999999999
R4,20,0.05,12,1,0.9230769230769231,0.3076923076923077,0.4615384615384615,0.04,4,0.1,0.9,0.6499999999999999
R4,20,0.05,12,1,0.9230769230769231,0.3076923076923077,0.4615384615384615,0.04,4,0.1,1.0,0.6499999999999999
R4,20,0.05,8,3,0.7272727272727273,0.20512820512820512,0.32,0.02666666666666667,4,0.0,0.5,0.7
R4,20,0.05,8,2,0.8,0.20512820512820512,0.326530612244898,0.02666666666666667,4,0.0,0.6,0.7
R4,20,0.05,8,1,0.8888888888888888,0.20512820512820512,0.3333333333333333,0.02666666666666667,4,0.0,0.7,0.7
R4,20,0.05,8,1,0.8888888888888888,0.20512820512820512,0.3333333333333333,0.02666666666666667,4,0.0,0.8,0.7
R4,20,0.05,8,1,0.8888888888888888,0.20512820512820512,0.3333333333333333,0.02666666666666667,4,0.0,0.9,0.7
R4,20,0.05,8,1,0.8888888888888888,0.20512820512820512,0.3333333333333333,0.02666666666666667,4,0.0,1.0,0.7
R4,20,0.05,8,3,0.7272727272727273,0.20512820512820512,0.32,0.02666666666666667,4,0.05,0.5,0.7
R4,20,0.05,8,2,0.8,0.20512820512820512,0.326530612244898,0.02666666666666667,4,0.05,0.6,0.7
R4,20,0.05,8,1,0.8888888888888888,0.20512820512820512,0.3333333333333333,0.02666666666666667,4,0.05,0.7,0.7
R4,20,0.05,8,1,0.8888888888888888,0.20512820512820512,0.3333333333333333,0.02666666666666667,4,0.05,0.8,0.7
R4,20,0.05,8,1,0.8888888888888888,0.20512820512820512,0.3333333333333333,0.02666666666666667,4,0.05,0.9,0.7
R4,20,0.05,8,1,0.8888888888888888,0.20512820512820512,0.3333333333333333,0.02666666666666667,4,0.05,1.0,0.7
R4,20,0.05,8,3,0.7272727272727273,0.20512820512820512,0.32,0.02666666666666667,4,0.1,0.5,0.7
R4,20,0.05,8,2,0.8,0.20512820512820512,0.326530612244898,0.02666666666666667,4,0.1,0.6,0.7
R4,20,0.05,8,1,0.8888888888888888,0.20512820512820512,0.3333333333333333,0.02666666666666667,4,0.1,0.7,0.7
R4,20,0.05,8,1,0.8888888888888888,0.20512820512820512,0.3333333333333333,0.02666666666666667,4,0.1,0.8,0.7
R4,20,0.05,8,1,0.8888888888888888,0.20512820512820512,0.3333333333333333,0.02666666666666667,4,0.1,0.9,0.7
R4,20,0.05,8,1,0.8888888888888888,0.20512820512820512,0.3333333333333333,0.02666666666666667,4,0.1,1.0,0.7
R4,20,0.07500000000000001,19,23,0.4523809523809524,0.48717948717948717,0.4691358024691358,0.06333333333333334,4,0.0,0.5,0.4
R4,20,0.07500000000000001,19,20,0.48717948717948717,0.48717948717948717,0.48717948717948717,0.06333333333333334,4,0.0,0.6,0.4
R4,20,0.07500000000000001,18,12,0.6,0.46153846153846156,0.5217391304347826,0.06,4,0.0,0.7,0.4
R4,20,0.07500000000000001,18,9,0.6666666666666666,0.46153846153846156,0.5454545454545455,0.06,4,0.0,0.8,0.4
R4,20,0.07500000000000001,18,9,0.6666666666666666,0.46153846153846156,0.5454545454545455,0.06,4,0.0,0.9,0.4
R4,20,0.07500000000000001,18,9,0.6666666666666666,0.46153846153846156,0.5454545454545455,0.06,4,0.0,1.0,0.4
R4,20,0.07500000000000001,19,23,0.4523809523809524,0.48717948717948717,0.4691358024691358,0.06333333333333334,4,0.05,0.5,0.4
R4,20,0.07500000000000001,19,20,0.48717948717948717,0.48717948717948717,0.48717948717948717,0.06333333333333334,4,0.05,0.6,0.4
R4,20,0.07500000000000001,18,12,0.6,0.46153846153846156,0.5217391304347826,0.06,4,0.05,0.7,0.4
R4,20,0.07500000000000001,18,9,0.6666666666666666,0.46153846153846156,0.5454545454545455,0.06,4,0.05,0.8,0.4
R4,20,0.07500000000000001,18,9,0.6666666666666666,0.46153846153846156,0.5454545454545455,0.06,4,0.05,0.9,0.4
R4,20,0.07500000000000001,18,9,0.6666666666666666,0.46153846153846156,0.5454545454545455,0.06,4,0.05,1.0,0.4
R4,20,0.07500000000000001,19,23,0.4523809523809524,0.48717948717948717,0.4691358024691358,0.06333333333333334,4,0.1,0.5,0.4
R4,20,0.07500000000000001,19,20,0.48717948717948717,0.48717948717948717,0.48717948717948717,0.06333333333333334,4,0.1,0.6,0.4
R4,20,0.07500000000000001,18,12,0.6,0.46153846153846156,0.5217391304347826,0.06,4,0.1,0.7,0.4
R4,20,0.07500000000000001,18,9,0.6666666666666666,0.46153846153846156,0.5454545454545455,0.06,4,0.1,0.8,0.4
R4,20,0.07500000000000001,18,9,0.6666666666666666,0.46153846153846156,0.5454545454545455,0.06,4,0.1,0.9,0.4
R4,20,0.07500000000000001,18,9,0.6666666666666666,0.46153846153846156,0.5454545454545455,0.06,4,0.1,1.0,0.4
R4,20,0.07500000000000001,18,21,0.46153846153846156,0.46153846153846156,0.46153846153846156,0.06,4,0.0,0.5,0.45
R4,20,0.07500000000000001,18,18,0.5,0.46153846153846156,0.48000000000000004,0.06,4,0.0,0.6,0.45
R4,20,0.07500000000000001,17,11,0.6071428571428571,0.4358974358974359,0.5074626865671643,0.056666666666666664,4,0.0,0.7,0.45
R4,20,0.07500000000000001,17,8,0.68,0.4358974358974359,0.53125,0.056666666666666664,4,0.0,0.8,0.45
R4,20,0.07500000000000001,17,8,0.68,0.4358974358974359,0.53125,0.056666666666666664,4,0.0,0.9,0.45
R4,20,0.07500000000000001,17,8,0.68,0.4358974358974359,0.53125,0.056666666666666664,4,0.0,1.0,0.45
R4,20,0.07500000000000001,18,21,0.46153846153846156,0.46153846153846156,0.46153846153846156,0.06,4,0.05,0.5,0.45
R4,20,0.07500000000000001,18,18,0.5,0.46153846153846156,0.48000000000000004,0.06,4,0.05,0.6,0.45
R4,20,0.07500000000000001,17,11,0.6071428571428571,0.4358974358974359,0.5074626865671643,0.056666666666666664,4,0.05,0.7,0.45
R4,20,0.07500000000000001,17,8,0.68,0.4358974358974359,0.53125,0.056666666666666664,4,0.05,0.8,0.45
R4,20,0.07500000000000001,17,8,0.68,0.4358974358974359,0.53125,0.056666666666666664,4,0.05,0.9,0.45
R4,20,0.07500000000000001,17,8,0.68,0.4358974358974359,0.53125,0.056666666666666664,4,0.05,1.0,0.45
R4,20,0.07500000000000001,18,21,0.46153846153846156,0.46153846153846156,0.46153846153846156,0.06,4,0.1,0.5,0.45
R4,20,0.07500000000000001,18,18,0.5,0.46153846153846156,0.48000000000000004,0.06,4,0.1,0.6,0.45
R4,20,0.07500000000000001,17,11,0.6071428571428571,0.4358974358974359,0.5074626865671643,0.056666666666666664,4,0.1,0.7,0.45
R4,20,0.07500000000000001,17,8,0.68,0.4358974358974359,0.53125,0.056666666666666664,4,0.1,0.8,0.45
R4,20,0.07500000000000001,17,8,0.68,0.4358974358974359,0.53125,0.056666666666666664,4,0.1,0.9,0.45
R4,20,0.07500000000000001,17,8,0.68,0.4358974358974359,0.53125,0.056666666666666664,4,0.1,1.0,0.45
R4,20,0.07500000000000001,17,17,0.5,0.4358974358974359,0.4657534246575343,0.056666666666666664,4,0.0,0.5,0.5
R4,20,0.07500000000000001,17,15,0.53125,0.4358974358974359,0.47887323943661975,0.056666666666666664,4,0.0,0.6,0.5
R4,20,0.07500000000000001,16,9,0.64,0.41025641025641024,0.5,0.05333333333333334,4,0.0,0.7,0.5
R4,20,0.07500000000000001,16,7,0.6956521739130435,0.41025641025641024,0.5161290322580646,0.05333333333333334,4,0.0,0.8,0.5
R4,20,0.07500000000000001,16,7,0.6956521739130435,0.41025641025641024,0.5161290322580646,0.05333333333333334,4,0.0,0.9,0.5
R4,20,0.07500000000000001,16,7,0.6956521739130435,0.41025641025641024,0.5161290322580646,0.05333333333333334,4,0.0,1.0,0.5
R4,20,0.07500000000000001,17,17,0.5,0.4358974358974359,0.4657534246575343,0.056666666666666664,4,0.05,0.5,0.5
R4,20,0.07500000000000001,17,15,0.53125,0.4358974358974359,0.47887323943661975,0.056666666666666664,4,0.05,0.6,0.5
R4,20,0.07500000000000001,16,9,0.64,0.41025641025641024,0.5,0.05333333333333334,4,0.05,0.7,0.5
R4,20,0.07500000000000001,16,7,0.6956521739130435,0.41025641025641024,0.5161290322580646,0.05333333333333334,4,0.05,0.8,0.5
R4,20,0.07500000000000001,16,7,0.6956521739130435,0.41025641025641024,0.5161290322580646,0.05333333333333334,4,0.05,0.9,0.5
R4,20,0.07500000000000001,16,7,0.6956521739130435,0.41025641025641024,0.5161290322580646,0.05333333333333334,4,0.05,1.0,0.5
R4,20,0.07500000000000001,17,17,0.5,0.4358974358974359,0.4657534246575343,0.056666666666666664,4,0.1,0.5,0.5
R4,20,0.07500000000000001,17,15,0.53125,0.4358974358974359,0.47887323943661975,0.056666666666666664,4,0.1,0.6,0.5
R4,20,0.07500000000000001,16,9,0.64,0.41025641025641024,0.5,0.05333333333333334,4,0.1,0.7,0.5
R4,20,0.07500000000000001,16,7,0.6956521739130435,0.41025641025641024,0.5161290322580646,0.05333333333333334,4,0.1,0.8,0.5
R4,20,0.07500000000000001,16,7,0.6956521739130435,0.41025641025641024,0.5161290322580646,0.05333333333333334,4,0.1,0.9,0.5
R4,20,0.07500000000000001,16,7,0.6956521739130435,0.41025641025641024,0.5161290322580646,0.05333333333333334,4,0.1,1.0,0.5
R4,20,0.07500000000000001,14,14,0.5,0.358974358974359,0.417910447761194,0.04666666666666667,4,0.0,0.5,0.55
R4,20,0.07500000000000001,14,12,0.5384615384615384,0.358974358974359,0.4307692307692308,0.04666666666666667,4,0.0,0.6,0.55
R4,20,0.07500000000000001,14,6,0.7,0.358974358974359,0.4745762711864407,0.04666666666666667,4,0.0,0.7,0.55
R4,20,0.07500000000000001,14,5,0.7368421052631579,0.358974358974359,0.4827586206896552,0.04666666666666667,4,0.0,0.8,0.55
R4,20,0.07500000000000001,14,5,0.7368421052631579,0.358974358974359,0.4827586206896552,0.04666666666666667,4,0.0,0.9,0.55
R4,20,0.07500000000000001,14,5,0.7368421052631579,0.358974358974359,0.4827586206896552,0.04666666666666667,4,0.0,1.0,0.55
R4,20,0.07500000000000001,14,14,0.5,0.358974358974359,0.417910447761194,0.04666666666666667,4,0.05,0.5,0.55
R4,20,0.07500000000000001,14,12,0.5384615384615384,0.358974358974359,0.4307692307692308,0.04666666666666667,4,0.05,0.6,0.55
R4,20,0.07500000000000001,14,6,0.7,0.358974358974359,0.4745762711864407,0.04666666666666667,4,0.05,0.7,0.55
R4,20,0.07500000000000001,14,5,0.7368421052631579,0.358974358974359,0.4827586206896552,0.04666666666666667,4,0.05,0.8,0.55
R4,20,0.07500000000000001,14,5,0.7368421052631579,0.358974358974359,0.4827586206896552,0.04666666666666667,4,0.05,0.9,0.55
R4,20,0.07500000000000001,14,5,0.7368421052631579,0.358974358974359,0.4827586206896552,0.04666666666666667,4,0.05,1.0,0.55
R4,20,0.07500000000000001,14,14,0.5,0.358974358974359,0.417910447761194,0.04666666666666667,4,0.1,0.5,0.55
R4,20,0.07500000000000001,14,12,0.5384615384615384,0.358974358974359,0.4307692307692308,0.04666666666666667,4,0.1,0.6,0.55
R4,20,0.07500000000000001,14,6,0.7,0.358974358974359,0.4745762711864407,0.04666666666666667,4,0.1,0.7,0.55
R4,20,0.07500000000000001,14,5,0.7368421052631579,0.358974358974359,0.4827586206896552,0.04666666666666667,4,0.1,0.8,0.55
R4,20,0.07500000000000001,14,5,0.7368421052631579,0.358974358974359,0.4827586206896552,0.04666666666666667,4,0.1,0.9,0.55
R4,20,0.07500000000000001,14,5,0.7368421052631579,0.358974358974359,0.4827586206896552,0.04666666666666667,4,0.1,1.0,0.55
R4,20,0.07500000000000001,14,11,0.56,0.358974358974359,0.4375,0.04666666666666667,4,0.0,0.5,0.6
R4,20,0.07500000000000001,14,9,0.6086956521739131,0.358974358974359,0.45161290322580644,0.04666666666666667,4,0.0,0.6,0.6
R4,20,0.07500000000000001,14,5,0.7368421052631579,0.358974358974359,0.4827586206896552,0.04666666666666667,4,0.0,0.7,0.6
R4,20,0.07500000000000001,14,5,0.7368421052631579,0.358974358974359,0.4827586206896552,0.04666666666666667,4,0.0,0.8,0.6
R4,20,0.07500000000000001,14,5,0.7368421052631579,0.358974358974359,0.4827586206896552,0.04666666666666667,4,0.0,0.9,0.6
R4,20,0.07500000000000001,14,5,0.7368421052631579,0.358974358974359,0.4827586206896552,0.04666666666666667,4,0.0,1.0,0.6
R4,20,0.07500000000000001,14,11,0.56,0.358974358974359,0.4375,0.04666666666666667,4,0.05,0.5,0.6
R4,20,0.07500000000000001,14,9,0.6086956521739131,0.358974358974359,0.45161290322580644,0.04666666666666667,4,0.05,0.6,0.6
R4,20,0.07500000000000001,14,5,0.7368421052631579,0.358974358974359,0.4827586206896552,0.04666666666666667,4,0.05,0.7,0.6
R4,20,0.07500000000000001,14,5,0.7368421052631579,0.358974358974359,0.4827586206896552,0.04666666666666667,4,0.05,0.8,0.6
R4,20,0.07500000000000001,14,5,0.7368421052631579,0.358974358974359,0.4827586206896552,0.04666666666666667,4,0.05,0.9,0.6
R4,20,0.07500000000000001,14,5,0.7368421052631579,0.358974358974359,0.4827586206896552,0.04666666666666667,4,0.05,1.0,0.6
R4,20,0.07500000000000001,14,11,0.56,0.358974358974359,0.4375,0.04666666666666667,4,0.1,0.5,0.6
R4,20,0.07500000000000001,14,9,0.6086956521739131,0.358974358974359,0.45161290322580644,0.04666666666666667,4,0.1,0.6,0.6
R4,20,0.07500000000000001,14,5,0.7368421052631579,0.358974358974359,0.4827586206896552,0.04666666666666667,4,0.1,0.7,0.6
R4,20,0.07500000000000001,14,5,0.7368421052631579,0.358974358974359,0.4827586206896552,0.04666666666666667,4,0.1,0.8,0.6
R4,20,0.07500000000000001,14,5,0.7368421052631579,0.358974358974359,0.4827586206896552,0.04666666666666667,4,0.1,0.9,0.6
R4,20,0.07500000000000001,14,5,0.7368421052631579,0.358974358974359,0.4827586206896552,0.04666666666666667,4,0.1,1.0,0.6
R4,20,0.07500000000000001,13,5,0.7222222222222222,0.3333333333333333,0.45614035087719296,0.043333333333333335,4,0.0,0.5,0.6499999999999999
R4,20,0.07500000000000001,13,3,0.8125,0.3333333333333333,0.4727272727272727,0.043333333333333335,4,0.0,0.6,0.6499999999999999
R4,20,0.07500000000000001,13,2,0.8666666666666667,0.3333333333333333,0.48148148148148145,0.043333333333333335,4,0.0,0.7,0.6499999999999999
R4,20,0.07500000000000001,13,2,0.8666666666666667,0.3333333333333333,0.48148148148148145,0.043333333333333335,4,0.0,0.8,0.6499999999999999
R4,20,0.07500000000000001,13,2,0.8666666666666667,0.3333333333333333,0.48148148148148145,0.043333333333333335,4,0.0,0.9,0.6499999999999999
R4,20,0.07500000000000001,13,2,0.8666666666666667,0.3333333333333333,0.48148148148148145,0.043333333333333335,4,0.0,1.0,0.6499999999999999
R4,20,0.07500000000000001,13,5,0.7222222222222222,0.3333333333333333,0.45614035087719296,0.043333333333333335,4,0.05,0.5,0.6499999999999999
R4,20,0.07500000000000001,13,3,0.8125,0.3333333333333333,0.4727272727272727,0.043333333333333335,4,0.05,0.6,0.6499999999999999
R4,20,0.07500000000000001,13,2,0.8666666666666667,0.3333333333333333,0.48148148148148145,0.043333333333333335,4,0.05,0.7,0.6499999999999999
R4,20,0.07500000000000001,13,2,0.8666666666666667,0.3333333333333333,0.48148148148148145,0.043333333333333335,4,0.05,0.8,0.6499999999999999
R4,20,0.07500000000000001,13,2,0.8666666666666667,0.3333333333333333,0.48148148148148145,0.043333333333333335,4,0.05,0.9,0.6499999999999999
R4,20,0.07500000000000001,13,2,0.8666666666666667,0.3333333333333333,0.48148148148148145,0.043333333333333335,4,0.05,1.0,0.6499999999999999
R4,20,0.07500000000000001,13,5,0.7222222222222222,0.3333333333333333,0.45614035087719296,0.043333333333333335,4,0.1,0.5,0.6499999999999999
R4,20,0.07500000000000001,13,3,0.8125,0.3333333333333333,0.4727272727272727,0.043333333333333335,4,0.1,0.6,0.6499999999999999
R4,20,0.07500000000000001,13,2,0.8666666666666667,0.3333333333333333,0.48148148148148145,0.043333333333333335,4,0.1,0.7,0.6499999999999999
R4,20,0.07500000000000001,13,2,0.8666666666666667,0.3333333333333333,0.48148148148148145,0.043333333333333335,4,0.1,0.8,0.6499999999999999
R4,20,0.07500000000000001,13,2,0.8666666666666667,0.3333333333333333,0.48148148148148145,0.043333333333333335,4,0.1,0.9,0.6499999999999999
R4,20,0.07500000000000001,13,2,0.8666666666666667,0.3333333333333333,0.48148148148148145,0.043333333333333335,4,0.1,1.0,0.6499999999999999
R4,20,0.07500000000000001,9,4,0.6923076923076923,0.23076923076923078,0.34615384615384615,0.03,4,0.0,0.5,0.7
R4,20,0.07500000000000001,9,3,0.75,0.23076923076923078,0.3529411764705882,0.03,4,0.0,0.6,0.7
R4,20,0.07500000000000001,9,2,0.8181818181818182,0.23076923076923078,0.36000000000000004,0.03,4,0.0,0.7,0.7
R4,20,0.07500000000000001,9,2,0.8181818181818182,0.23076923076923078,0.36000000000000004,0.03,4,0.0,0.8,0.7
R4,20,0.07500000000000001,9,2,0.8181818181818182,0.23076923076923078,0.36000000000000004,0.03,4,0.0,0.9,0.7
R4,20,0.07500000000000001,9,2,0.8181818181818182,0.23076923076923078,0.36000000000000004,0.03,4,0.0,1.0,0.7
R4,20,0.07500000000000001,9,4,0.6923076923076923,0.23076923076923078,0.34615384615384615,0.03,4,0.05,0.5,0.7
R4,20,0.07500000000000001,9,3,0.75,0.23076923076923078,0.3529411764705882,0.03,4,0.05,0.6,0.7
R4,20,0.07500000000000001,9,2,0.8181818181818182,0.23076923076923078,0.36000000000000004,0.03,4,0.05,0.7,0.7
R4,20,0.07500000000000001,9,2,0.8181818181818182,0.23076923076923078,0.36000000000000004,0.03,4,0.05,0.8,0.7
R4,20,0.07500000000000001,9,2,0.8181818181818182,0.23076923076923078,0.36000000000000004,0.03,4,0.05,0.9,0.7
R4,20,0.07500000000000001,9,2,0.8181818181818182,0.23076923076923078,0.36000000000000004,0.03,4,0.05,1.0,0.7
R4,20,0.07500000000000001,9,4,0.6923076923076923,0.23076923076923078,0.34615384615384615,0.03,4,0.1,0.5,0.7
R4,20,0.07500000000000001,9,3,0.75,0.23076923076923078,0.3529411764705882,0.03,4,0.1,0.6,0.7
R4,20,0.07500000000000001,9,2,0.8181818181818182,0.23076923076923078,0.36000000000000004,0.03,4,0.1,0.7,0.7
R4,20,0.07500000000000001,9,2,0.8181818181818182,0.23076923076923078,0.36000000000000004,0.03,4,0.1,0.8,0.7
R4,20,0.07500000000000001,9,2,0.8181818181818182,0.23076923076923078,0.36000000000000004,0.03,4,0.1,0.9,0.7
R4,20,0.07500000000000001,9,2,0.8181818181818182,0.23076923076923078,0.36000000000000004,0.03,4,0.1,1.0,0.7
R4,20,0.1,19,23,0.4523809523809524,0.48717948717948717,0.4691358024691358,0.06333333333333334,4,0.0,0.5,0.4
R4,20,0.1,19,20,0.48717948717948717,0.48717948717948717,0.48717948717948717,0.06333333333333334,4,0.0,0.6,0.4
R4,20,0.1,18,12,0.6,0.46153846153846156,0.5217391304347826,0.06,4,0.0,0.7,0.4
R4,20,0.1,18,9,0.6666666666666666,0.46153846153846156,0.5454545454545455,0.06,4,0.0,0.8,0.4
R4,20,0.1,18,9,0.6666666666666666,0.46153846153846156,0.5454545454545455,0.06,4,0.0,0.9,0.4
R4,20,0.1,18,9,0.6666666666666666,0.46153846153846156,0.5454545454545455,0.06,4,0.0,1.0,0.4
R4,20,0.1,19,23,0.4523809523809524,0.48717948717948717,0.4691358024691358,0.06333333333333334,4,0.05,0.5,0.4
R4,20,0.1,19,20,0.48717948717948717,0.48717948717948717,0.48717948717948717,0.06333333333333334,4,0.05,0.6,0.4
R4,20,0.1,18,12,0.6,0.46153846153846156,0.5217391304347826,0.06,4,0.05,0.7,0.4
R4,20,0.1,18,9,0.6666666666666666,0.46153846153846156,0.5454545454545455,0.06,4,0.05,0.8,0.4
R4,20,0.1,18,9,0.6666666666666666,0.46153846153846156,0.5454545454545455,0.06,4,0.05,0.9,0.4
R4,20,0.1,18,9,0.6666666666666666,0.46153846153846156,0.5454545454545455,0.06,4,0.05,1.0,0.4
R4,20,0.1,19,23,0.4523809523809524,0.48717948717948717,0.4691358024691358,0.06333333333333334,4,0.1,0.5,0.4
R4,20,0.1,19,20,0.48717948717948717,0.48717948717948717,0.48717948717948717,0.06333333333333334,4,0.1,0.6,0.4
R4,20,0.1,18,12,0.6,0.46153846153846156,0.5217391304347826,0.06,4,0.1,0.7,0.4
R4,20,0.1,18,9,0.6666666666666666,0.46153846153846156,0.5454545454545455,0.06,4,0.1,0.8,0.4
R4,20,0.1,18,9,0.6666666666666666,0.46153846153846156,0.5454545454545455,0.06,4,0.1,0.9,0.4
R4,20,0.1,18,9,0.6666666666666666,0.46153846153846156,0.5454545454545455,0.06,4,0.1,1.0,0.4
R4,20,0.1,18,21,0.46153846153846156,0.46153846153846156,0.46153846153846156,0.06,4,0.0,0.5,0.45
R4,20,0.1,18,18,0.5,0.46153846153846156,0.48000000000000004,0.06,4,0.0,0.6,0.45
R4,20,0.1,17,11,0.6071428571428571,0.4358974358974359,0.5074626865671643,0.056666666666666664,4,0.0,0.7,0.45
R4,20,0.1,17,8,0.68,0.4358974358974359,0.53125,0.056666666666666664,4,0.0,0.8,0.45
R4,20,0.1,17,8,0.68,0.4358974358974359,0.53125,0.056666666666666664,4,0.0,0.9,0.45
R4,20,0.1,17,8,0.68,0.4358974358974359,0.53125,0.056666666666666664,4,0.0,1.0,0.45
R4,20,0.1,18,21,0.46153846153846156,0.46153846153846156,0.46153846153846156,0.06,4,0.05,0.5,0.45
R4,20,0.1,18,18,0.5,0.46153846153846156,0.48000000000000004,0.06,4,0.05,0.6,0.45
R4,20,0.1,17,11,0.6071428571428571,0.4358974358974359,0.5074626865671643,0.056666666666666664,4,0.05,0.7,0.45
R4,20,0.1,17,8,0.68,0.4358974358974359,0.53125,0.056666666666666664,4,0.05,0.8,0.45
R4,20,0.1,17,8,0.68,0.4358974358974359,0.53125,0.056666666666666664,4,0.05,0.9,0.45
R4,20,0.1,17,8,0.68,0.4358974358974359,0.53125,0.056666666666666664,4,0.05,1.0,0.45
R4,20,0.1,18,21,0.46153846153846156,0.46153846153846156,0.46153846153846156,0.06,4,0.1,0.5,0.45
R4,20,0.1,18,18,0.5,0.46153846153846156,0.48000000000000004,0.06,4,0.1,0.6,0.45
R4,20,0.1,17,11,0.6071428571428571,0.4358974358974359,0.5074626865671643,0.056666666666666664,4,0.1,0.7,0.45
R4,20,0.1,17,8,0.68,0.4358974358974359,0.53125,0.056666666666666664,4,0.1,0.8,0.45
R4,20,0.1,17,8,0.68,0.4358974358974359,0.53125,0.056666666666666664,4,0.1,0.9,0.45
R4,20,0.1,17,8,0.68,0.4358974358974359,0.53125,0.056666666666666664,4,0.1,1.0,0.45
R4,20,0.1,17,17,0.5,0.4358974358974359,0.4657534246575343,0.056666666666666664,4,0.0,0.5,0.5
R4,20,0.1,17,15,0.53125,0.4358974358974359,0.47887323943661975,0.056666666666666664,4,0.0,0.6,0.5
R4,20,0.1,16,9,0.64,0.41025641025641024,0.5,0.05333333333333334,4,0.0,0.7,0.5
R4,20,0.1,16,7,0.6956521739130435,0.41025641025641024,0.5161290322580646,0.05333333333333334,4,0.0,0.8,0.5
R4,20,0.1,16,7,0.6956521739130435,0.41025641025641024,0.5161290322580646,0.05333333333333334,4,0.0,0.9,0.5
R4,20,0.1,16,7,0.6956521739130435,0.41025641025641024,0.5161290322580646,0.05333333333333334,4,0.0,1.0,0.5
R4,20,0.1,17,17,0.5,0.4358974358974359,0.4657534246575343,0.056666666666666664,4,0.05,0.5,0.5
R4,20,0.1,17,15,0.53125,0.4358974358974359,0.47887323943661975,0.056666666666666664,4,0.05,0.6,0.5
R4,20,0.1,16,9,0.64,0.41025641025641024,0.5,0.05333333333333334,4,0.05,0.7,0.5
R4,20,0.1,16,7,0.6956521739130435,0.41025641025641024,0.5161290322580646,0.05333333333333334,4,0.05,0.8,0.5
R4,20,0.1,16,7,0.6956521739130435,0.41025641025641024,0.5161290322580646,0.05333333333333334,4,0.05,0.9,0.5
R4,20,0.1,16,7,0.6956521739130435,0.41025641025641024,0.5161290322580646,0.05333333333333334,4,0.05,1.0,0.5
R4,20,0.1,17,17,0.5,0.4358974358974359,0.4657534246575343,0.056666666666666664,4,0.1,0.5,0.5
R4,20,0.1,17,15,0.53125,0.4358974358974359,0.47887323943661975,0.056666666666666664,4,0.1,0.6,0.5
R4,20,0.1,16,9,0.64,0.41025641025641024,0.5,0.05333333333333334,4,0.1,0.7,0.5
R4,20,0.1,16,7,0.6956521739130435,0.41025641025641024,0.5161290322580646,0.05333333333333334,4,0.1,0.8,0.5
R4,20,0.1,16,7,0.6956521739130435,0.41025641025641024,0.5161290322580646,0.05333333333333334,4,0.1,0.9,0.5
R4,20,0.1,16,7,0.6956521739130435,0.41025641025641024,0.5161290322580646,0.05333333333333334,4,0.1,1.0,0.5
R4,20,0.1,14,14,0.5,0.358974358974359,0.417910447761194,0.04666666666666667,4,0.0,0.5,0.55
R4,20,0.1,14,12,0.5384615384615384,0.358974358974359,0.4307692307692308,0.04666666666666667,4,0.0,0.6,0.55
R4,20,0.1,14,6,0.7,0.358974358974359,0.4745762711864407,0.04666666666666667,4,0.0,0.7,0.55
R4,20,0.1,14,5,0.7368421052631579,0.358974358974359,0.4827586206896552,0.04666666666666667,4,0.0,0.8,0.55
R4,20,0.1,14,5,0.7368421052631579,0.358974358974359,0.4827586206896552,0.04666666666666667,4,0.0,0.9,0.55
R4,20,0.1,14,5,0.7368421052631579,0.358974358974359,0.4827586206896552,0.04666666666666667,4,0.0,1.0,0.55
R4,20,0.1,14,14,0.5,0.358974358974359,0.417910447761194,0.04666666666666667,4,0.05,0.5,0.55
R4,20,0.1,14,12,0.5384615384615384,0.358974358974359,0.4307692307692308,0.04666666666666667,4,0.05,0.6,0.55
R4,20,0.1,14,6,0.7,0.358974358974359,0.4745762711864407,0.04666666666666667,4,0.05,0.7,0.55
R4,20,0.1,14,5,0.7368421052631579,0.358974358974359,0.4827586206896552,0.04666666666666667,4,0.05,0.8,0.55
R4,20,0.1,14,5,0.7368421052631579,0.358974358974359,0.4827586206896552,0.04666666666666667,4,0.05,0.9,0.55
R4,20,0.1,14,5,0.7368421052631579,0.358974358974359,0.4827586206896552,0.04666666666666667,4,0.05,1.0,0.55
R4,20,0.1,14,14,0.5,0.358974358974359,0.417910447761194,0.04666666666666667,4,0.1,0.5,0.55
R4,20,0.1,14,12,0.5384615384615384,0.358974358974359,0.4307692307692308,0.04666666666666667,4,0.1,0.6,0.55
R4,20,0.1,14,6,0.7,0.358974358974359,0.4745762711864407,0.04666666666666667,4,0.1,0.7,0.55
R4,20,0.1,14,5,0.7368421052631579,0.358974358974359,0.4827586206896552,0.04666666666666667,4,0.1,0.8,0.55
R4,20,0.1,14,5,0.7368421052631579,0.358974358974359,0.4827586206896552,0.04666666666666667,4,0.1,0.9,0.55
R4,20,0.1,14,5,0.7368421052631579,0.358974358974359,0.4827586206896552,0.04666666666666667,4,0.1,1.0,0.55
R4,20,0.1,14,11,0.56,0.358974358974359,0.4375,0.04666666666666667,4,0.0,0.5,0.6
R4,20,0.1,14,9,0.6086956521739131,0.358974358974359,0.45161290322580644,0.04666666666666667,4,0.0,0.6,0.6
R4,20,0.1,14,5,0.7368421052631579,0.358974358974359,0.4827586206896552,0.04666666666666667,4,0.0,0.7,0.6
R4,20,0.1,14,5,0.7368421052631579,0.358974358974359,0.4827586206896552,0.04666666666666667,4,0.0,0.8,0.6
R4,20,0.1,14,5,0.7368421052631579,0.358974358974359,0.4827586206896552,0.04666666666666667,4,0.0,0.9,0.6
R4,20,0.1,14,5,0.7368421052631579,0.358974358974359,0.4827586206896552,0.04666666666666667,4,0.0,1.0,0.6
R4,20,0.1,14,11,0.56,0.358974358974359,0.4375,0.04666666666666667,4,0.05,0.5,0.6
R4,20,0.1,14,9,0.6086956521739131,0.358974358974359,0.45161290322580644,0.04666666666666667,4,0.05,0.6,0.6
R4,20,0.1,14,5,0.7368421052631579,0.358974358974359,0.4827586206896552,0.04666666666666667,4,0.05,0.7,0.6
R4,20,0.1,14,5,0.7368421052631579,0.358974358974359,0.4827586206896552,0.04666666666666667,4,0.05,0.8,0.6
R4,20,0.1,14,5,0.7368421052631579,0.358974358974359,0.4827586206896552,0.04666666666666667,4,0.05,0.9,0.6
R4,20,0.1,14,5,0.7368421052631579,0.358974358974359,0.4827586206896552,0.04666666666666667,4,0.05,1.0,0.6
R4,20,0.1,14,11,0.56,0.358974358974359,0.4375,0.04666666666666667,4,0.1,0.5,0.6
R4,20,0.1,14,9,0.6086956521739131,0.358974358974359,0.45161290322580644,0.04666666666666667,4,0.1,0.6,0.6
R4,20,0.1,14,5,0.7368421052631579,0.358974358974359,0.4827586206896552,0.04666666666666667,4,0.1,0.7,0.6
R4,20,0.1,14,5,0.7368421052631579,0.358974358974359,0.4827586206896552,0.04666666666666667,4,0.1,0.8,0.6
R4,20,0.1,14,5,0.7368421052631579,0.358974358974359,0.4827586206896552,0.04666666666666667,4,0.1,0.9,0.6
R4,20,0.1,14,5,0.7368421052631579,0.358974358974359,0.4827586206896552,0.04666666666666667,4,0.1,1.0,0.6
R4,20,0.1,13,5,0.7222222222222222,0.3333333333333333,0.45614035087719296,0.043333333333333335,4,0.0,0.5,0.6499999999999999
R4,20,0.1,13,3,0.8125,0.3333333333333333,0.4727272727272727,0.043333333333333335,4,0.0,0.6,0.6499999999999999
R4,20,0.1,13,2,0.8666666666666667,0.3333333333333333,0.48148148148148145,0.043333333333333335,4,0.0,0.7,0.6499999999999999
R4,20,0.1,13,2,0.8666666666666667,0.3333333333333333,0.48148148148148145,0.043333333333333335,4,0.0,0.8,0.6499999999999999
R4,20,0.1,13,2,0.8666666666666667,0.3333333333333333,0.48148148148148145,0.043333333333333335,4,0.0,0.9,0.6499999999999999
R4,20,0.1,13,2,0.8666666666666667,0.3333333333333333,0.48148148148148145,0.043333333333333335,4,0.0,1.0,0.6499999999999999
R4,20,0.1,13,5,0.7222222222222222,0.3333333333333333,0.45614035087719296,0.043333333333333335,4,0.05,0.5,0.6499999999999999
R4,20,0.1,13,3,0.8125,0.3333333333333333,0.4727272727272727,0.043333333333333335,4,0.05,0.6,0.6499999999999999
R4,20,0.1,13,2,0.8666666666666667,0.3333333333333333,0.48148148148148145,0.043333333333333335,4,0.05,0.7,0.6499999999999999
R4,20,0.1,13,2,0.8666666666666667,0.3333333333333333,0.48148148148148145,0.043333333333333335,4,0.05,0.8,0.6499999999999999
R4,20,0.1,13,2,0.8666666666666667,0.3333333333333333,0.48148148148148145,0.043333333333333335,4,0.05,0.9,0.6499999999999999
R4,20,0.1,13,2,0.8666666666666667,0.3333333333333333,0.48148148148148145,0.043333333333333335,4,0.05,1.0,0.6499999999999999
R4,20,0.1,13,5,0.7222222222222222,0.3333333333333333,0.45614035087719296,0.043333333333333335,4,0.1,0.5,0.6499999999999999
R4,20,0.1,13,3,0.8125,0.3333333333333333,0.4727272727272727,0.043333333333333335,4,0.1,0.6,0.6499999999999999
R4,20,0.1,13,2,0.8666666666666667,0.3333333333333333,0.48148148148148145,0.043333333333333335,4,0.1,0.7,0.6499999999999999
R4,20,0.1,13,2,0.8666666666666667,0.3333333333333333,0.48148148148148145,0.043333333333333335,4,0.1,0.8,0.6499999999999999
R4,20,0.1,13,2,0.8666666666666667,0.3333333333333333,0.48148148148148145,0.043333333333333335,4,0.1,0.9,0.6499999999999999
R4,20,0.1,13,2,0.8666666666666667,0.3333333333333333,0.48148148148148145,0.043333333333333335,4,0.1,1.0,0.6499999999999999
R4,20,0.1,9,4,0.6923076923076923,0.23076923076923078,0.34615384615384615,0.03,4,0.0,0.5,0.7
R4,20,0.1,9,3,0.75,0.23076923076923078,0.3529411764705882,0.03,4,0.0,0.6,0.7
R4,20,0.1,9,2,0.8181818181818182,0.23076923076923078,0.36000000000000004,0.03,4,0.0,0.7,0.7
R4,20,0.1,9,2,0.8181818181818182,0.23076923076923078,0.36000000000000004,0.03,4,0.0,0.8,0.7
R4,20,0.1,9,2,0.8181818181818182,0.23076923076923078,0.36000000000000004,0.03,4,0.0,0.9,0.7
R4,20,0.1,9,2,0.8181818181818182,0.23076923076923078,0.36000000000000004,0.03,4,0.0,1.0,0.7
R4,20,0.1,9,4,0.6923076923076923,0.23076923076923078,0.34615384615384615,0.03,4,0.05,0.5,0.7
R4,20,0.1,9,3,0.75,0.23076923076923078,0.3529411764705882,0.03,4,0.05,0.6,0.7
R4,20,0.1,9,2,0.8181818181818182,0.23076923076923078,0.36000000000000004,0.03,4,0.05,0.7,0.7
R4,20,0.1,9,2,0.8181818181818182,0.23076923076923078,0.36000000000000004,0.03,4,0.05,0.8,0.7
R4,20,0.1,9,2,0.8181818181818182,0.23076923076923078,0.36000000000000004,0.03,4,0.05,0.9,0.7
R4,20,0.1,9,2,0.8181818181818182,0.23076923076923078,0.36000000000000004,0.03,4,0.05,1.0,0.7
R4,20,0.1,9,4,0.6923076923076923,0.23076923076923078,0.34615384615384615,0.03,4,0.1,0.5,0.7
R4,20,0.1,9,3,0.75,0.23076923076923078,0.3529411764705882,0.03,4,0.1,0.6,0.7
R4,20,0.1,9,2,0.8181818181818182,0.23076923076923078,0.36000000000000004,0.03,4,0.1,0.7,0.7
R4,20,0.1,9,2,0.8181818181818182,0.23076923076923078,0.36000000000000004,0.03,4,0.1,0.8,0.7
R4,20,0.1,9,2,0.8181818181818182,0.23076923076923078,0.36000000000000004,0.03,4,0.1,0.9,0.7
R4,20,0.1,9,2,0.8181818181818182,0.23076923076923078,0.36000000000000004,0.03,4,0.1,1.0,0.7
R4,20,0.125,19,24,0.4418604651162791,0.48717948717948717,0.46341463414634154,0.06333333333333334,4,0.0,0.5,0.4
R4,20,0.125,19,21,0.475,0.48717948717948717,0.4810126582278481,0.06333333333333334,4,0.0,0.6,0.4
R4,20,0.125,18,13,0.5806451612903226,0.46153846153846156,0.5142857142857143,0.06,4,0.0,0.7,0.4
R4,20,0.125,18,10,0.6428571428571429,0.46153846153846156,0.537313432835821,0.06,4,0.0,0.8,0.4
R4,20,0.125,18,10,0.6428571428571429,0.46153846153846156,0.537313432835821,0.06,4,0.0,0.9,0.4
R4,20,0.125,18,10,0.6428571428571429,0.46153846153846156,0.537313432835821,0.06,4,0.0,1.0,0.4
R4,20,0.125,19,24,0.4418604651162791,0.48717948717948717,0.46341463414634154,0.06333333333333334,4,0.05,0.5,0.4
R4,20,0.125,19,21,0.475,0.48717948717948717,0.4810126582278481,0.06333333333333334,4,0.05,0.6,0.4
R4,20,0.125,18,13,0.5806451612903226,0.46153846153846156,0.5142857142857143,0.06,4,0.05,0.7,0.4
R4,20,0.125,18,10,0.6428571428571429,0.46153846153846156,0.537313432835821,0.06,4,0.05,0.8,0.4
R4,20,0.125,18,10,0.6428571428571429,0.46153846153846156,0.537313432835821,0.06,4,0.05,0.9,0.4
R4,20,0.125,18,10,0.6428571428571429,0.46153846153846156,0.537313432835821,0.06,4,0.05,1.0,0.4
R4,20,0.125,19,24,0.4418604651162791,0.48717948717948717,0.46341463414634154,0.06333333333333334,4,0.1,0.5,0.4
R4,20,0.125,19,21,0.475,0.48717948717948717,0.4810126582278481,0.06333333333333334,4,0.1,0.6,0.4
R4,20,0.125,18,13,0.5806451612903226,0.46153846153846156,0.5142857142857143,0.06,4,0.1,0.7,0.4
R4,20,0.125,18,10,0.6428571428571429,0.46153846153846156,0.537313432835821,0.06,4,0.1,0.8,0.4
R4,20,0.125,18,10,0.6428571428571429,0.46153846153846156,0.537313432835821,0.06,4,0.1,0.9,0.4
R4,20,0.125,18,10,0.6428571428571429,0.46153846153846156,0.537313432835821,0.06,4,0.1,1.0,0.4
R4,20,0.125,18,22,0.45,0.46153846153846156,0.45569620253164556,0.06,4,0.0,0.5,0.45
R4,20,0.125,18,19,0.4864864864864865,0.46153846153846156,0.47368421052631576,0.06,4,0.0,0.6,0.45
R4,20,0.125,17,12,0.5862068965517241,0.4358974358974359,0.5,0.056666666666666664,4,0.0,0.7,0.45
R4,20,0.125,17,9,0.6538461538461539,0.4358974358974359,0.523076923076923,0.056666666666666664,4,0.0,0.8,0.45
R4,20,0.125,17,9,0.6538461538461539,0.4358974358974359,0.523076923076923,0.056666666666666664,4,0.0,0.9,0.45
R4,20,0.125,17,9,0.6538461538461539,0.4358974358974359,0.523076923076923,0.056666666666666664,4,0.0,1.0,0.45
R4,20,0.125,18,22,0.45,0.46153846153846156,0.45569620253164556,0.06,4,0.05,0.5,0.45
R4,20,0.125,18,19,0.4864864864864865,0.46153846153846156,0.47368421052631576,0.06,4,0.05,0.6,0.45
R4,20,0.125,17,12,0.5862068965517241,0.4358974358974359,0.5,0.056666666666666664,4,0.05,0.7,0.45
R4,20,0.125,17,9,0.6538461538461539,0.4358974358974359,0.523076923076923,0.056666666666666664,4,0.05,0.8,0.45
R4,20,0.125,17,9,0.6538461538461539,0.4358974358974359,0.523076923076923,0.056666666666666664,4,0.05,0.9,0.45
R4,20,0.125,17,9,0.6538461538461539,0.4358974358974359,0.523076923076923,0.056666666666666664,4,0.05,1.0,0.45
R4,20,0.125,18,22,0.45,0.46153846153846156,0.45569620253164556,0.06,4,0.1,0.5,0.45
R4,20,0.125,18,19,0.4864864864864865,0.46153846153846156,0.47368421052631576,0.06,4,0.1,0.6,0.45
R4,20,0.125,17,12,0.5862068965517241,0.4358974358974359,0.5,0.056666666666666664,4,0.1,0.7,0.45
R4,20,0.125,17,9,0.6538461538461539,0.4358974358974359,0.523076923076923,0.056666666666666664,4,0.1,0.8,0.45
R4,20,0.125,17,9,0.6538461538461539,0.4358974358974359,0.523076923076923,0.056666666666666664,4,0.1,0.9,0.45
R4,20,0.125,17,9,0.6538461538461539,0.4358974358974359,0.523076923076923,0.056666666666666664,4,0.1,1.0,0.45
R4,20,0.125,17,18,0.4857142857142857,0.4358974358974359,0.45945945945945943,0.056666666666666664,4,0.0,0.5,0.5
R4,20,0.125,17,16,0.5151515151515151,0.4358974358974359,0.4722222222222222,0.056666666666666664,4,0.0,0.6,0.5
R4,20,0.125,16,10,0.6153846153846154,0.41025641025641024,0.4923076923076924,0.05333333333333334,4,0.0,0.7,0.5
R4,20,0.125,16,8,0.6666666666666666,0.41025641025641024,0.5079365079365079,0.05333333333333334,4,0.0,0.8,0.5
R4,20,0.125,16,8,0.6666666666666666,0.41025641025641024,0.5079365079365079,0.05333333333333334,4,0.0,0.9,0.5
R4,20,0.125,16,8,0.6666666666666666,0.41025641025641024,0.5079365079365079,0.05333333333333334,4,0.0,1.0,0.5
R4,20,0.125,17,18,0.4857142857142857,0.4358974358974359,0.45945945945945943,0.056666666666666664,4,0.05,0.5,0.5
R4,20,0.125,17,16,0.5151515151515151,0.4358974358974359,0.4722222222222222,0.056666666666666664,4,0.05,0.6,0.5
R4,20,0.125,16,10,0.6153846153846154,0.41025641025641024,0.4923076923076924,0.05333333333333334,4,0.05,0.7,0.5
R4,20,0.125,16,8,0.6666666666666666,0.41025641025641024,0.5079365079365079,0.05333333333333334,4,0.05,0.8,0.5
R4,20,0.125,16,8,0.6666666666666666,0.41025641025641024,0.5079365079365079,0.05333333333333334,4,0.05,0.9,0.5
R4,20,0.125,16,8,0.6666666666666666,0.41025641025641024,0.5079365079365079,0.05333333333333334,4,0.05,1.0,0.5
R4,20,0.125,17,18,0.4857142857142857,0.4358974358974359,0.45945945945945943,0.056666666666666664,4,0.1,0.5,0.5
R4,20,0.125,17,16,0.5151515151515151,0.4358974358974359,0.4722222222222222,0.056666666666666664,4,0.1,0.6,0.5
R4,20,0.125,16,10,0.6153846153846154,0.41025641025641024,0.4923076923076924,0.05333333333333334,4,0.1,0.7,0.5
R4,20,0.125,16,8,0.6666666666666666,0.41025641025641024,0.5079365079365079,0.05333333333333334,4,0.1,0.8,0.5
R4,20,0.125,16,8,0.6666666666666666,0.41025641025641024,0.5079365079365079,0.05333333333333334,4,0.1,0.9,0.5
R4,20,0.125,16,8,0.6666666666666666,0.41025641025641024,0.5079365079365079,0.05333333333333334,4,0.1,1.0,0.5
R4,20,0.125,14,15,0.4827586206896552,0.358974358974359,0.4117647058823529,0.04666666666666667,4,0.0,0.5,0.55
R4,20,0.125,14,13,0.5185185185185185,0.358974358974359,0.42424242424242425,0.04666666666666667,4,0.0,0.6,0.55
R4,20,0.125,14,7,0.6666666666666666,0.358974358974359,0.4666666666666667,0.04666666666666667,4,0.0,0.7,0.55
R4,20,0.125,14,6,0.7,0.358974358974359,0.4745762711864407,0.04666666666666667,4,0.0,0.8,0.55
R4,20,0.125,14,6,0.7,0.358974358974359,0.4745762711864407,0.04666666666666667,4,0.0,0.9,0.55
R4,20,0.125,14,6,0.7,0.358974358974359,0.4745762711864407,0.04666666666666667,4,0.0,1.0,0.55
R4,20,0.125,14,15,0.4827586206896552,0.358974358974359,0.4117647058823529,0.04666666666666667,4,0.05,0.5,0.55
R4,20,0.125,14,13,0.5185185185185185,0.358974358974359,0.42424242424242425,0.04666666666666667,4,0.05,0.6,0.55
R4,20,0.125,14,7,0.6666666666666666,0.358974358974359,0.4666666666666667,0.04666666666666667,4,0.05,0.7,0.55
R4,20,0.125,14,6,0.7,0.358974358974359,0.4745762711864407,0.04666666666666667,4,0.05,0.8,0.55
R4,20,0.125,14,6,0.7,0.358974358974359,0.4745762711864407,0.04666666666666667,4,0.05,0.9,0.55
R4,20,0.125,14,6,0.7,0.358974358974359,0.4745762711864407,0.04666666666666667,4,0.05,1.0,0.55
R4,20,0.125,14,15,0.4827586206896552,0.358974358974359,0.4117647058823529,0.04666666666666667,4,0.1,0.5,0.55
R4,20,0.125,14,13,0.5185185185185185,0.358974358974359,0.42424242424242425,0.04666666666666667,4,0.1,0.6,0.55
R4,20,0.125,14,7,0.6666666666666666,0.358974358974359,0.4666666666666667,0.04666666666666667,4,0.1,0.7,0.55
R4,20,0.125,14,6,0.7,0.358974358974359,0.4745762711864407,0.04666666666666667,4,0.1,0.8,0.55
R4,20,0.125,14,6,0.7,0.358974358974359,0.4745762711864407,0.04666666666666667,4,0.1,0.9,0.55
R4,20,0.125,14,6,0.7,0.358974358974359,0.4745762711864407,0.04666666666666667,4,0.1,1.0,0.55
R4,20,0.125,14,12,0.5384615384615384,0.358974358974359,0.4307692307692308,0.04666666666666667,4,0.0,0.5,0.6
R4,20,0.125,14,10,0.5833333333333334,0.358974358974359,0.4444444444444445,0.04666666666666667,4,0.0,0.6,0.6
R4,20,0.125,14,6,0.7,0.358974358974359,0.4745762711864407,0.04666666666666667,4,0.0,0.7,0.6
R4,20,0.125,14,6,0.7,0.358974358974359,0.4745762711864407,0.04666666666666667,4,0.0,0.8,0.6
R4,20,0.125,14,6,0.7,0.358974358974359,0.4745762711864407,0.04666666666666667,4,0.0,0.9,0.6
R4,20,0.125,14,6,0.7,0.358974358974359,0.4745762711864407,0.04666666666666667,4,0.0,1.0,0.6
R4,20,0.125,14,12,0.5384615384615384,0.358974358974359,0.4307692307692308,0.04666666666666667,4,0.05,0.5,0.6
R4,20,0.125,14,10,0.5833333333333334,0.358974358974359,0.4444444444444445,0.04666666666666667,4,0.05,0.6,0.6
R4,20,0.125,14,6,0.7,0.358974358974359,0.4745762711864407,0.04666666666666667,4,0.05,0.7,0.6
R4,20,0.125,14,6,0.7,0.358974358974359,0.4745762711864407,0.04666666666666667,4,0.05,0.8,0.6
R4,20,0.125,14,6,0.7,0.358974358974359,0.4745762711864407,0.04666666666666667,4,0.05,0.9,0.6
R4,20,0.125,14,6,0.7,0.358974358974359,0.4745762711864407,0.04666666666666667,4,0.05,1.0,0.6
R4,20,0.125,14,12,0.5384615384615384,0.358974358974359,0.4307692307692308,0.04666666666666667,4,0.1,0.5,0.6
R4,20,0.125,14,10,0.5833333333333334,0.358974358974359,0.4444444444444445,0.04666666666666667,4,0.1,0.6,0.6
R4,20,0.125,14,6,0.7,0.358974358974359,0.4745762711864407,0.04666666666666667,4,0.1,0.7,0.6
R4,20,0.125,14,6,0.7,0.358974358974359,0.4745762711864407,0.04666666666666667,4,0.1,0.8,0.6
R4,20,0.125,14,6,0.7,0.358974358974359,0.4745762711864407,0.04666666666666667,4,0.1,0.9,0.6
R4,20,0.125,14,6,0.7,0.358974358974359,0.4745762711864407,0.04666666666666667,4,0.1,1.0,0.6
R4,20,0.125,13,6,0.6842105263157895,0.3333333333333333,0.44827586206896547,0.043333333333333335,4,0.0,0.5,0.6499999999999999
R4,20,0.125,13,4,0.7647058823529411,0.3333333333333333,0.4642857142857143,0.043333333333333335,4,0.0,0.6,0.6499999999999999
R4,20,0.125,13,3,0.8125,0.3333333333333333,0.4727272727272727,0.043333333333333335,4,0.0,0.7,0.6499999999999999
R4,20,0.125,13,3,0.8125,0.3333333333333333,0.4727272727272727,0.043333333333333335,4,0.0,0.8,0.6499999999999999
R4,20,0.125,13,3,0.8125,0.3333333333333333,0.4727272727272727,0.043333333333333335,4,0.0,0.9,0.6499999999999999
R4,20,0.125,13,3,0.8125,0.3333333333333333,0.4727272727272727,0.043333333333333335,4,0.0,1.0,0.6499999999999999
R4,20,0.125,13,6,0.6842105263157895,0.3333333333333333,0.44827586206896547,0.043333333333333335,4,0.05,0.5,0.6499999999999999
R4,20,0.125,13,4,0.7647058823529411,0.3333333333333333,0.4642857142857143,0.043333333333333335,4,0.05,0.6,0.6499999999999999
R4,20,0.125,13,3,0.8125,0.3333333333333333,0.4727272727272727,0.043333333333333335,4,0.05,0.7,0.6499999999999999
R4,20,0.125,13,3,0.8125,0.3333333333333333,0.4727272727272727,0.043333333333333335,4,0.05,0.8,0.6499999999999999
R4,20,0.125,13,3,0.8125,0.3333333333333333,0.4727272727272727,0.043333333333333335,4,0.05,0.9,0.6499999999999999
R4,20,0.125,13,3,0.8125,0.3333333333333333,0.4727272727272727,0.043333333333333335,4,0.05,1.0,0.6499999999999999
R4,20,0.125,13,6,0.6842105263157895,0.3333333333333333,0.44827586206896547,0.043333333333333335,4,0.1,0.5,0.6499999999999999
R4,20,0.125,13,4,0.7647058823529411,0.3333333333333333,0.4642857142857143,0.043333333333333335,4,0.1,0.6,0.6499999999999999
R4,20,0.125,13,3,0.8125,0.3333333333333333,0.4727272727272727,0.043333333333333335,4,0.1,0.7,0.6499999999999999
R4,20,0.125,13,3,0.8125,0.3333333333333333,0.4727272727272727,0.043333333333333335,4,0.1,0.8,0.6499999999999999
R4,20,0.125,13,3,0.8125,0.3333333333333333,0.4727272727272727,0.043333333333333335,4,0.1,0.9,0.6499999999999999
R4,20,0.125,13,3,0.8125,0.3333333333333333,0.4727272727272727,0.043333333333333335,4,0.1,1.0,0.6499999999999999
R4,20,0.125,9,5,0.6428571428571429,0.23076923076923078,0.339622641509434,0.03,4,0.0,0.5,0.7
R4,20,0.125,9,4,0.6923076923076923,0.23076923076923078,0.34615384615384615,0.03,4,0.0,0.6,0.7
R4,20,0.125,9,3,0.75,0.23076923076923078,0.3529411764705882,0.03,4,0.0,0.7,0.7
R4,20,0.125,9,3,0.75,0.23076923076923078,0.3529411764705882,0.03,4,0.0,0.8,0.7
R4,20,0.125,9,3,0.75,0.23076923076923078,0.3529411764705882,0.03,4,0.0,0.9,0.7
R4,20,0.125,9,3,0.75,0.23076923076923078,0.3529411764705882,0.03,4,0.0,1.0,0.7
R4,20,0.125,9,5,0.6428571428571429,0.23076923076923078,0.339622641509434,0.03,4,0.05,0.5,0.7
R4,20,0.125,9,4,0.6923076923076923,0.23076923076923078,0.34615384615384615,0.03,4,0.05,0.6,0.7
R4,20,0.125,9,3,0.75,0.23076923076923078,0.3529411764705882,0.03,4,0.05,0.7,0.7
R4,20,0.125,9,3,0.75,0.23076923076923078,0.3529411764705882,0.03,4,0.05,0.8,0.7
R4,20,0.125,9,3,0.75,0.23076923076923078,0.3529411764705882,0.03,4,0.05,0.9,0.7
R4,20,0.125,9,3,0.75,0.23076923076923078,0.3529411764705882,0.03,4,0.05,1.0,0.7
R4,20,0.125,9,5,0.6428571428571429,0.23076923076923078,0.339622641509434,0.03,4,0.1,0.5,0.7
R4,20,0.125,9,4,0.6923076923076923,0.23076923076923078,0.34615384615384615,0.03,4,0.1,0.6,0.7
R4,20,0.125,9,3,0.75,0.23076923076923078,0.3529411764705882,0.03,4,0.1,0.7,0.7
R4,20,0.125,9,3,0.75,0.23076923076923078,0.3529411764705882,0.03,4,0.1,0.8,0.7
R4,20,0.125,9,3,0.75,0.23076923076923078,0.3529411764705882,0.03,4,0.1,0.9,0.7
R4,20,0.125,9,3,0.75,0.23076923076923078,0.3529411764705882,0.03,4,0.1,1.0,0.7
R4,20,0.15000000000000002,20,24,0.45454545454545453,0.5128205128205128,0.48192771084337344,0.06666666666666667,4,0.0,0.5,0.4
R4,20,0.15000000000000002,20,21,0.4878048780487805,0.5128205128205128,0.5,0.06666666666666667,4,0.0,0.6,0.4
R4,20,0.15000000000000002,19,13,0.59375,0.48717948717948717,0.5352112676056338,0.06333333333333334,4,0.0,0.7,0.4
R4,20,0.15000000000000002,19,10,0.6551724137931034,0.48717948717948717,0.5588235294117647,0.06333333333333334,4,0.0,0.8,0.4
R4,20,0.15000000000000002,19,10,0.6551724137931034,0.48717948717948717,0.5588235294117647,0.06333333333333334,4,0.0,0.9,0.4
R4,20,0.15000000000000002,19,10,0.6551724137931034,0.48717948717948717,0.5588235294117647,0.06333333333333334,4,0.0,1.0,0.4
R4,20,0.15000000000000002,20,24,0.45454545454545453,0.5128205128205128,0.48192771084337344,0.06666666666666667,4,0.05,0.5,0.4
R4,20,0.15000000000000002,20,21,0.4878048780487805,0.5128205128205128,0.5,0.06666666666666667,4,0.05,0.6,0.4
R4,20,0.15000000000000002,19,13,0.59375,0.48717948717948717,0.5352112676056338,0.06333333333333334,4,0.05,0.7,0.4
R4,20,0.15000000000000002,19,10,0.6551724137931034,0.48717948717948717,0.5588235294117647,0.06333333333333334,4,0.05,0.8,0.4
R4,20,0.15000000000000002,19,10,0.6551724137931034,0.48717948717948717,0.5588235294117647,0.06333333333333334,4,0.05,0.9,0.4
R4,20,0.15000000000000002,19,10,0.6551724137931034,0.48717948717948717,0.5588235294117647,0.06333333333333334,4,0.05,1.0,0.4
R4,20,0.15000000000000002,20,24,0.45454545454545453,0.5128205128205128,0.48192771084337344,0.06666666666666667,4,0.1,0.5,0.4
R4,20,0.15000000000000002,20,21,0.4878048780487805,0.5128205128205128,0.5,0.06666666666666667,4,0.1,0.6,0.4
R4,20,0.15000000000000002,19,13,0.59375,0.48717948717948717,0.5352112676056338,0.06333333333333334,4,0.1,0.7,0.4
R4,20,0.15000000000000002,19,10,0.6551724137931034,0.48717948717948717,0.5588235294117647,0.06333333333333334,4,0.1,0.8,0.4
R4,20,0.15000000000000002,19,10,0.6551724137931034,0.48717948717948717,0.5588235294117647,0.06333333333333334,4,0.1,0.9,0.4
R4,20,0.15000000000000002,19,10,0.6551724137931034,0.48717948717948717,0.5588235294117647,0.06333333333333334,4,0.1,1.0,0.4
R4,20,0.15000000000000002,19,22,0.4634146341463415,0.48717948717948717,0.47500000000000003,0.06333333333333334,4,0.0,0.5,0.45
R4,20,0.15000000000000002,19,19,0.5,0.48717948717948717,0.49350649350649345,0.06333333333333334,4,0.0,0.6,0.45
R4,20,0.15000000000000002,18,12,0.6,0.46153846153846156,0.5217391304347826,0.06,4,0.0,0.7,0.45
R4,20,0.15000000000000002,18,9,0.6666666666666666,0.46153846153846156,0.5454545454545455,0.06,4,0.0,0.8,0.45
R4,20,0.15000000000000002,18,9,0.6666666666666666,0.46153846153846156,0.5454545454545455,0.06,4,0.0,0.9,0.45
R4,20,0.15000000000000002,18,9,0.6666666666666666,0.46153846153846156,0.5454545454545455,0.06,4,0.0,1.0,0.45
R4,20,0.15000000000000002,19,22,0.4634146341463415,0.48717948717948717,0.47500000000000003,0.06333333333333334,4,0.05,0.5,0.45
R4,20,0.15000000000000002,19,19,0.5,0.48717948717948717,0.49350649350649345,0.06333333333333334,4,0.05,0.6,0.45
R4,20,0.15000000000000002,18,12,0.6,0.46153846153846156,0.5217391304347826,0.06,4,0.05,0.7,0.45
R4,20,0.15000000000000002,18,9,0.6666666666666666,0.46153846153846156,0.5454545454545455,0.06,4,0.05,0.8,0.45
R4,20,0.15000000000000002,18,9,0.6666666666666666,0.46153846153846156,0.5454545454545455,0.06,4,0.05,0.9,0.45
R4,20,0.15000000000000002,18,9,0.6666666666666666,0.46153846153846156,0.5454545454545455,0.06,4,0.05,1.0,0.45
R4,20,0.15000000000000002,19,22,0.4634146341463415,0.48717948717948717,0.47500000000000003,0.06333333333333334,4,0.1,0.5,0.45
R4,20,0.15000000000000002,19,19,0.5,0.48717948717948717,0.49350649350649345,0.06333333333333334,4,0.1,0.6,0.45
R4,20,0.15000000000000002,18,12,0.6,0.46153846153846156,0.5217391304347826,0.06,4,0.1,0.7,0.45
R4,20,0.15000000000000002,18,9,0.6666666666666666,0.46153846153846156,0.5454545454545455,0.06,4,0.1,0.8,0.45
R4,20,0.15000000000000002,18,9,0.6666666666666666,0.46153846153846156,0.5454545454545455,0.06,4,0.1,0.9,0.45
R4,20,0.15000000000000002,18,9,0.6666666666666666,0.46153846153846156,0.5454545454545455,0.06,4,0.1,1.0,0.45
R4,20,0.15000000000000002,18,18,0.5,0.46153846153846156,0.48000000000000004,0.06,4,0.0,0.5,0.5
R4,20,0.15000000000000002,18,16,0.5294117647058824,0.46153846153846156,0.4931506849315069,0.06,4,0.0,0.6,0.5
R4,20,0.15000000000000002,17,10,0.6296296296296297,0.4358974358974359,0.5151515151515151,0.056666666666666664,4,0.0,0.7,0.5
R4,20,0.15000000000000002,17,8,0.68,0.4358974358974359,0.53125,0.056666666666666664,4,0.0,0.8,0.5
R4,20,0.15000000000000002,17,8,0.68,0.4358974358974359,0.53125,0.056666666666666664,4,0.0,0.9,0.5
R4,20,0.15000000000000002,17,8,0.68,0.4358974358974359,0.53125,0.056666666666666664,4,0.0,1.0,0.5
R4,20,0.15000000000000002,18,18,0.5,0.46153846153846156,0.48000000000000004,0.06,4,0.05,0.5,0.5
R4,20,0.15000000000000002,18,16,0.5294117647058824,0.46153846153846156,0.4931506849315069,0.06,4,0.05,0.6,0.5
R4,20,0.15000000000000002,17,10,0.6296296296296297,0.4358974358974359,0.5151515151515151,0.056666666666666664,4,0.05,0.7,0.5
R4,20,0.15000000000000002,17,8,0.68,0.4358974358974359,0.53125,0.056666666666666664,4,0.05,0.8,0.5
R4,20,0.15000000000000002,17,8,0.68,0.4358974358974359,0.53125,0.056666666666666664,4,0.05,0.9,0.5
R4,20,0.15000000000000002,17,8,0.68,0.4358974358974359,0.53125,0.056666666666666664,4,0.05,1.0,0.5
R4,20,0.15000000000000002,18,18,0.5,0.46153846153846156,0.48000000000000004,0.06,4,0.1,0.5,0.5
R4,20,0.15000000000000002,18,16,0.5294117647058824,0.46153846153846156,0.4931506849315069,0.06,4,0.1,0.6,0.5
R4,20,0.15000000000000002,17,10,0.6296296296296297,0.4358974358974359,0.5151515151515151,0.056666666666666664,4,0.1,0.7,0.5
R4,20,0.15000000000000002,17,8,0.68,0.4358974358974359,0.53125,0.056666666666666664,4,0.1,0.8,0.5
R4,20,0.15000000000000002,17,8,0.68,0.4358974358974359,0.53125,0.056666666666666664,4,0.1,0.9,0.5
R4,20,0.15000000000000002,17,8,0.68,0.4358974358974359,0.53125,0.056666666666666664,4,0.1,1.0,0.5
R4,20,0.15000000000000002,15,15,0.5,0.38461538461538464,0.4347826086956522,0.05,4,0.0,0.5,0.55
R4,20,0.15000000000000002,15,13,0.5357142857142857,0.38461538461538464,0.44776119402985076,0.05,4,0.0,0.6,0.55
R4,20,0.15000000000000002,15,7,0.6818181818181818,0.38461538461538464,0.4918032786885246,0.05,4,0.0,0.7,0.55
R4,20,0.15000000000000002,15,6,0.7142857142857143,0.38461538461538464,0.5,0.05,4,0.0,0.8,0.55
R4,20,0.15000000000000002,15,6,0.7142857142857143,0.38461538461538464,0.5,0.05,4,0.0,0.9,0.55
R4,20,0.15000000000000002,15,6,0.7142857142857143,0.38461538461538464,0.5,0.05,4,0.0,1.0,0.55
R4,20,0.15000000000000002,15,15,0.5,0.38461538461538464,0.4347826086956522,0.05,4,0.05,0.5,0.55
R4,20,0.15000000000000002,15,13,0.5357142857142857,0.38461538461538464,0.44776119402985076,0.05,4,0.05,0.6,0.55
R4,20,0.15000000000000002,15,7,0.6818181818181818,0.38461538461538464,0.4918032786885246,0.05,4,0.05,0.7,0.55
R4,20,0.15000000000000002,15,6,0.7142857142857143,0.38461538461538464,0.5,0.05,4,0.05,0.8,0.55
R4,20,0.15000000000000002,15,6,0.7142857142857143,0.38461538461538464,0.5,0.05,4,0.05,0.9,0.55
R4,20,0.15000000000000002,15,6,0.7142857142857143,0.38461538461538464,0.5,0.05,4,0.05,1.0,0.55
R4,20,0.15000000000000002,15,15,0.5,0.38461538461538464,0.4347826086956522,0.05,4,0.1,0.5,0.55
R4,20,0.15000000000000002,15,13,0.5357142857142857,0.38461538461538464,0.44776119402985076,0.05,4,0.1,0.6,0.55
R4,20,0.15000000000000002,15,7,0.6818181818181818,0.38461538461538464,0.4918032786885246,0.05,4,0.1,0.7,0.55
R4,20,0.15000000000000002,15,6,0.7142857142857143,0.38461538461538464,0.5,0.05,4,0.1,0.8,0.55
R4,20,0.15000000000000002,15,6,0.7142857142857143,0.38461538461538464,0.5,0.05,4,0.1,0.9,0.55
R4,20,0.15000000000000002,15,6,0.7142857142857143,0.38461538461538464,0.5,0.05,4,0.1,1.0,0.55
R4,20,0.15000000000000002,15,12,0.5555555555555556,0.38461538461538464,0.4545454545454546,0.05,4,0.0,0.5,0.6
R4,20,0.15000000000000002,15,10,0.6,0.38461538461538464,0.46875,0.05,4,0.0,0.6,0.6
R4,20,0.15000000000000002,15,6,0.7142857142857143,0.38461538461538464,0.5,0.05,4,0.0,0.7,0.6
R4,20,0.15000000000000002,15,6,0.7142857142857143,0.38461538461538464,0.5,0.05,4,0.0,0.8,0.6
R4,20,0.15000000000000002,15,6,0.7142857142857143,0.38461538461538464,0.5,0.05,4,0.0,0.9,0.6
R4,20,0.15000000000000002,15,6,0.7142857142857143,0.38461538461538464,0.5,0.05,4,0.0,1.0,0.6
R4,20,0.15000000000000002,15,12,0.5555555555555556,0.38461538461538464,0.4545454545454546,0.05,4,0.05,0.5,0.6
R4,20,0.15000000000000002,15,10,0.6,0.38461538461538464,0.46875,0.05,4,0.05,0.6,0.6
R4,20,0.15000000000000002,15,6,0.7142857142857143,0.38461538461538464,0.5,0.05,4,0.05,0.7,0.6
R4,20,0.15000000000000002,15,6,0.7142857142857143,0.38461538461538464,0.5,0.05,4,0.05,0.8,0.6
R4,20,0.15000000000000002,15,6,0.7142857142857143,0.38461538461538464,0.5,0.05,4,0.05,0.9,0.6
R4,20,0.15000000000000002,15,6,0.7142857142857143,0.38461538461538464,0.5,0.05,4,0.05,1.0,0.6
R4,20,0.15000000000000002,15,12,0.5555555555555556,0.38461538461538464,0.4545454545454546,0.05,4,0.1,0.5,0.6
R4,20,0.15000000000000002,15,10,0.6,0.38461538461538464,0.46875,0.05,4,0.1,0.6,0.6
R4,20,0.15000000000000002,15,6,0.7142857142857143,0.38461538461538464,0.5,0.05,4,0.1,0.7,0.6
R4,20,0.15000000000000002,15,6,0.7142857142857143,0.38461538461538464,0.5,0.05,4,0.1,0.8,0.6
R4,20,0.15000000000000002,15,6,0.7142857142857143,0.38461538461538464,0.5,0.05,4,0.1,0.9,0.6
R4,20,0.15000000000000002,15,6,0.7142857142857143,0.38461538461538464,0.5,0.05,4,0.1,1.0,0.6
R4,20,0.15000000000000002,14,6,0.7,0.358974358974359,0.4745762711864407,0.04666666666666667,4,0.0,0.5,0.6499999999999999
R4,20,0.15000000000000002,14,4,0.7777777777777778,0.358974358974359,0.49122807017543857,0.04666666666666667,4,0.0,0.6,0.6499999999999999
R4,20,0.15000000000000002,14,3,0.8235294117647058,0.358974358974359,0.5,0.04666666666666667,4,0.0,0.7,0.6499999999999999
R4,20,0.15000000000000002,14,3,0.8235294117647058,0.358974358974359,0.5,0.04666666666666667,4,0.0,0.8,0.6499999999999999
R4,20,0.15000000000000002,14,3,0.8235294117647058,0.358974358974359,0.5,0.04666666666666667,4,0.0,0.9,0.6499999999999999
R4,20,0.15000000000000002,14,3,0.8235294117647058,0.358974358974359,0.5,0.04666666666666667,4,0.0,1.0,0.6499999999999999
R4,20,0.15000000000000002,14,6,0.7,0.358974358974359,0.4745762711864407,0.04666666666666667,4,0.05,0.5,0.6499999999999999
R4,20,0.15000000000000002,14,4,0.7777777777777778,0.358974358974359,0.49122807017543857,0.04666666666666667,4,0.05,0.6,0.6499999999999999
R4,20,0.15000000000000002,14,3,0.8235294117647058,0.358974358974359,0.5,0.04666666666666667,4,0.05,0.7,0.6499999999999999
R4,20,0.15000000000000002,14,3,0.8235294117647058,0.358974358974359,0.5,0.04666666666666667,4,0.05,0.8,0.6499999999999999
R4,20,0.15000000000000002,14,3,0.8235294117647058,0.358974358974359,0.5,0.04666666666666667,4,0.05,0.9,0.6499999999999999
R4,20,0.15000000000000002,14,3,0.8235294117647058,0.358974358974359,0.5,0.04666666666666667,4,0.05,1.0,0.6499999999999999
R4,20,0.15000000000000002,14,6,0.7,0.358974358974359,0.4745762711864407,0.04666666666666667,4,0.1,0.5,0.6499999999999999
R4,20,0.15000000000000002,14,4,0.7777777777777778,0.358974358974359,0.49122807017543857,0.04666666666666667,4,0.1,0.6,0.6499999999999999
R4,20,0.15000000000000002,14,3,0.8235294117647058,0.358974358974359,0.5,0.04666666666666667,4,0.1,0.7,0.6499999999999999
R4,20,0.15000000000000002,14,3,0.8235294117647058,0.358974358974359,0.5,0.04666666666666667,4,0.1,0.8,0.6499999999999999
R4,20,0.15000000000000002,14,3,0.8235294117647058,0.358974358974359,0.5,0.04666666666666667,4,0.1,0.9,0.6499999999999999
R4,20,0.15000000000000002,14,3,0.8235294117647058,0.358974358974359,0.5,0.04666666666666667,4,0.1,1.0,0.6499999999999999
R4,20,0.15000000000000002,10,5,0.6666666666666666,0.2564102564102564,0.37037037037037035,0.03333333333333333,4,0.0,0.5,0.7
R4,20,0.15000000000000002,10,4,0.7142857142857143,0.2564102564102564,0.3773584905660377,0.03333333333333333,4,0.0,0.6,0.7
R4,20,0.15000000000000002,10,3,0.7692307692307693,0.2564102564102564,0.38461538461538464,0.03333333333333333,4,0.0,0.7,0.7
R4,20,0.15000000000000002,10,3,0.7692307692307693,0.2564102564102564,0.38461538461538464,0.03333333333333333,4,0.0,0.8,0.7
R4,20,0.15000000000000002,10,3,0.7692307692307693,0.2564102564102564,0.38461538461538464,0.03333333333333333,4,0.0,0.9,0.7
R4,20,0.15000000000000002,10,3,0.7692307692307693,0.2564102564102564,0.38461538461538464,0.03333333333333333,4,0.0,1.0,0.7
R4,20,0.15000000000000002,10,5,0.6666666666666666,0.2564102564102564,0.37037037037037035,0.03333333333333333,4,0.05,0.5,0.7
R4,20,0.15000000000000002,10,4,0.7142857142857143,0.2564102564102564,0.3773584905660377,0.03333333333333333,4,0.05,0.6,0.7
R4,20,0.15000000000000002,10,3,0.7692307692307693,0.2564102564102564,0.38461538461538464,0.03333333333333333,4,0.05,0.7,0.7
R4,20,0.15000000000000002,10,3,0.7692307692307693,0.2564102564102564,0.38461538461538464,0.03333333333333333,4,0.05,0.8,0.7
R4,20,0.15000000000000002,10,3,0.7692307692307693,0.2564102564102564,0.38461538461538464,0.03333333333333333,4,0.05,0.9,0.7
R4,20,0.15000000000000002,10,3,0.7692307692307693,0.2564102564102564,0.38461538461538464,0.03333333333333333,4,0.05,1.0,0.7
R4,20,0.15000000000000002,10,5,0.6666666666666666,0.2564102564102564,0.37037037037037035,0.03333333333333333,4,0.1,0.5,0.7
R4,20,0.15000000000000002,10,4,0.7142857142857143,0.2564102564102564,0.3773584905660377,0.03333333333333333,4,0.1,0.6,0.7
R4,20,0.15000000000000002,10,3,0.7692307692307693,0.2564102564102564,0.38461538461538464,0.03333333333333333,4,0.1,0.7,0.7
R4,20,0.15000000000000002,10,3,0.7692307692307693,0.2564102564102564,0.38461538461538464,0.03333333333333333,4,0.1,0.8,0.7
R4,20,0.15000000000000002,10,3,0.7692307692307693,0.2564102564102564,0.38461538461538464,0.03333333333333333,4,0.1,0.9,0.7
R4,20,0.15000000000000002,10,3,0.7692307692307693,0.2564102564102564,0.38461538461538464,0.03333333333333333,4,0.1,1.0,0.7
R4,20,0.175,21,24,0.4666666666666667,0.5384615384615384,0.5,0.07,4,0.0,0.5,0.4
R4,20,0.175,21,21,0.5,0.5384615384615384,0.5185185185185186,0.07,4,0.0,0.6,0.4
R4,20,0.175,20,13,0.6060606060606061,0.5128205128205128,0.5555555555555556,0.06666666666666667,4,0.0,0.7,0.4
R4,20,0.175,20,10,0.6666666666666666,0.5128205128205128,0.5797101449275363,0.06666666666666667,4,0.0,0.8,0.4
R4,20,0.175,20,10,0.6666666666666666,0.5128205128205128,0.5797101449275363,0.06666666666666667,4,0.0,0.9,0.4
R4,20,0.175,20,10,0.6666666666666666,0.5128205128205128,0.5797101449275363,0.06666666666666667,4,0.0,1.0,0.4
R4,20,0.175,21,24,0.4666666666666667,0.5384615384615384,0.5,0.07,4,0.05,0.5,0.4
R4,20,0.175,21,21,0.5,0.5384615384615384,0.5185185185185186,0.07,4,0.05,0.6,0.4
R4,20,0.175,20,13,0.6060606060606061,0.5128205128205128,0.5555555555555556,0.06666666666666667,4,0.05,0.7,0.4
R4,20,0.175,20,10,0.6666666666666666,0.5128205128205128,0.5797101449275363,0.06666666666666667,4,0.05,0.8,0.4
R4,20,0.175,20,10,0.6666666666666666,0.5128205128205128,0.5797101449275363,0.06666666666666667,4,0.05,0.9,0.4
R4,20,0.175,20,10,0.6666666666666666,0.5128205128205128,0.5797101449275363,0.06666666666666667,4,0.05,1.0,0.4
R4,20,0.175,21,24,0.4666666666666667,0.5384615384615384,0.5,0.07,4,0.1,0.5,0.4
R4,20,0.175,21,21,0.5,0.5384615384615384,0.5185185185185186,0.07,4,0.1,0.6,0.4
R4,20,0.175,20,13,0.6060606060606061,0.5128205128205128,0.5555555555555556,0.06666666666666667,4,0.1,0.7,0.4
R4,20,0.175,20,10,0.6666666666666666,0.5128205128205128,0.5797101449275363,0.06666666666666667,4,0.1,0.8,0.4
R4,20,0.175,20,10,0.6666666666666666,0.5128205128205128,0.5797101449275363,0.06666666666666667,4,0.1,0.9,0.4
R4,20,0.175,20,10,0.6666666666666666,0.5128205128205128,0.5797101449275363,0.06666666666666667,4,0.1,1.0,0.4
R4,20,0.175,20,22,0.47619047619047616,0.5128205128205128,0.49382716049382713,0.06666666666666667,4,0.0,0.5,0.45
R4,20,0.175,20,19,0.5128205128205128,0.5128205128205128,0.5128205128205128,0.06666666666666667,4,0.0,0.6,0.45
R4,20,0.175,19,12,0.6129032258064516,0.48717948717948717,0.5428571428571428,0.06333333333333334,4,0.0,0.7,0.45
R4,20,0.175,19,9,0.6785714285714286,0.48717948717948717,0.5671641791044776,0.06333333333333334,4,0.0,0.8,0.45
R4,20,0.175,19,9,0.6785714285714286,0.48717948717948717,0.5671641791044776,0.06333333333333334,4,0.0,0.9,0.45
R4,20,0.175,19,9,0.6785714285714286,0.48717948717948717,0.5671641791044776,0.06333333333333334,4,0.0,1.0,0.45
R4,20,0.175,20,22,0.47619047619047616,0.5128205128205128,0.49382716049382713,0.06666666666666667,4,0.05,0.5,0.45
R4,20,0.175,20,19,0.5128205128205128,0.5128205128205128,0.5128205128205128,0.06666666666666667,4,0.05,0.6,0.45
R4,20,0.175,19,12,0.6129032258064516,0.48717948717948717,0.5428571428571428,0.06333333333333334,4,0.05,0.7,0.45
R4,20,0.175,19,9,0.6785714285714286,0.48717948717948717,0.5671641791044776,0.06333333333333334,4,0.05,0.8,0.45
R4,20,0.175,19,9,0.6785714285714286,0.48717948717948717,0.5671641791044776,0.06333333333333334,4,0.05,0.9,0.45
R4,20,0.175,19,9,0.6785714285714286,0.48717948717948717,0.5671641791044776,0.06333333333333334,4,0.05,1.0,0.45
R4,20,0.175,20,22,0.47619047619047616,0.5128205128205128,0.49382716049382713,0.06666666666666667,4,0.1,0.5,0.45
R4,20,0.175,20,19,0.5128205128205128,0.5128205128205128,0.5128205128205128,0.06666666666666667,4,0.1,0.6,0.45
R4,20,0.175,19,12,0.6129032258064516,0.48717948717948717,0.5428571428571428,0.06333333333333334,4,0.1,0.7,0.45
R4,20,0.175,19,9,0.6785714285714286,0.48717948717948717,0.5671641791044776,0.06333333333333334,4,0.1,0.8,0.45
R4,20,0.175,19,9,0.6785714285714286,0.48717948717948717,0.5671641791044776,0.06333333333333334,4,0.1,0.9,0.45
R4,20,0.175,19,9,0.6785714285714286,0.48717948717948717,0.5671641791044776,0.06333333333333334,4,0.1,1.0,0.45
R4,20,0.175,19,18,0.5135135135135135,0.48717948717948717,0.5,0.06333333333333334,4,0.0,0.5,0.5
R4,20,0.175,19,16,0.5428571428571428,0.48717948717948717,0.5135135135135135,0.06333333333333334,4,0.0,0.6,0.5
R4,20,0.175,18,10,0.6428571428571429,0.46153846153846156,0.537313432835821,0.06,4,0.0,0.7,0.5
R4,20,0.175,18,8,0.6923076923076923,0.46153846153846156,0.553846153846154,0.06,4,0.0,0.8,0.5
R4,20,0.175,18,8,0.6923076923076923,0.46153846153846156,0.553846153846154,0.06,4,0.0,0.9,0.5
R4,20,0.175,18,8,0.6923076923076923,0.46153846153846156,0.553846153846154,0.06,4,0.0,1.0,0.5
R4,20,0.175,19,18,0.5135135135135135,0.48717948717948717,0.5,0.06333333333333334,4,0.05,0.5,0.5
R4,20,0.175,19,16,0.5428571428571428,0.48717948717948717,0.5135135135135135,0.06333333333333334,4,0.05,0.6,0.5
R4,20,0.175,18,10,0.6428571428571429,0.46153846153846156,0.537313432835821,0.06,4,0.05,0.7,0.5
R4,20,0.175,18,8,0.6923076923076923,0.46153846153846156,0.553846153846154,0.06,4,0.05,0.8,0.5
R4,20,0.175,18,8,0.6923076923076923,0.46153846153846156,0.553846153846154,0.06,4,0.05,0.9,0.5
R4,20,0.175,18,8,0.6923076923076923,0.46153846153846156,0.553846153846154,0.06,4,0.05,1.0,0.5
R4,20,0.175,19,18,0.5135135135135135,0.48717948717948717,0.5,0.06333333333333334,4,0.1,0.5,0.5
R4,20,0.175,19,16,0.5428571428571428,0.48717948717948717,0.5135135135135135,0.06333333333333334,4,0.1,0.6,0.5
R4,20,0.175,18,10,0.6428571428571429,0.46153846153846156,0.537313432835821,0.06,4,0.1,0.7,0.5
R4,20,0.175,18,8,0.6923076923076923,0.46153846153846156,0.553846153846154,0.06,4,0.1,0.8,0.5
R4,20,0.175,18,8,0.6923076923076923,0.46153846153846156,0.553846153846154,0.06,4,0.1,0.9,0.5
R4,20,0.175,18,8,0.6923076923076923,0.46153846153846156,0.553846153846154,0.06,4,0.1,1.0,0.5
R4,20,0.175,16,15,0.5161290322580645,0.41025641025641024,0.4571428571428572,0.05333333333333334,4,0.0,0.5,0.55
R4,20,0.175,16,13,0.5517241379310345,0.41025641025641024,0.47058823529411764,0.05333333333333334,4,0.0,0.6,0.55
R4,20,0.175,16,7,0.6956521739130435,0.41025641025641024,0.5161290322580646,0.05333333333333334,4,0.0,0.7,0.55
R4,20,0.175,16,6,0.7272727272727273,0.41025641025641024,0.5245901639344261,0.05333333333333334,4,0.0,0.8,0.55
R4,20,0.175,16,6,0.7272727272727273,0.41025641025641024,0.5245901639344261,0.05333333333333334,4,0.0,0.9,0.55
R4,20,0.175,16,6,0.7272727272727273,0.41025641025641024,0.5245901639344261,0.05333333333333334,4,0.0,1.0,0.55
R4,20,0.175,16,15,0.5161290322580645,0.41025641025641024,0.4571428571428572,0.05333333333333334,4,0.05,0.5,0.55
R4,20,0.175,16,13,0.5517241379310345,0.41025641025641024,0.47058823529411764,0.05333333333333334,4,0.05,0.6,0.55
R4,20,0.175,16,7,0.6956521739130435,0.41025641025641024,0.5161290322580646,0.05333333333333334,4,0.05,0.7,0.55
R4,20,0.175,16,6,0.7272727272727273,0.41025641025641024,0.5245901639344261,0.05333333333333334,4,0.05,0.8,0.55
R4,20,0.175,16,6,0.7272727272727273,0.41025641025641024,0.5245901639344261,0.05333333333333334,4,0.05,0.9,0.55
R4,20,0.175,16,6,0.7272727272727273,0.41025641025641024,0.5245901639344261,0.05333333333333334,4,0.05,1.0,0.55
R4,20,0.175,16,15,0.5161290322580645,0.41025641025641024,0.4571428571428572,0.05333333333333334,4,0.1,0.5,0.55
R4,20,0.175,16,13,0.5517241379310345,0.41025641025641024,0.47058823529411764,0.05333333333333334,4,0.1,0.6,0.55
R4,20,0.175,16,7,0.6956521739130435,0.41025641025641024,0.5161290322580646,0.05333333333333334,4,0.1,0.7,0.55
R4,20,0.175,16,6,0.7272727272727273,0.41025641025641024,0.5245901639344261,0.05333333333333334,4,0.1,0.8,0.55
R4,20,0.175,16,6,0.7272727272727273,0.41025641025641024,0.5245901639344261,0.05333333333333334,4,0.1,0.9,0.55
R4,20,0.175,16,6,0.7272727272727273,0.41025641025641024,0.5245901639344261,0.05333333333333334,4,0.1,1.0,0.55
R4,20,0.175,16,12,0.5714285714285714,0.41025641025641024,0.47761194029850745,0.05333333333333334,4,0.0,0.5,0.6
R4,20,0.175,16,10,0.6153846153846154,0.41025641025641024,0.4923076923076924,0.05333333333333334,4,0.0,0.6,0.6
R4,20,0.175,16,6,0.7272727272727273,0.41025641025641024,0.5245901639344261,0.05333333333333334,4,0.0,0.7,0.6
R4,20,0.175,16,6,0.7272727272727273,0.41025641025641024,0.5245901639344261,0.05333333333333334,4,0.0,0.8,0.6
R4,20,0.175,16,6,0.7272727272727273,0.41025641025641024,0.5245901639344261,0.05333333333333334,4,0.0,0.9,0.6
R4,20,0.175,16,6,0.7272727272727273,0.41025641025641024,0.5245901639344261,0.05333333333333334,4,0.0,1.0,0.6
R4,20,0.175,16,12,0.5714285714285714,0.41025641025641024,0.47761194029850745,0.05333333333333334,4,0.05,0.5,0.6
R4,20,0.175,16,10,0.6153846153846154,0.41025641025641024,0.4923076923076924,0.05333333333333334,4,0.05,0.6,0.6
R4,20,0.175,16,6,0.7272727272727273,0.41025641025641024,0.5245901639344261,0.05333333333333334,4,0.05,0.7,0.6
R4,20,0.175,16,6,0.7272727272727273,0.41025641025641024,0.5245901639344261,0.05333333333333334,4,0.05,0.8,0.6
R4,20,0.175,16,6,0.7272727272727273,0.41025641025641024,0.5245901639344261,0.05333333333333334,4,0.05,0.9,0.6
R4,20,0.175,16,6,0.7272727272727273,0.41025641025641024,0.5245901639344261,0.05333333333333334,4,0.05,1.0,0.6
R4,20,0.175,16,12,0.5714285714285714,0.41025641025641024,0.47761194029850745,0.05333333333333334,4,0.1,0.5,0.6
R4,20,0.175,16,10,0.6153846153846154,0.41025641025641024,0.4923076923076924,0.05333333333333334,4,0.1,0.6,0.6
R4,20,0.175,16,6,0.7272727272727273,0.41025641025641024,0.5245901639344261,0.05333333333333334,4,0.1,0.7,0.6
R4,20,0.175,16,6,0.7272727272727273,0.41025641025641024,0.5245901639344261,0.05333333333333334,4,0.1,0.8,0.6
R4,20,0.175,16,6,0.7272727272727273,0.41025641025641024,0.5245901639344261,0.05333333333333334,4,0.1,0.9,0.6
R4,20,0.175,16,6,0.7272727272727273,0.41025641025641024,0.5245901639344261,0.05333333333333334,4,0.1,1.0,0.6
R4,20,0.175,15,6,0.7142857142857143,0.38461538461538464,0.5,0.05,4,0.0,0.5,0.6499999999999999
R4,20,0.175,15,4,0.7894736842105263,0.38461538461538464,0.5172413793103449,0.05,4,0.0,0.6,0.6499999999999999
R4,20,0.175,15,3,0.8333333333333334,0.38461538461538464,0.5263157894736842,0.05,4,0.0,0.7,0.6499999999999999
R4,20,0.175,15,3,0.8333333333333334,0.38461538461538464,0.5263157894736842,0.05,4,0.0,0.8,0.6499999999999999
R4,20,0.175,15,3,0.8333333333333334,0.38461538461538464,0.5263157894736842,0.05,4,0.0,0.9,0.6499999999999999
R4,20,0.175,15,3,0.8333333333333334,0.38461538461538464,0.5263157894736842,0.05,4,0.0,1.0,0.6499999999999999
R4,20,0.175,15,6,0.7142857142857143,0.38461538461538464,0.5,0.05,4,0.05,0.5,0.6499999999999999
R4,20,0.175,15,4,0.7894736842105263,0.38461538461538464,0.5172413793103449,0.05,4,0.05,0.6,0.6499999999999999
R4,20,0.175,15,3,0.8333333333333334,0.38461538461538464,0.5263157894736842,0.05,4,0.05,0.7,0.6499999999999999
R4,20,0.175,15,3,0.8333333333333334,0.38461538461538464,0.5263157894736842,0.05,4,0.05,0.8,0.6499999999999999
R4,20,0.175,15,3,0.8333333333333334,0.38461538461538464,0.5263157894736842,0.05,4,0.05,0.9,0.6499999999999999
R4,20,0.175,15,3,0.8333333333333334,0.38461538461538464,0.5263157894736842,0.05,4,0.05,1.0,0.6499999999999999
R4,20,0.175,15,6,0.7142857142857143,0.38461538461538464,0.5,0.05,4,0.1,0.5,0.6499999999999999
R4,20,0.175,15,4,0.7894736842105263,0.38461538461538464,0.5172413793103449,0.05,4,0.1,0.6,0.6499999999999999
R4,20,0.175,15,3,0.8333333333333334,0.38461538461538464,0.5263157894736842,0.05,4,0.1,0.7,0.6499999999999999
R4,20,0.175,15,3,0.8333333333333334,0.38461538461538464,0.5263157894736842,0.05,4,0.1,0.8,0.6499999999999999
R4,20,0.175,15,3,0.8333333333333334,0.38461538461538464,0.5263157894736842,0.05,4,0.1,0.9,0.6499999999999999
R4,20,0.175,15,3,0.8333333333333334,0.38461538461538464,0.5263157894736842,0.05,4,0.1,1.0,0.6499999999999999
R4,20,0.175,11,5,0.6875,0.28205128205128205,0.4,0.03666666666666667,4,0.0,0.5,0.7
R4,20,0.175,11,4,0.7333333333333333,0.28205128205128205,0.4074074074074074,0.03666666666666667,4,0.0,0.6,0.7
R4,20,0.175,11,3,0.7857142857142857,0.28205128205128205,0.4150943396226415,0.03666666666666667,4,0.0,0.7,0.7
R4,20,0.175,11,3,0.7857142857142857,0.28205128205128205,0.4150943396226415,0.03666666666666667,4,0.0,0.8,0.7
R4,20,0.175,11,3,0.7857142857142857,0.28205128205128205,0.4150943396226415,0.03666666666666667,4,0.0,0.9,0.7
R4,20,0.175,11,3,0.7857142857142857,0.28205128205128205,0.4150943396226415,0.03666666666666667,4,0.0,1.0,0.7
R4,20,0.175,11,5,0.6875,0.28205128205128205,0.4,0.03666666666666667,4,0.05,0.5,0.7
R4,20,0.175,11,4,0.7333333333333333,0.28205128205128205,0.4074074074074074,0.03666666666666667,4,0.05,0.6,0.7
R4,20,0.175,11,3,0.7857142857142857,0.28205128205128205,0.4150943396226415,0.03666666666666667,4,0.05,0.7,0.7
R4,20,0.175,11,3,0.7857142857142857,0.28205128205128205,0.4150943396226415,0.03666666666666667,4,0.05,0.8,0.7
R4,20,0.175,11,3,0.7857142857142857,0.28205128205128205,0.4150943396226415,0.03666666666666667,4,0.05,0.9,0.7
R4,20,0.175,11,3,0.7857142857142857,0.28205128205128205,0.4150943396226415,0.03666666666666667,4,0.05,1.0,0.7
R4,20,0.175,11,5,0.6875,0.28205128205128205,0.4,0.03666666666666667,4,0.1,0.5,0.7
R4,20,0.175,11,4,0.7333333333333333,0.28205128205128205,0.4074074074074074,0.03666666666666667,4,0.1,0.6,0.7
R4,20,0.175,11,3,0.7857142857142857,0.28205128205128205,0.4150943396226415,0.03666666666666667,4,0.1,0.7,0.7
R4,20,0.175,11,3,0.7857142857142857,0.28205128205128205,0.4150943396226415,0.03666666666666667,4,0.1,0.8,0.7
R4,20,0.175,11,3,0.7857142857142857,0.28205128205128205,0.4150943396226415,0.03666666666666667,4,0.1,0.9,0.7
R4,20,0.175,11,3,0.7857142857142857,0.28205128205128205,0.4150943396226415,0.03666666666666667,4,0.1,1.0,0.7
R4,20,0.2,26,24,0.52,0.6666666666666666,0.5842696629213484,0.08666666666666667,4,0.0,0.5,0.4
R4,20,0.2,26,21,0.5531914893617021,0.6666666666666666,0.6046511627906976,0.08666666666666667,4,0.0,0.6,0.4
R4,20,0.2,25,13,0.6578947368421053,0.6410256410256411,0.6493506493506495,0.08333333333333333,4,0.0,0.7,0.4
R4,20,0.2,25,10,0.7142857142857143,0.6410256410256411,0.6756756756756757,0.08333333333333333,4,0.0,0.8,0.4
R4,20,0.2,25,10,0.7142857142857143,0.6410256410256411,0.6756756756756757,0.08333333333333333,4,0.0,0.9,0.4
R4,20,0.2,25,10,0.7142857142857143,0.6410256410256411,0.6756756756756757,0.08333333333333333,4,0.0,1.0,0.4
R4,20,0.2,26,24,0.52,0.6666666666666666,0.5842696629213484,0.08666666666666667,4,0.05,0.5,0.4
R4,20,0.2,26,21,0.5531914893617021,0.6666666666666666,0.6046511627906976,0.08666666666666667,4,0.05,0.6,0.4
R4,20,0.2,25,13,0.6578947368421053,0.6410256410256411,0.6493506493506495,0.08333333333333333,4,0.05,0.7,0.4
R4,20,0.2,25,10,0.7142857142857143,0.6410256410256411,0.6756756756756757,0.08333333333333333,4,0.05,0.8,0.4
R4,20,0.2,25,10,0.7142857142857143,0.6410256410256411,0.6756756756756757,0.08333333333333333,4,0.05,0.9,0.4
R4,20,0.2,25,10,0.7142857142857143,0.6410256410256411,0.6756756756756757,0.08333333333333333,4,0.05,1.0,0.4
R4,20,0.2,26,24,0.52,0.6666666666666666,0.5842696629213484,0.08666666666666667,4,0.1,0.5,0.4
R4,20,0.2,26,21,0.5531914893617021,0.6666666666666666,0.6046511627906976,0.08666666666666667,4,0.1,0.6,0.4
R4,20,0.2,25,13,0.6578947368421053,0.6410256410256411,0.6493506493506495,0.08333333333333333,4,0.1,0.7,0.4
R4,20,0.2,25,10,0.7142857142857143,0.6410256410256411,0.6756756756756757,0.08333333333333333,4,0.1,0.8,0.4
R4,20,0.2,25,10,0.7142857142857143,0.6410256410256411,0.6756756756756757,0.08333333333333333,4,0.1,0.9,0.4
R4,20,0.2,25,10,0.7142857142857143,0.6410256410256411,0.6756756756756757,0.08333333333333333,4,0.1,1.0,0.4
R4,20,0.2,25,22,0.5319148936170213,0.6410256410256411,0.5813953488372093,0.08333333333333333,4,0.0,0.5,0.45
R4,20,0.2,25,19,0.5681818181818182,0.6410256410256411,0.6024096385542169,0.08333333333333333,4,0.0,0.6,0.45
R4,20,0.2,24,12,0.6666666666666666,0.6153846153846154,0.64,0.08,4,0.0,0.7,0.45
R4,20,0.2,24,9,0.7272727272727273,0.6153846153846154,0.6666666666666667,0.08,4,0.0,0.8,0.45
R4,20,0.2,24,9,0.7272727272727273,0.6153846153846154,0.6666666666666667,0.08,4,0.0,0.9,0.45
R4,20,0.2,24,9,0.7272727272727273,0.6153846153846154,0.6666666666666667,0.08,4,0.0,1.0,0.45
R4,20,0.2,25,22,0.5319148936170213,0.6410256410256411,0.5813953488372093,0.08333333333333333,4,0.05,0.5,0.45
R4,20,0.2,25,19,0.5681818181818182,0.6410256410256411,0.6024096385542169,0.08333333333333333,4,0.05,0.6,0.45
R4,20,0.2,24,12,0.6666666666666666,0.6153846153846154,0.64,0.08,4,0.05,0.7,0.45
R4,20,0.2,24,9,0.7272727272727273,0.6153846153846154,0.6666666666666667,0.08,4,0.05,0.8,0.45
R4,20,0.2,24,9,0.7272727272727273,0.6153846153846154,0.6666666666666667,0.08,4,0.05,0.9,0.45
R4,20,0.2,24,9,0.7272727272727273,0.6153846153846154,0.6666666666666667,0.08,4,0.05,1.0,0.45
R4,20,0.2,25,22,0.5319148936170213,0.6410256410256411,0.5813953488372093,0.08333333333333333,4,0.1,0.5,0.45
R4,20,0.2,25,19,0.5681818181818182,0.6410256410256411,0.6024096385542169,0.08333333333333333,4,0.1,0.6,0.45
R4,20,0.2,24,12,0.6666666666666666,0.6153846153846154,0.64,0.08,4,0.1,0.7,0.45
R4,20,0.2,24,9,0.7272727272727273,0.6153846153846154,0.6666666666666667,0.08,4,0.1,0.8,0.45
R4,20,0.2,24,9,0.7272727272727273,0.6153846153846154,0.6666666666666667,0.08,4,0.1,0.9,0.45
R4,20,0.2,24,9,0.7272727272727273,0.6153846153846154,0.6666666666666667,0.08,4,0.1,1.0,0.45
R4,20,0.2,24,18,0.5714285714285714,0.6153846153846154,0.5925925925925927,0.08,4,0.0,0.5,0.5
R4,20,0.2,24,16,0.6,0.6153846153846154,0.6075949367088608,0.08,4,0.0,0.6,0.5
R4,20,0.2,23,10,0.696969696969697,0.5897435897435898,0.638888888888889,0.07666666666666666,4,0.0,0.7,0.5
R4,20,0.2,23,8,0.7419354838709677,0.5897435897435898,0.6571428571428573,0.07666666666666666,4,0.0,0.8,0.5
R4,20,0.2,23,8,0.7419354838709677,0.5897435897435898,0.6571428571428573,0.07666666666666666,4,0.0,0.9,0.5
R4,20,0.2,23,8,0.7419354838709677,0.5897435897435898,0.6571428571428573,0.07666666666666666,4,0.0,1.0,0.5
R4,20,0.2,24,18,0.5714285714285714,0.6153846153846154,0.5925925925925927,0.08,4,0.05,0.5,0.5
R4,20,0.2,24,16,0.6,0.6153846153846154,0.6075949367088608,0.08,4,0.05,0.6,0.5
R4,20,0.2,23,10,0.696969696969697,0.5897435897435898,0.638888888888889,0.07666666666666666,4,0.05,0.7,0.5
R4,20,0.2,23,8,0.7419354838709677,0.5897435897435898,0.6571428571428573,0.07666666666666666,4,0.05,0.8,0.5
R4,20,0.2,23,8,0.7419354838709677,0.5897435897435898,0.6571428571428573,0.07666666666666666,4,0.05,0.9,0.5
R4,20,0.2,23,8,0.7419354838709677,0.5897435897435898,0.6571428571428573,0.07666666666666666,4,0.05,1.0,0.5
R4,20,0.2,24,18,0.5714285714285714,0.6153846153846154,0.5925925925925927,0.08,4,0.1,0.5,0.5
R4,20,0.2,24,16,0.6,0.6153846153846154,0.6075949367088608,0.08,4,0.1,0.6,0.5
R4,20,0.2,23,10,0.696969696969697,0.5897435897435898,0.638888888888889,0.07666666666666666,4,0.1,0.7,0.5
R4,20,0.2,23,8,0.7419354838709677,0.5897435897435898,0.6571428571428573,0.07666666666666666,4,0.1,0.8,0.5
R4,20,0.2,23,8,0.7419354838709677,0.5897435897435898,0.6571428571428573,0.07666666666666666,4,0.1,0.9,0.5
R4,20,0.2,23,8,0.7419354838709677,0.5897435897435898,0.6571428571428573,0.07666666666666666,4,0.1,1.0,0.5
R4,20,0.2,21,15,0.5833333333333334,0.5384615384615384,0.5599999999999999,0.07,4,0.0,0.5,0.55
R4,20,0.2,21,13,0.6176470588235294,0.5384615384615384,0.5753424657534247,0.07,4,0.0,0.6,0.55
R4,20,0.2,21,7,0.75,0.5384615384615384,0.6268656716417911,0.07,4,0.0,0.7,0.55
R4,20,0.2,21,6,0.7777777777777778,0.5384615384615384,0.6363636363636364,0.07,4,0.0,0.8,0.55
R4,20,0.2,21,6,0.7777777777777778,0.5384615384615384,0.6363636363636364,0.07,4,0.0,0.9,0.55
R4,20,0.2,21,6,0.7777777777777778,0.5384615384615384,0.6363636363636364,0.07,4,0.0,1.0,0.55
R4,20,0.2,21,15,0.5833333333333334,0.5384615384615384,0.5599999999999999,0.07,4,0.05,0.5,0.55
R4,20,0.2,21,13,0.6176470588235294,0.5384615384615384,0.5753424657534247,0.07,4,0.05,0.6,0.55
R4,20,0.2,21,7,0.75,0.5384615384615384,0.6268656716417911,0.07,4,0.05,0.7,0.55
R4,20,0.2,21,6,0.7777777777777778,0.5384615384615384,0.6363636363636364,0.07,4,0.05,0.8,0.55
R4,20,0.2,21,6,0.7777777777777778,0.5384615384615384,0.6363636363636364,0.07,4,0.05,0.9,0.55
R4,20,0.2,21,6,0.7777777777777778,0.5384615384615384,0.6363636363636364,0.07,4,0.05,1.0,0.55
R4,20,0.2,21,15,0.5833333333333334,0.5384615384615384,0.5599999999999999,0.07,4,0.1,0.5,0.55
R4,20,0.2,21,13,0.6176470588235294,0.5384615384615384,0.5753424657534247,0.07,4,0.1,0.6,0.55
R4,20,0.2,21,7,0.75,0.5384615384615384,0.6268656716417911,0.07,4,0.1,0.7,0.55
R4,20,0.2,21,6,0.7777777777777778,0.5384615384615384,0.6363636363636364,0.07,4,0.1,0.8,0.55
R4,20,0.2,21,6,0.7777777777777778,0.5384615384615384,0.6363636363636364,0.07,4,0.1,0.9,0.55
R4,20,0.2,21,6,0.7777777777777778,0.5384615384615384,0.6363636363636364,0.07,4,0.1,1.0,0.55
R4,20,0.2,21,12,0.6363636363636364,0.5384615384615384,0.5833333333333334,0.07,4,0.0,0.5,0.6
R4,20,0.2,21,10,0.6774193548387096,0.5384615384615384,0.6,0.07,4,0.0,0.6,0.6
R4,20,0.2,21,6,0.7777777777777778,0.5384615384615384,0.6363636363636364,0.07,4,0.0,0.7,0.6
R4,20,0.2,21,6,0.7777777777777778,0.5384615384615384,0.6363636363636364,0.07,4,0.0,0.8,0.6
R4,20,0.2,21,6,0.7777777777777778,0.5384615384615384,0.6363636363636364,0.07,4,0.0,0.9,0.6
R4,20,0.2,21,6,0.7777777777777778,0.5384615384615384,0.6363636363636364,0.07,4,0.0,1.0,0.6
R4,20,0.2,21,12,0.6363636363636364,0.5384615384615384,0.5833333333333334,0.07,4,0.05,0.5,0.6
R4,20,0.2,21,10,0.6774193548387096,0.5384615384615384,0.6,0.07,4,0.05,0.6,0.6
R4,20,0.2,21,6,0.7777777777777778,0.5384615384615384,0.6363636363636364,0.07,4,0.05,0.7,0.6
R4,20,0.2,21,6,0.7777777777777778,0.5384615384615384,0.6363636363636364,0.07,4,0.05,0.8,0.6
R4,20,0.2,21,6,0.7777777777777778,0.5384615384615384,0.6363636363636364,0.07,4,0.05,0.9,0.6
R4,20,0.2,21,6,0.7777777777777778,0.5384615384615384,0.6363636363636364,0.07,4,0.05,1.0,0.6
R4,20,0.2,21,12,0.6363636363636364,0.5384615384615384,0.5833333333333334,0.07,4,0.1,0.5,0.6
R4,20,0.2,21,10,0.6774193548387096,0.5384615384615384,0.6,0.07,4,0.1,0.6,0.6
R4,20,0.2,21,6,0.7777777777777778,0.5384615384615384,0.6363636363636364,0.07,4,0.1,0.7,0.6
R4,20,0.2,21,6,0.7777777777777778,0.5384615384615384,0.6363636363636364,0.07,4,0.1,0.8,0.6
R4,20,0.2,21,6,0.7777777777777778,0.5384615384615384,0.6363636363636364,0.07,4,0.1,0.9,0.6
R4,20,0.2,21,6,0.7777777777777778,0.5384615384615384,0.6363636363636364,0.07,4,0.1,1.0,0.6
R4,20,0.2,20,6,0.7692307692307693,0.5128205128205128,0.6153846153846154,0.06666666666666667,4,0.0,0.5,0.6499999999999999
R4,20,0.2,20,4,0.8333333333333334,0.5128205128205128,0.6349206349206349,0.06666666666666667,4,0.0,0.6,0.6499999999999999
R4,20,0.2,20,3,0.8695652173913043,0.5128205128205128,0.6451612903225806,0.06666666666666667,4,0.0,0.7,0.6499999999999999
R4,20,0.2,20,3,0.8695652173913043,0.5128205128205128,0.6451612903225806,0.06666666666666667,4,0.0,0.8,0.6499999999999999
R4,20,0.2,20,3,0.8695652173913043,0.5128205128205128,0.6451612903225806,0.06666666666666667,4,0.0,0.9,0.6499999999999999
R4,20,0.2,20,3,0.8695652173913043,0.5128205128205128,0.6451612903225806,0.06666666666666667,4,0.0,1.0,0.6499999999999999
R4,20,0.2,20,6,0.7692307692307693,0.5128205128205128,0.6153846153846154,0.06666666666666667,4,0.05,0.5,0.6499999999999999
R4,20,0.2,20,4,0.8333333333333334,0.5128205128205128,0.6349206349206349,0.06666666666666667,4,0.05,0.6,0.6499999999999999
R4,20,0.2,20,3,0.8695652173913043,0.5128205128205128,0.6451612903225806,0.06666666666666667,4,0.05,0.7,0.6499999999999999
R4,20,0.2,20,3,0.8695652173913043,0.5128205128205128,0.6451612903225806,0.06666666666666667,4,0.05,0.8,0.6499999999999999
R4,20,0.2,20,3,0.8695652173913043,0.5128205128205128,0.6451612903225806,0.06666666666666667,4,0.05,0.9,0.6499999999999999
R4,20,0.2,20,3,0.8695652173913043,0.5128205128205128,0.6451612903225806,0.06666666666666667,4,0.05,1.0,0.6499999999999999
R4,20,0.2,20,6,0.7692307692307693,0.5128205128205128,0.6153846153846154,0.06666666666666667,4,0.1,0.5,0.6499999999999999
R4,20,0.2,20,4,0.8333333333333334,0.5128205128205128,0.6349206349206349,0.06666666666666667,4,0.1,0.6,0.6499999999999999
R4,20,0.2,20,3,0.8695652173913043,0.5128205128205128,0.6451612903225806,0.06666666666666667,4,0.1,0.7,0.6499999999999999
R4,20,0.2,20,3,0.8695652173913043,0.5128205128205128,0.6451612903225806,0.06666666666666667,4,0.1,0.8,0.6499999999999999
R4,20,0.2,20,3,0.8695652173913043,0.5128205128205128,0.6451612903225806,0.06666666666666667,4,0.1,0.9,0.6499999999999999
R4,20,0.2,20,3,0.8695652173913043,0.5128205128205128,0.6451612903225806,0.06666666666666667,4,0.1,1.0,0.6499999999999999
R4,20,0.2,16,5,0.7619047619047619,0.41025641025641024,0.5333333333333333,0.05333333333333334,4,0.0,0.5,0.7
R4,20,0.2,16,4,0.8,0.41025641025641024,0.5423728813559321,0.05333333333333334,4,0.0,0.6,0.7
R4,20,0.2,16,3,0.8421052631578947,0.41025641025641024,0.5517241379310346,0.05333333333333334,4,0.0,0.7,0.7
R4,20,0.2,16,3,0.8421052631578947,0.41025641025641024,0.5517241379310346,0.05333333333333334,4,0.0,0.8,0.7
R4,20,0.2,16,3,0.8421052631578947,0.41025641025641024,0.5517241379310346,0.05333333333333334,4,0.0,0.9,0.7
R4,20,0.2,16,3,0.8421052631578947,0.41025641025641024,0.5517241379310346,0.05333333333333334,4,0.0,1.0,0.7
R4,20,0.2,16,5,0.7619047619047619,0.41025641025641024,0.5333333333333333,0.05333333333333334,4,0.05,0.5,0.7
R4,20,0.2,16,4,0.8,0.41025641025641024,0.5423728813559321,0.05333333333333334,4,0.05,0.6,0.7
R4,20,0.2,16,3,0.8421052631578947,0.41025641025641024,0.5517241379310346,0.05333333333333334,4,0.05,0.7,0.7
R4,20,0.2,16,3,0.8421052631578947,0.41025641025641024,0.5517241379310346,0.05333333333333334,4,0.05,0.8,0.7
R4,20,0.2,16,3,0.8421052631578947,0.41025641025641024,0.5517241379310346,0.05333333333333334,4,0.05,0.9,0.7
R4,20,0.2,16,3,0.8421052631578947,0.41025641025641024,0.5517241379310346,0.05333333333333334,4,0.05,1.0,0.7
R4,20,0.2,16,5,0.7619047619047619,0.41025641025641024,0.5333333333333333,0.05333333333333334,4,0.1,0.5,0.7
R4,20,0.2,16,4,0.8,0.41025641025641024,0.5423728813559321,0.05333333333333334,4,0.1,0.6,0.7
R4,20,0.2,16,3,0.8421052631578947,0.41025641025641024,0.5517241379310346,0.05333333333333334,4,0.1,0.7,0.7
R4,20,0.2,16,3,0.8421052631578947,0.41025641025641024,0.5517241379310346,0.05333333333333334,4,0.1,0.8,0.7
R4,20,0.2,16,3,0.8421052631578947,0.41025641025641024,0.5517241379310346,0.05333333333333334,4,0.1,0.9,0.7
R4,20,0.2,16,3,0.8421052631578947,0.41025641025641024,0.5517241379310346,0.05333333333333334,4,0.1,1.0,0.7
R4,20,0.22500000000000003,27,24,0.5294117647058824,0.6923076923076923,0.5999999999999999,0.09,4,0.0,0.5,0.4
R4,20,0.22500000000000003,27,21,0.5625,0.6923076923076923,0.6206896551724138,0.09,4,0.0,0.6,0.4
R4,20,0.22500000000000003,26,13,0.6666666666666666,0.6666666666666666,0.6666666666666666,0.08666666666666667,4,0.0,0.7,0.4
R4,20,0.22500000000000003,26,10,0.7222222222222222,0.6666666666666666,0.6933333333333334,0.08666666666666667,4,0.0,0.8,0.4
R4,20,0.22500000000000003,26,10,0.7222222222222222,0.6666666666666666,0.6933333333333334,0.08666666666666667,4,0.0,0.9,0.4
R4,20,0.22500000000000003,26,10,0.7222222222222222,0.6666666666666666,0.6933333333333334,0.08666666666666667,4,0.0,1.0,0.4
R4,20,0.22500000000000003,27,24,0.5294117647058824,0.6923076923076923,0.5999999999999999,0.09,4,0.05,0.5,0.4
R4,20,0.22500000000000003,27,21,0.5625,0.6923076923076923,0.6206896551724138,0.09,4,0.05,0.6,0.4
R4,20,0.22500000000000003,26,13,0.6666666666666666,0.6666666666666666,0.6666666666666666,0.08666666666666667,4,0.05,0.7,0.4
R4,20,0.22500000000000003,26,10,0.7222222222222222,0.6666666666666666,0.6933333333333334,0.08666666666666667,4,0.05,0.8,0.4
R4,20,0.22500000000000003,26,10,0.7222222222222222,0.6666666666666666,0.6933333333333334,0.08666666666666667,4,0.05,0.9,0.4
R4,20,0.22500000000000003,26,10,0.7222222222222222,0.6666666666666666,0.6933333333333334,0.08666666666666667,4,0.05,1.0,0.4
R4,20,0.22500000000000003,27,24,0.5294117647058824,0.6923076923076923,0.5999999999999999,0.09,4,0.1,0.5,0.4
R4,20,0.22500000000000003,27,21,0.5625,0.6923076923076923,0.6206896551724138,0.09,4,0.1,0.6,0.4
R4,20,0.22500000000000003,26,13,0.6666666666666666,0.6666666666666666,0.6666666666666666,0.08666666666666667,4,0.1,0.7,0.4
R4,20,0.22500000000000003,26,10,0.7222222222222222,0.6666666666666666,0.6933333333333334,0.08666666666666667,4,0.1,0.8,0.4
R4,20,0.22500000000000003,26,10,0.7222222222222222,0.6666666666666666,0.6933333333333334,0.08666666666666667,4,0.1,0.9,0.4
R4,20,0.22500000000000003,26,10,0.7222222222222222,0.6666666666666666,0.6933333333333334,0.08666666666666667,4,0.1,1.0,0.4
R4,20,0.22500000000000003,26,22,0.5416666666666666,0.6666666666666666,0.5977011494252873,0.08666666666666667,4,0.0,0.5,0.45
R4,20,0.22500000000000003,26,19,0.5777777777777777,0.6666666666666666,0.619047619047619,0.08666666666666667,4,0.0,0.6,0.45
R4,20,0.22500000000000003,25,12,0.6756756756756757,0.6410256410256411,0.6578947368421052,0.08333333333333333,4,0.0,0.7,0.45
R4,20,0.22500000000000003,25,9,0.7352941176470589,0.6410256410256411,0.6849315068493151,0.08333333333333333,4,0.0,0.8,0.45
R4,20,0.22500000000000003,25,9,0.7352941176470589,0.6410256410256411,0.6849315068493151,0.08333333333333333,4,0.0,0.9,0.45
R4,20,0.22500000000000003,25,9,0.7352941176470589,0.6410256410256411,0.6849315068493151,0.08333333333333333,4,0.0,1.0,0.45
R4,20,0.22500000000000003,26,22,0.5416666666666666,0.6666666666666666,0.5977011494252873,0.08666666666666667,4,0.05,0.5,0.45
R4,20,0.22500000000000003,26,19,0.5777777777777777,0.6666666666666666,0.619047619047619,0.08666666666666667,4,0.05,0.6,0.45
R4,20,0.22500000000000003,25,12,0.6756756756756757,0.6410256410256411,0.6578947368421052,0.08333333333333333,4,0.05,0.7,0.45
R4,20,0.22500000000000003,25,9,0.7352941176470589,0.6410256410256411,0.6849315068493151,0.08333333333333333,4,0.05,0.8,0.45
R4,20,0.22500000000000003,25,9,0.7352941176470589,0.6410256410256411,0.6849315068493151,0.08333333333333333,4,0.05,0.9,0.45
R4,20,0.22500000000000003,25,9,0.7352941176470589,0.6410256410256411,0.6849315068493151,0.08333333333333333,4,0.05,1.0,0.45
R4,20,0.22500000000000003,26,22,0.5416666666666666,0.6666666666666666,0.5977011494252873,0.08666666666666667,4,0.1,0.5,0.45
R4,20,0.22500000000000003,26,19,0.5777777777777777,0.6666666666666666,0.619047619047619,0.08666666666666667,4,0.1,0.6,0.45
R4,20,0.22500000000000003,25,12,0.6756756756756757,0.6410256410256411,0.6578947368421052,0.08333333333333333,4,0.1,0.7,0.45
R4,20,0.22500000000000003,25,9,0.7352941176470589,0.6410256410256411,0.6849315068493151,0.08333333333333333,4,0.1,0.8,0.45
R4,20,0.22500000000000003,25,9,0.7352941176470589,0.6410256410256411,0.6849315068493151,0.08333333333333333,4,0.1,0.9,0.45
R4,20,0.22500000000000003,25,9,0.7352941176470589,0.6410256410256411,0.6849315068493151,0.08333333333333333,4,0.1,1.0,0.45
R4,20,0.22500000000000003,25,18,0.5813953488372093,0.6410256410256411,0.6097560975609757,0.08333333333333333,4,0.0,0.5,0.5
R4,20,0.22500000000000003,25,16,0.6097560975609756,0.6410256410256411,0.625,0.08333333333333333,4,0.0,0.6,0.5
R4,20,0.22500000000000003,24,10,0.7058823529411765,0.6153846153846154,0.6575342465753424,0.08,4,0.0,0.7,0.5
R4,20,0.22500000000000003,24,8,0.75,0.6153846153846154,0.676056338028169,0.08,4,0.0,0.8,0.5
R4,20,0.22500000000000003,24,8,0.75,0.6153846153846154,0.676056338028169,0.08,4,0.0,0.9,0.5
R4,20,0.22500000000000003,24,8,0.75,0.6153846153846154,0.676056338028169,0.08,4,0.0,1.0,0.5
R4,20,0.22500000000000003,25,18,0.5813953488372093,0.6410256410256411,0.6097560975609757,0.08333333333333333,4,0.05,0.5,0.5
R4,20,0.22500000000000003,25,16,0.6097560975609756,0.6410256410256411,0.625,0.08333333333333333,4,0.05,0.6,0.5
R4,20,0.22500000000000003,24,10,0.7058823529411765,0.6153846153846154,0.6575342465753424,0.08,4,0.05,0.7,0.5
R4,20,0.22500000000000003,24,8,0.75,0.6153846153846154,0.676056338028169,0.08,4,0.05,0.8,0.5
R4,20,0.22500000000000003,24,8,0.75,0.6153846153846154,0.676056338028169,0.08,4,0.05,0.9,0.5
R4,20,0.22500000000000003,24,8,0.75,0.6153846153846154,0.676056338028169,0.08,4,0.05,1.0,0.5
R4,20,0.22500000000000003,25,18,0.5813953488372093,0.6410256410256411,0.6097560975609757,0.08333333333333333,4,0.1,0.5,0.5
R4,20,0.22500000000000003,25,16,0.6097560975609756,0.6410256410256411,0.625,0.08333333333333333,4,0.1,0.6,0.5
R4,20,0.22500000000000003,24,10,0.7058823529411765,0.6153846153846154,0.6575342465753424,0.08,4,0.1,0.7,0.5
R4,20,0.22500000000000003,24,8,0.75,0.6153846153846154,0.676056338028169,0.08,4,0.1,0.8,0.5
R4,20,0.22500000000000003,24,8,0.75,0.6153846153846154,0.676056338028169,0.08,4,0.1,0.9,0.5
R4,20,0.22500000000000003,24,8,0.75,0.6153846153846154,0.676056338028169,0.08,4,0.1,1.0,0.5
R4,20,0.22500000000000003,22,15,0.5945945945945946,0.5641025641025641,0.5789473684210528,0.07333333333333333,4,0.0,0.5,0.55
R4,20,0.22500000000000003,22,13,0.6285714285714286,0.5641025641025641,0.5945945945945945,0.07333333333333333,4,0.0,0.6,0.55
R4,20,0.22500000000000003,22,7,0.7586206896551724,0.5641025641025641,0.6470588235294118,0.07333333333333333,4,0.0,0.7,0.55
R4,20,0.22500000000000003,22,6,0.7857142857142857,0.5641025641025641,0.6567164179104477,0.07333333333333333,4,0.0,0.8,0.55
R4,20,0.22500000000000003,22,6,0.7857142857142857,0.5641025641025641,0.6567164179104477,0.07333333333333333,4,0.0,0.9,0.55
R4,20,0.22500000000000003,22,6,0.7857142857142857,0.5641025641025641,0.6567164179104477,0.07333333333333333,4,0.0,1.0,0.55
R4,20,0.22500000000000003,22,15,0.5945945945945946,0.5641025641025641,0.5789473684210528,0.07333333333333333,4,0.05,0.5,0.55
R4,20,0.22500000000000003,22,13,0.6285714285714286,0.5641025641025641,0.5945945945945945,0.07333333333333333,4,0.05,0.6,0.55
R4,20,0.22500000000000003,22,7,0.7586206896551724,0.5641025641025641,0.6470588235294118,0.07333333333333333,4,0.05,0.7,0.55
R4,20,0.22500000000000003,22,6,0.7857142857142857,0.5641025641025641,0.6567164179104477,0.07333333333333333,4,0.05,0.8,0.55
R4,20,0.22500000000000003,22,6,0.7857142857142857,0.5641025641025641,0.6567164179104477,0.07333333333333333,4,0.05,0.9,0.55
R4,20,0.22500000000000003,22,6,0.7857142857142857,0.5641025641025641,0.6567164179104477,0.07333333333333333,4,0.05,1.0,0.55
R4,20,0.22500000000000003,22,15,0.5945945945945946,0.5641025641025641,0.5789473684210528,0.07333333333333333,4,0.1,0.5,0.55
R4,20,0.22500000000000003,22,13,0.6285714285714286,0.5641025641025641,0.5945945945945945,0.07333333333333333,4,0.1,0.6,0.55
R4,20,0.22500000000000003,22,7,0.7586206896551724,0.5641025641025641,0.6470588235294118,0.07333333333333333,4,0.1,0.7,0.55
R4,20,0.22500000000000003,22,6,0.7857142857142857,0.5641025641025641,0.6567164179104477,0.07333333333333333,4,0.1,0.8,0.55
R4,20,0.22500000000000003,22,6,0.7857142857142857,0.5641025641025641,0.6567164179104477,0.07333333333333333,4,0.1,0.9,0.55
R4,20,0.22500000000000003,22,6,0.7857142857142857,0.5641025641025641,0.6567164179104477,0.07333333333333333,4,0.1,1.0,0.55
R4,20,0.22500000000000003,22,12,0.6470588235294118,0.5641025641025641,0.6027397260273972,0.07333333333333333,4,0.0,0.5,0.6
R4,20,0.22500000000000003,22,10,0.6875,0.5641025641025641,0.619718309859155,0.07333333333333333,4,0.0,0.6,0.6
R4,20,0.22500000000000003,22,6,0.7857142857142857,0.5641025641025641,0.6567164179104477,0.07333333333333333,4,0.0,0.7,0.6
R4,20,0.22500000000000003,22,6,0.7857142857142857,0.5641025641025641,0.6567164179104477,0.07333333333333333,4,0.0,0.8,0.6
R4,20,0.22500000000000003,22,6,0.7857142857142857,0.5641025641025641,0.6567164179104477,0.07333333333333333,4,0.0,0.9,0.6
R4,20,0.22500000000000003,22,6,0.7857142857142857,0.5641025641025641,0.6567164179104477,0.07333333333333333,4,0.0,1.0,0.6
R4,20,0.22500000000000003,22,12,0.6470588235294118,0.5641025641025641,0.6027397260273972,0.07333333333333333,4,0.05,0.5,0.6
R4,20,0.22500000000000003,22,10,0.6875,0.5641025641025641,0.619718309859155,0.07333333333333333,4,0.05,0.6,0.6
R4,20,0.22500000000000003,22,6,0.7857142857142857,0.5641025641025641,0.6567164179104477,0.07333333333333333,4,0.05,0.7,0.6
R4,20,0.22500000000000003,22,6,0.7857142857142857,0.5641025641025641,0.6567164179104477,0.07333333333333333,4,0.05,0.8,0.6
R4,20,0.22500000000000003,22,6,0.7857142857142857,0.5641025641025641,0.6567164179104477,0.07333333333333333,4,0.05,0.9,0.6
R4,20,0.22500000000000003,22,6,0.7857142857142857,0.5641025641025641,0.6567164179104477,0.07333333333333333,4,0.05,1.0,0.6
R4,20,0.22500000000000003,22,12,0.6470588235294118,0.5641025641025641,0.6027397260273972,0.07333333333333333,4,0.1,0.5,0.6
R4,20,0.22500000000000003,22,10,0.6875,0.5641025641025641,0.619718309859155,0.07333333333333333,4,0.1,0.6,0.6
R4,20,0.22500000000000003,22,6,0.7857142857142857,0.5641025641025641,0.6567164179104477,0.07333333333333333,4,0.1,0.7,0.6
R4,20,0.22500000000000003,22,6,0.7857142857142857,0.5641025641025641,0.6567164179104477,0.07333333333333333,4,0.1,0.8,0.6
R4,20,0.22500000000000003,22,6,0.7857142857142857,0.5641025641025641,0.6567164179104477,0.07333333333333333,4,0.1,0.9,0.6
R4,20,0.22500000000000003,22,6,0.7857142857142857,0.5641025641025641,0.6567164179104477,0.07333333333333333,4,0.1,1.0,0.6
R4,20,0.22500000000000003,21,6,0.7777777777777778,0.5384615384615384,0.6363636363636364,0.07,4,0.0,0.5,0.6499999999999999
R4,20,0.22500000000000003,21,4,0.84,0.5384615384615384,0.6562499999999999,0.07,4,0.0,0.6,0.6499999999999999
R4,20,0.22500000000000003,21,3,0.875,0.5384615384615384,0.6666666666666667,0.07,4,0.0,0.7,0.6499999999999999
R4,20,0.22500000000000003,21,3,0.875,0.5384615384615384,0.6666666666666667,0.07,4,0.0,0.8,0.6499999999999999
R4,20,0.22500000000000003,21,3,0.875,0.5384615384615384,0.6666666666666667,0.07,4,0.0,0.9,0.6499999999999999
R4,20,0.22500000000000003,21,3,0.875,0.5384615384615384,0.6666666666666667,0.07,4,0.0,1.0,0.6499999999999999
R4,20,0.22500000000000003,21,6,0.7777777777777778,0.5384615384615384,0.6363636363636364,0.07,4,0.05,0.5,0.6499999999999999
R4,20,0.22500000000000003,21,4,0.84,0.5384615384615384,0.6562499999999999,0.07,4,0.05,0.6,0.6499999999999999
R4,20,0.22500000000000003,21,3,0.875,0.5384615384615384,0.6666666666666667,0.07,4,0.05,0.7,0.6499999999999999
R4,20,0.22500000000000003,21,3,0.875,0.5384615384615384,0.6666666666666667,0.07,4,0.05,0.8,0.6499999999999999
R4,20,0.22500000000000003,21,3,0.875,0.5384615384615384,0.6666666666666667,0.07,4,0.05,0.9,0.6499999999999999
R4,20,0.22500000000000003,21,3,0.875,0.5384615384615384,0.6666666666666667,0.07,4,0.05,1.0,0.6499999999999999
R4,20,0.22500000000000003,21,6,0.7777777777777778,0.5384615384615384,0.6363636363636364,0.07,4,0.1,0.5,0.6499999999999999
R4,20,0.22500000000000003,21,4,0.84,0.5384615384615384,0.6562499999999999,0.07,4,0.1,0.6,0.6499999999999999
R4,20,0.22500000000000003,21,3,0.875,0.5384615384615384,0.6666666666666667,0.07,4,0.1,0.7,0.6499999999999999
R4,20,0.22500000000000003,21,3,0.875,0.5384615384615384,0.6666666666666667,0.07,4,0.1,0.8,0.6499999999999999
R4,20,0.22500000000000003,21,3,0.875,0.5384615384615384,0.6666666666666667,0.07,4,0.1,0.9,0.6499999999999999
R4,20,0.22500000000000003,21,3,0.875,0.5384615384615384,0.6666666666666667,0.07,4,0.1,1.0,0.6499999999999999
R4,20,0.22500000000000003,17,5,0.7727272727272727,0.4358974358974359,0.5573770491803278,0.056666666666666664,4,0.0,0.5,0.7
R4,20,0.22500000000000003,17,4,0.8095238095238095,0.4358974358974359,0.5666666666666667,0.056666666666666664,4,0.0,0.6,0.7
R4,20,0.22500000000000003,17,3,0.85,0.4358974358974359,0.5762711864406781,0.056666666666666664,4,0.0,0.7,0.7
R4,20,0.22500000000000003,17,3,0.85,0.4358974358974359,0.5762711864406781,0.056666666666666664,4,0.0,0.8,0.7
R4,20,0.22500000000000003,17,3,0.85,0.4358974358974359,0.5762711864406781,0.056666666666666664,4,0.0,0.9,0.7
R4,20,0.22500000000000003,17,3,0.85,0.4358974358974359,0.5762711864406781,0.056666666666666664,4,0.0,1.0,0.7
R4,20,0.22500000000000003,17,5,0.7727272727272727,0.4358974358974359,0.5573770491803278,0.056666666666666664,4,0.05,0.5,0.7
R4,20,0.22500000000000003,17,4,0.8095238095238095,0.4358974358974359,0.5666666666666667,0.056666666666666664,4,0.05,0.6,0.7
R4,20,0.22500000000000003,17,3,0.85,0.4358974358974359,0.5762711864406781,0.056666666666666664,4,0.05,0.7,0.7
R4,20,0.22500000000000003,17,3,0.85,0.4358974358974359,0.5762711864406781,0.056666666666666664,4,0.05,0.8,0.7
R4,20,0.22500000000000003,17,3,0.85,0.4358974358974359,0.5762711864406781,0.056666666666666664,4,0.05,0.9,0.7
R4,20,0.22500000000000003,17,3,0.85,0.4358974358974359,0.5762711864406781,0.056666666666666664,4,0.05,1.0,0.7
R4,20,0.22500000000000003,17,5,0.7727272727272727,0.4358974358974359,0.5573770491803278,0.056666666666666664,4,0.1,0.5,0.7
R4,20,0.22500000000000003,17,4,0.8095238095238095,0.4358974358974359,0.5666666666666667,0.056666666666666664,4,0.1,0.6,0.7
R4,20,0.22500000000000003,17,3,0.85,0.4358974358974359,0.5762711864406781,0.056666666666666664,4,0.1,0.7,0.7
R4,20,0.22500000000000003,17,3,0.85,0.4358974358974359,0.5762711864406781,0.056666666666666664,4,0.1,0.8,0.7
R4,20,0.22500000000000003,17,3,0.85,0.4358974358974359,0.5762711864406781,0.056666666666666664,4,0.1,0.9,0.7
R4,20,0.22500000000000003,17,3,0.85,0.4358974358974359,0.5762711864406781,0.056666666666666664,4,0.1,1.0,0.7
R4,20,0.25,30,25,0.5454545454545454,0.7692307692307693,0.6382978723404256,0.1,4,0.0,0.5,0.4
R4,20,0.25,30,22,0.5769230769230769,0.7692307692307693,0.6593406593406593,0.1,4,0.0,0.6,0.4
R4,20,0.25,29,14,0.6744186046511628,0.7435897435897436,0.7073170731707318,0.09666666666666666,4,0.0,0.7,0.4
R4,20,0.25,29,11,0.725,0.7435897435897436,0.7341772151898733,0.09666666666666666,4,0.0,0.8,0.4
R4,20,0.25,29,11,0.725,0.7435897435897436,0.7341772151898733,0.09666666666666666,4,0.0,0.9,0.4
R4,20,0.25,29,11,0.725,0.7435897435897436,0.7341772151898733,0.09666666666666666,4,0.0,1.0,0.4
R4,20,0.25,30,25,0.5454545454545454,0.7692307692307693,0.6382978723404256,0.1,4,0.05,0.5,0.4
R4,20,0.25,30,22,0.5769230769230769,0.7692307692307693,0.6593406593406593,0.1,4,0.05,0.6,0.4
R4,20,0.25,29,14,0.6744186046511628,0.7435897435897436,0.7073170731707318,0.09666666666666666,4,0.05,0.7,0.4
R4,20,0.25,29,11,0.725,0.7435897435897436,0.7341772151898733,0.09666666666666666,4,0.05,0.8,0.4
R4,20,0.25,29,11,0.725,0.7435897435897436,0.7341772151898733,0.09666666666666666,4,0.05,0.9,0.4
R4,20,0.25,29,11,0.725,0.7435897435897436,0.7341772151898733,0.09666666666666666,4,0.05,1.0,0.4
R4,20,0.25,30,25,0.5454545454545454,0.7692307692307693,0.6382978723404256,0.1,4,0.1,0.5,0.4
R4,20,0.25,30,22,0.5769230769230769,0.7692307692307693,0.6593406593406593,0.1,4,0.1,0.6,0.4
R4,20,0.25,29,14,0.6744186046511628,0.7435897435897436,0.7073170731707318,0.09666666666666666,4,0.1,0.7,0.4
R4,20,0.25,29,11,0.725,0.7435897435897436,0.7341772151898733,0.09666666666666666,4,0.1,0.8,0.4
R4,20,0.25,29,11,0.725,0.7435897435897436,0.7341772151898733,0.09666666666666666,4,0.1,0.9,0.4
R4,20,0.25,29,11,0.725,0.7435897435897436,0.7341772151898733,0.09666666666666666,4,0.1,1.0,0.4
R4,20,0.25,29,23,0.5576923076923077,0.7435897435897436,0.6373626373626373,0.09666666666666666,4,0.0,0.5,0.45
R4,20,0.25,29,20,0.5918367346938775,0.7435897435897436,0.6590909090909091,0.09666666666666666,4,0.0,0.6,0.45
R4,20,0.25,28,13,0.6829268292682927,0.717948717948718,0.7000000000000001,0.09333333333333334,4,0.0,0.7,0.45
R4,20,0.25,28,10,0.7368421052631579,0.717948717948718,0.7272727272727273,0.09333333333333334,4,0.0,0.8,0.45
R4,20,0.25,28,10,0.7368421052631579,0.717948717948718,0.7272727272727273,0.09333333333333334,4,0.0,0.9,0.45
R4,20,0.25,28,10,0.7368421052631579,0.717948717948718,0.7272727272727273,0.09333333333333334,4,0.0,1.0,0.45
R4,20,0.25,29,23,0.5576923076923077,0.7435897435897436,0.6373626373626373,0.09666666666666666,4,0.05,0.5,0.45
R4,20,0.25,29,20,0.5918367346938775,0.7435897435897436,0.6590909090909091,0.09666666666666666,4,0.05,0.6,0.45
R4,20,0.25,28,13,0.6829268292682927,0.717948717948718,0.7000000000000001,0.09333333333333334,4,0.05,0.7,0.45
R4,20,0.25,28,10,0.7368421052631579,0.717948717948718,0.7272727272727273,0.09333333333333334,4,0.05,0.8,0.45
R4,20,0.25,28,10,0.7368421052631579,0.717948717948718,0.7272727272727273,0.09333333333333334,4,0.05,0.9,0.45
R4,20,0.25,28,10,0.7368421052631579,0.717948717948718,0.7272727272727273,0.09333333333333334,4,0.05,1.0,0.45
R4,20,0.25,29,23,0.5576923076923077,0.7435897435897436,0.6373626373626373,0.09666666666666666,4,0.1,0.5,0.45
R4,20,0.25,29,20,0.5918367346938775,0.7435897435897436,0.6590909090909091,0.09666666666666666,4,0.1,0.6,0.45
R4,20,0.25,28,13,0.6829268292682927,0.717948717948718,0.7000000000000001,0.09333333333333334,4,0.1,0.7,0.45
R4,20,0.25,28,10,0.7368421052631579,0.717948717948718,0.7272727272727273,0.09333333333333334,4,0.1,0.8,0.45
R4,20,0.25,28,10,0.7368421052631579,0.717948717948718,0.7272727272727273,0.09333333333333334,4,0.1,0.9,0.45
R4,20,0.25,28,10,0.7368421052631579,0.717948717948718,0.7272727272727273,0.09333333333333334,4,0.1,1.0,0.45
R4,20,0.25,28,19,0.5957446808510638,0.717948717948718,0.6511627906976744,0.09333333333333334,4,0.0,0.5,0.5
R4,20,0.25,28,17,0.6222222222222222,0.717948717948718,0.6666666666666666,0.09333333333333334,4,0.0,0.6,0.5
R4,20,0.25,27,11,0.7105263157894737,0.6923076923076923,0.7012987012987013,0.09,4,0.0,0.7,0.5
R4,20,0.25,27,9,0.75,0.6923076923076923,0.7199999999999999,0.09,4,0.0,0.8,0.5
R4,20,0.25,27,9,0.75,0.6923076923076923,0.7199999999999999,0.09,4,0.0,0.9,0.5
R4,20,0.25,27,9,0.75,0.6923076923076923,0.7199999999999999,0.09,4,0.0,1.0,0.5
R4,20,0.25,28,19,0.5957446808510638,0.717948717948718,0.6511627906976744,0.09333333333333334,4,0.05,0.5,0.5
R4,20,0.25,28,17,0.6222222222222222,0.717948717948718,0.6666666666666666,0.09333333333333334,4,0.05,0.6,0.5
R4,20,0.25,27,11,0.7105263157894737,0.6923076923076923,0.7012987012987013,0.09,4,0.05,0.7,0.5
R4,20,0.25,27,9,0.75,0.6923076923076923,0.7199999999999999,0.09,4,0.05,0.8,0.5
R4,20,0.25,27,9,0.75,0.6923076923076923,0.7199999999999999,0.09,4,0.05,0.9,0.5
R4,20,0.25,27,9,0.75,0.6923076923076923,0.7199999999999999,0.09,4,0.05,1.0,0.5
R4,20,0.25,28,19,0.5957446808510638,0.717948717948718,0.6511627906976744,0.09333333333333334,4,0.1,0.5,0.5
R4,20,0.25,28,17,0.6222222222222222,0.717948717948718,0.6666666666666666,0.09333333333333334,4,0.1,0.6,0.5
R4,20,0.25,27,11,0.7105263157894737,0.6923076923076923,0.7012987012987013,0.09,4,0.1,0.7,0.5
R4,20,0.25,27,9,0.75,0.6923076923076923,0.7199999999999999,0.09,4,0.1,0.8,0.5
R4,20,0.25,27,9,0.75,0.6923076923076923,0.7199999999999999,0.09,4,0.1,0.9,0.5
R4,20,0.25,27,9,0.75,0.6923076923076923,0.7199999999999999,0.09,4,0.1,1.0,0.5
R4,20,0.25,25,16,0.6097560975609756,0.6410256410256411,0.625,0.08333333333333333,4,0.0,0.5,0.55
R4,20,0.25,25,14,0.6410256410256411,0.6410256410256411,0.6410256410256411,0.08333333333333333,4,0.0,0.6,0.55
R4,20,0.25,25,8,0.7575757575757576,0.6410256410256411,0.6944444444444444,0.08333333333333333,4,0.0,0.7,0.55
R4,20,0.25,25,7,0.78125,0.6410256410256411,0.7042253521126761,0.08333333333333333,4,0.0,0.8,0.55
R4,20,0.25,25,7,0.78125,0.6410256410256411,0.7042253521126761,0.08333333333333333,4,0.0,0.9,0.55
R4,20,0.25,25,7,0.78125,0.6410256410256411,0.7042253521126761,0.08333333333333333,4,0.0,1.0,0.55
R4,20,0.25,25,16,0.6097560975609756,0.6410256410256411,0.625,0.08333333333333333,4,0.05,0.5,0.55
R4,20,0.25,25,14,0.6410256410256411,0.6410256410256411,0.6410256410256411,0.08333333333333333,4,0.05,0.6,0.55
R4,20,0.25,25,8,0.7575757575757576,0.6410256410256411,0.6944444444444444,0.08333333333333333,4,0.05,0.7,0.55
R4,20,0.25,25,7,0.78125,0.6410256410256411,0.7042253521126761,0.08333333333333333,4,0.05,0.8,0.55
R4,20,0.25,25,7,0.78125,0.6410256410256411,0.7042253521126761,0.08333333333333333,4,0.05,0.9,0.55
R4,20,0.25,25,7,0.78125,0.6410256410256411,0.7042253521126761,0.08333333333333333,4,0.05,1.0,0.55
R4,20,0.25,25,16,0.6097560975609756,0.6410256410256411,0.625,0.08333333333333333,4,0.1,0.5,0.55
R4,20,0.25,25,14,0.6410256410256411,0.6410256410256411,0.6410256410256411,0.08333333333333333,4,0.1,0.6,0.55
R4,20,0.25,25,8,0.7575757575757576,0.6410256410256411,0.6944444444444444,0.08333333333333333,4,0.1,0.7,0.55
R4,20,0.25,25,7,0.78125,0.6410256410256411,0.7042253521126761,0.08333333333333333,4,0.1,0.8,0.55
R4,20,0.25,25,7,0.78125,0.6410256410256411,0.7042253521126761,0.08333333333333333,4,0.1,0.9,0.55
R4,20,0.25,25,7,0.78125,0.6410256410256411,0.7042253521126761,0.08333333333333333,4,0.1,1.0,0.55
R4,20,0.25,25,13,0.6578947368421053,0.6410256410256411,0.6493506493506495,0.08333333333333333,4,0.0,0.5,0.6
R4,20,0.25,25,11,0.6944444444444444,0.6410256410256411,0.6666666666666666,0.08333333333333333,4,0.0,0.6,0.6
R4,20,0.25,25,7,0.78125,0.6410256410256411,0.7042253521126761,0.08333333333333333,4,0.0,0.7,0.6
R4,20,0.25,25,7,0.78125,0.6410256410256411,0.7042253521126761,0.08333333333333333,4,0.0,0.8,0.6
R4,20,0.25,25,7,0.78125,0.6410256410256411,0.7042253521126761,0.08333333333333333,4,0.0,0.9,0.6
R4,20,0.25,25,7,0.78125,0.6410256410256411,0.7042253521126761,0.08333333333333333,4,0.0,1.0,0.6
R4,20,0.25,25,13,0.6578947368421053,0.6410256410256411,0.6493506493506495,0.08333333333333333,4,0.05,0.5,0.6
R4,20,0.25,25,11,0.6944444444444444,0.6410256410256411,0.6666666666666666,0.08333333333333333,4,0.05,0.6,0.6
R4,20,0.25,25,7,0.78125,0.6410256410256411,0.7042253521126761,0.08333333333333333,4,0.05,0.7,0.6
R4,20,0.25,25,7,0.78125,0.6410256410256411,0.7042253521126761,0.08333333333333333,4,0.05,0.8,0.6
R4,20,0.25,25,7,0.78125,0.6410256410256411,0.7042253521126761,0.08333333333333333,4,0.05,0.9,0.6
R4,20,0.25,25,7,0.78125,0.6410256410256411,0.7042253521126761,0.08333333333333333,4,0.05,1.0,0.6
R4,20,0.25,25,13,0.6578947368421053,0.6410256410256411,0.6493506493506495,0.08333333333333333,4,0.1,0.5,0.6
R4,20,0.25,25,11,0.6944444444444444,0.6410256410256411,0.6666666666666666,0.08333333333333333,4,0.1,0.6,0.6
R4,20,0.25,25,7,0.78125,0.6410256410256411,0.7042253521126761,0.08333333333333333,4,0.1,0.7,0.6
R4,20,0.25,25,7,0.78125,0.6410256410256411,0.7042253521126761,0.08333333333333333,4,0.1,0.8,0.6
R4,20,0.25,25,7,0.78125,0.6410256410256411,0.7042253521126761,0.08333333333333333,4,0.1,0.9,0.6
R4,20,0.25,25,7,0.78125,0.6410256410256411,0.7042253521126761,0.08333333333333333,4,0.1,1.0,0.6
R4,20,0.25,24,7,0.7741935483870968,0.6153846153846154,0.6857142857142857,0.08,4,0.0,0.5,0.6499999999999999
R4,20,0.25,24,5,0.8275862068965517,0.6153846153846154,0.7058823529411765,0.08,4,0.0,0.6,0.6499999999999999
R4,20,0.25,24,4,0.8571428571428571,0.6153846153846154,0.7164179104477612,0.08,4,0.0,0.7,0.6499999999999999
R4,20,0.25,24,4,0.8571428571428571,0.6153846153846154,0.7164179104477612,0.08,4,0.0,0.8,0.6499999999999999
R4,20,0.25,24,4,0.8571428571428571,0.6153846153846154,0.7164179104477612,0.08,4,0.0,0.9,0.6499999999999999
R4,20,0.25,24,4,0.8571428571428571,0.6153846153846154,0.7164179104477612,0.08,4,0.0,1.0,0.6499999999999999
R4,20,0.25,24,7,0.7741935483870968,0.6153846153846154,0.6857142857142857,0.08,4,0.05,0.5,0.6499999999999999
R4,20,0.25,24,5,0.8275862068965517,0.6153846153846154,0.7058823529411765,0.08,4,0.05,0.6,0.6499999999999999
R4,20,0.25,24,4,0.8571428571428571,0.6153846153846154,0.7164179104477612,0.08,4,0.05,0.7,0.6499999999999999
R4,20,0.25,24,4,0.8571428571428571,0.6153846153846154,0.7164179104477612,0.08,4,0.05,0.8,0.6499999999999999
R4,20,0.25,24,4,0.8571428571428571,0.6153846153846154,0.7164179104477612,0.08,4,0.05,0.9,0.6499999999999999
R4,20,0.25,24,4,0.8571428571428571,0.6153846153846154,0.7164179104477612,0.08,4,0.05,1.0,0.6499999999999999
R4,20,0.25,24,7,0.7741935483870968,0.6153846153846154,0.6857142857142857,0.08,4,0.1,0.5,0.6499999999999999
R4,20,0.25,24,5,0.8275862068965517,0.6153846153846154,0.7058823529411765,0.08,4,0.1,0.6,0.6499999999999999
R4,20,0.25,24,4,0.8571428571428571,0.6153846153846154,0.7164179104477612,0.08,4,0.1,0.7,0.6499999999999999
R4,20,0.25,24,4,0.8571428571428571,0.6153846153846154,0.7164179104477612,0.08,4,0.1,0.8,0.6499999999999999
R4,20,0.25,24,4,0.8571428571428571,0.6153846153846154,0.7164179104477612,0.08,4,0.1,0.9,0.6499999999999999
R4,20,0.25,24,4,0.8571428571428571,0.6153846153846154,0.7164179104477612,0.08,4,0.1,1.0,0.6499999999999999
R4,20,0.25,20,6,0.7692307692307693,0.5128205128205128,0.6153846153846154,0.06666666666666667,4,0.0,0.5,0.7
R4,20,0.25,20,5,0.8,0.5128205128205128,0.625,0.06666666666666667,4,0.0,0.6,0.7
R4,20,0.25,20,4,0.8333333333333334,0.5128205128205128,0.6349206349206349,0.06666666666666667,4,0.0,0.7,0.7
R4,20,0.25,20,4,0.8333333333333334,0.5128205128205128,0.6349206349206349,0.06666666666666667,4,0.0,0.8,0.7
R4,20,0.25,20,4,0.8333333333333334,0.5128205128205128,0.6349206349206349,0.06666666666666667,4,0.0,0.9,0.7
R4,20,0.25,20,4,0.8333333333333334,0.5128205128205128,0.6349206349206349,0.06666666666666667,4,0.0,1.0,0.7
R4,20,0.25,20,6,0.7692307692307693,0.5128205128205128,0.6153846153846154,0.06666666666666667,4,0.05,0.5,0.7
R4,20,0.25,20,5,0.8,0.5128205128205128,0.625,0.06666666666666667,4,0.05,0.6,0.7
R4,20,0.25,20,4,0.8333333333333334,0.5128205128205128,0.6349206349206349,0.06666666666666667,4,0.05,0.7,0.7
R4,20,0.25,20,4,0.8333333333333334,0.5128205128205128,0.6349206349206349,0.06666666666666667,4,0.05,0.8,0.7
R4,20,0.25,20,4,0.8333333333333334,0.5128205128205128,0.6349206349206349,0.06666666666666667,4,0.05,0.9,0.7
R4,20,0.25,20,4,0.8333333333333334,0.5128205128205128,0.6349206349206349,0.06666666666666667,4,0.05,1.0,0.7
R4,20,0.25,20,6,0.7692307692307693,0.5128205128205128,0.6153846153846154,0.06666666666666667,4,0.1,0.5,0.7
R4,20,0.25,20,5,0.8,0.5128205128205128,0.625,0.06666666666666667,4,0.1,0.6,0.7
R4,20,0.25,20,4,0.8333333333333334,0.5128205128205128,0.6349206349206349,0.06666666666666667,4,0.1,0.7,0.7
R4,20,0.25,20,4,0.8333333333333334,0.5128205128205128,0.6349206349206349,0.06666666666666667,4,0.1,0.8,0.7
R4,20,0.25,20,4,0.8333333333333334,0.5128205128205128,0.6349206349206349,0.06666666666666667,4,0.1,0.9,0.7
R4,20,0.25,20,4,0.8333333333333334,0.5128205128205128,0.6349206349206349,0.06666666666666667,4,0.1,1.0,0.7
